sample_index,target_x_mm,target_y_mm,target_force_N,z_mm,travel_mm,actual_force_N,force_time_s,eit_time_s,eit_clipping,eit_0,eit_1,eit_2,eit_3,eit_4,eit_5,eit_6,eit_7,eit_8,eit_9,eit_10,eit_11,eit_12,eit_13,eit_14,eit_15,eit_16,eit_17,eit_18,eit_19,eit_20,eit_21,eit_22,eit_23,eit_24,eit_25,eit_26,eit_27,eit_28,eit_29,eit_30,eit_31,eit_32,eit_33,eit_34,eit_35,eit_36,eit_37,eit_38,eit_39,eit_40,eit_41,eit_42,eit_43,eit_44,eit_45,eit_46,eit_47,eit_48,eit_49,eit_50,eit_51,eit_52,eit_53,eit_54,eit_55,eit_56,eit_57,eit_58,eit_59,eit_60,eit_61,eit_62,eit_63,eit_64,eit_65,eit_66,eit_67,eit_68,eit_69,eit_70,eit_71,eit_72,eit_73,eit_74,eit_75,eit_76,eit_77,eit_78,eit_79,eit_80,eit_81,eit_82,eit_83,eit_84,eit_85,eit_86,eit_87,eit_88,eit_89,eit_90,eit_91,eit_92,eit_93,eit_94,eit_95,eit_96,eit_97,eit_98,eit_99,eit_100,eit_101,eit_102,eit_103,eit_104,eit_105,eit_106,eit_107,eit_108,eit_109,eit_110,eit_111,eit_112,eit_113,eit_114,eit_115,eit_116,eit_117,eit_118,eit_119,eit_120,eit_121,eit_122,eit_123,eit_124,eit_125,eit_126,eit_127,eit_128,eit_129,eit_130,eit_131,eit_132,eit_133,eit_134,eit_135,eit_136,eit_137,eit_138,eit_139,eit_140,eit_141,eit_142,eit_143,eit_144,eit_145,eit_146,eit_147,eit_148,eit_149,eit_150,eit_151,eit_152,eit_153,eit_154,eit_155,eit_156,eit_157,eit_158,eit_159,eit_160,eit_161,eit_162,eit_163,eit_164,eit_165,eit_166,eit_167,eit_168,eit_169,eit_170,eit_171,eit_172,eit_173,eit_174,eit_175,eit_176,eit_177,eit_178,eit_179,eit_180,eit_181,eit_182,eit_183,eit_184,eit_185,eit_186,eit_187,eit_188,eit_189,eit_190,eit_191,eit_192,eit_193,eit_194,eit_195,eit_196,eit_197,eit_198,eit_199,eit_200,eit_201,eit_202,eit_203,eit_204,eit_205,eit_206,eit_207
0,79.0,22.0,1.0,23,0.0,-0.0001,38.55073505400014,38.7742308629995,False,0.160300000000,0.155000000000,0.148700000000,0.141800000000,0.127200000000,0.124000000000,0.138600000000,0.150800000000,0.215500000000,0.222100000000,0.145800000000,0.147800000000,0.176100000000,0.154800000000,0.148400000000,0.141200000000,0.127400000000,0.123800000000,0.138200000000,0.149500000000,0.214200000000,0.222100000000,0.145900000000,0.147700000000,0.176200000000,0.170000000000,0.148600000000,0.141200000000,0.127000000000,0.123800000000,0.138500000000,0.149300000000,0.214200000000,0.222200000000,0.145900000000,0.147600000000,0.175800000000,0.170000000000,0.141400000000,0.141200000000,0.126800000000,0.123800000000,0.138300000000,0.149600000000,0.214300000000,0.222100000000,0.145900000000,0.147600000000,0.176000000000,0.169900000000,0.141500000000,0.147900000000,0.126800000000,0.123800000000,0.138400000000,0.149500000000,0.214200000000,0.222100000000,0.145800000000,0.147900000000,0.176100000000,0.170100000000,0.141400000000,0.148000000000,0.160500000000,0.123800000000,0.138200000000,0.148800000000,0.213500000000,0.222000000000,0.145800000000,0.147700000000,0.176100000000,0.169900000000,0.141500000000,0.147800000000,0.160600000000,0.154600000000,0.138200000000,0.148700000000,0.213600000000,0.222000000000,0.145800000000,0.147600000000,0.175900000000,0.170000000000,0.141500000000,0.147800000000,0.160500000000,0.154600000000,0.148200000000,0.148600000000,0.213400000000,0.222000000000,0.145800000000,0.147600000000,0.175900000000,0.170000000000,0.141400000000,0.147900000000,0.160500000000,0.154600000000,0.148300000000,0.140500000000,0.213800000000,0.222000000000,0.145700000000,0.147700000000,0.175900000000,0.170100000000,0.141600000000,0.147900000000,0.160500000000,0.154500000000,0.148200000000,0.140500000000,0.126300000000,0.222000000000,0.145700000000,0.147800000000,0.176000000000,0.169900000000,0.141500000000,0.147800000000,0.160400000000,0.154600000000,0.148300000000,0.140600000000,0.126300000000,0.123600000000,0.145800000000,0.147700000000,0.176000000000,0.170000000000,0.141500000000,0.147900000000,0.160400000000,0.154500000000,0.148200000000,0.140400000000,0.126200000000,0.123400000000,0.138000000000,0.147700000000,0.176000000000,0.170000000000,0.141500000000,0.147800000000,0.160400000000,0.154500000000,0.148100000000,0.140800000000,0.126400000000,0.123700000000,0.138100000000,0.152300000000,0.176200000000,0.170000000000,0.141500000000,0.147900000000,0.160500000000,0.154500000000,0.148200000000,0.140900000000,0.126600000000,0.123500000000,0.138100000000,0.150200000000,0.214600000000,0.170000000000,0.141500000000,0.147900000000,0.160400000000,0.155000000000,0.148600000000,0.141500000000,0.127600000000,0.123700000000,0.138300000000,0.155300000000,0.221100000000,0.222200000000,0.141400000000,0.147900000000,0.160600000000,0.154800000000,0.148600000000,0.141600000000,0.127100000000,0.124000000000,0.138400000000,0.149800000000,0.214700000000,0.221900000000,0.145800000000,0.147900000000,0.160500000000,0.154800000000,0.148500000000,0.141100000000,0.126900000000,0.123800000000,0.138000000000,0.149500000000,0.214500000000,0.222100000000,0.145700000000,0.148000000000
1,79.0,22.0,1.0,22.99,0.01,-0.018,49.09339553599966,49.37729511899943,False,0.160200000000,0.154200000000,0.147900000000,0.140300000000,0.126200000000,0.123500000000,0.136800000000,0.147300000000,0.213200000000,0.221600000000,0.145400000000,0.147900000000,0.176400000000,0.154100000000,0.147900000000,0.140200000000,0.126200000000,0.123300000000,0.136900000000,0.147500000000,0.213100000000,0.221600000000,0.145400000000,0.148000000000,0.176400000000,0.170100000000,0.147900000000,0.140200000000,0.126100000000,0.123500000000,0.136900000000,0.147300000000,0.213100000000,0.221600000000,0.145400000000,0.148000000000,0.176300000000,0.170100000000,0.141400000000,0.140200000000,0.126100000000,0.123400000000,0.136800000000,0.147200000000,0.213100000000,0.221600000000,0.145400000000,0.148000000000,0.176300000000,0.170100000000,0.141400000000,0.147700000000,0.126300000000,0.123500000000,0.136800000000,0.147300000000,0.213100000000,0.221700000000,0.145400000000,0.148000000000,0.176300000000,0.170100000000,0.141300000000,0.147700000000,0.160300000000,0.123400000000,0.137000000000,0.147300000000,0.213100000000,0.221700000000,0.145500000000,0.148000000000,0.176400000000,0.170100000000,0.141300000000,0.147700000000,0.160200000000,0.154100000000,0.136900000000,0.147400000000,0.213100000000,0.221600000000,0.145500000000,0.148000000000,0.176400000000,0.170100000000,0.141400000000,0.147800000000,0.160300000000,0.154200000000,0.147900000000,0.147300000000,0.213100000000,0.221600000000,0.145400000000,0.148100000000,0.176400000000,0.170100000000,0.141300000000,0.147700000000,0.160200000000,0.154100000000,0.147900000000,0.140400000000,0.213100000000,0.221600000000,0.145400000000,0.148000000000,0.176400000000,0.170100000000,0.141400000000,0.147800000000,0.160300000000,0.154100000000,0.147900000000,0.140500000000,0.126400000000,0.221600000000,0.145400000000,0.148000000000,0.176300000000,0.170100000000,0.141400000000,0.147600000000,0.160200000000,0.154200000000,0.147900000000,0.140400000000,0.126300000000,0.123300000000,0.145400000000,0.148000000000,0.176300000000,0.170100000000,0.141300000000,0.147800000000,0.160200000000,0.154100000000,0.147900000000,0.140400000000,0.126400000000,0.123400000000,0.136800000000,0.148100000000,0.176300000000,0.170000000000,0.141200000000,0.147700000000,0.160300000000,0.154200000000,0.147900000000,0.140400000000,0.126300000000,0.123400000000,0.136800000000,0.147300000000,0.176300000000,0.170100000000,0.141300000000,0.147800000000,0.160200000000,0.154200000000,0.147900000000,0.140500000000,0.126400000000,0.123400000000,0.136800000000,0.147300000000,0.213200000000,0.170100000000,0.141400000000,0.147700000000,0.160300000000,0.154100000000,0.147900000000,0.140500000000,0.126400000000,0.123300000000,0.136800000000,0.147300000000,0.213200000000,0.221600000000,0.141300000000,0.147800000000,0.160300000000,0.154200000000,0.147900000000,0.140500000000,0.126500000000,0.123300000000,0.136700000000,0.147300000000,0.213100000000,0.221600000000,0.145500000000,0.147900000000,0.160300000000,0.154100000000,0.147800000000,0.140500000000,0.126400000000,0.123500000000,0.136800000000,0.147400000000,0.213200000000,0.221700000000,0.145400000000,0.148100000000
2,79.0,22.0,1.0,22.979999999999997,0.02,-0.0003,49.59339775799981,49.809873055000025,False,0.160200000000,0.154000000000,0.147900000000,0.140200000000,0.126200000000,0.123600000000,0.136500000000,0.146900000000,0.213000000000,0.221600000000,0.145400000000,0.148100000000,0.176400000000,0.154100000000,0.147900000000,0.140200000000,0.126200000000,0.123500000000,0.136600000000,0.146800000000,0.213000000000,0.221600000000,0.145500000000,0.148000000000,0.176400000000,0.170100000000,0.147800000000,0.140200000000,0.126100000000,0.123400000000,0.136600000000,0.146800000000,0.213000000000,0.221500000000,0.145400000000,0.148000000000,0.176300000000,0.170100000000,0.141300000000,0.140100000000,0.126200000000,0.123500000000,0.136600000000,0.146800000000,0.213000000000,0.221700000000,0.145400000000,0.148100000000,0.176300000000,0.170000000000,0.141400000000,0.147700000000,0.126200000000,0.123400000000,0.136500000000,0.146800000000,0.213000000000,0.221600000000,0.145400000000,0.148000000000,0.176300000000,0.170100000000,0.141400000000,0.147800000000,0.160200000000,0.123400000000,0.136500000000,0.146700000000,0.213000000000,0.221600000000,0.145500000000,0.148000000000,0.176400000000,0.170100000000,0.141200000000,0.147800000000,0.160200000000,0.154100000000,0.136400000000,0.146800000000,0.212900000000,0.221700000000,0.145400000000,0.148100000000,0.176400000000,0.170000000000,0.141300000000,0.147700000000,0.160100000000,0.154100000000,0.147800000000,0.146600000000,0.213000000000,0.221600000000,0.145400000000,0.148100000000,0.176300000000,0.170000000000,0.141300000000,0.147700000000,0.160100000000,0.154100000000,0.147900000000,0.140200000000,0.213000000000,0.221600000000,0.145400000000,0.148000000000,0.176400000000,0.170100000000,0.141300000000,0.147700000000,0.160200000000,0.154100000000,0.147800000000,0.140300000000,0.126200000000,0.221600000000,0.145400000000,0.148000000000,0.176400000000,0.170100000000,0.141400000000,0.147800000000,0.160200000000,0.154100000000,0.147900000000,0.140200000000,0.126300000000,0.123300000000,0.145400000000,0.148000000000,0.176300000000,0.170100000000,0.141300000000,0.147700000000,0.160200000000,0.154200000000,0.147900000000,0.140300000000,0.126400000000,0.123400000000,0.136400000000,0.148100000000,0.176400000000,0.170000000000,0.141300000000,0.147800000000,0.160200000000,0.154100000000,0.147900000000,0.140300000000,0.126100000000,0.123400000000,0.136400000000,0.146600000000,0.176300000000,0.170100000000,0.141300000000,0.147700000000,0.160200000000,0.154100000000,0.147900000000,0.140400000000,0.126200000000,0.123500000000,0.136300000000,0.146700000000,0.213000000000,0.170000000000,0.141300000000,0.147700000000,0.160200000000,0.154100000000,0.147800000000,0.140400000000,0.126300000000,0.123600000000,0.136300000000,0.146600000000,0.213000000000,0.221600000000,0.141300000000,0.147700000000,0.160200000000,0.154100000000,0.147800000000,0.140300000000,0.126300000000,0.123500000000,0.136300000000,0.146700000000,0.212900000000,0.221700000000,0.145500000000,0.147700000000,0.160200000000,0.154000000000,0.147800000000,0.140300000000,0.126400000000,0.123400000000,0.136400000000,0.146700000000,0.213100000000,0.221600000000,0.145400000000,0.148100000000
3,79.0,22.0,1.0,22.969999999999995,0.03,-0.0008,50.096873307999886,50.24144522899951,False,0.160300000000,0.154100000000,0.147800000000,0.140400000000,0.126300000000,0.123600000000,0.136200000000,0.146700000000,0.213000000000,0.221600000000,0.145400000000,0.148000000000,0.176300000000,0.154100000000,0.147900000000,0.140300000000,0.126300000000,0.123500000000,0.136200000000,0.146600000000,0.213000000000,0.221600000000,0.145400000000,0.148000000000,0.176400000000,0.170100000000,0.147900000000,0.140300000000,0.126400000000,0.123400000000,0.136200000000,0.146600000000,0.213000000000,0.221600000000,0.145300000000,0.148000000000,0.176300000000,0.170100000000,0.141400000000,0.140200000000,0.126200000000,0.123400000000,0.136200000000,0.146500000000,0.213000000000,0.221500000000,0.145400000000,0.148000000000,0.176400000000,0.170100000000,0.141300000000,0.147800000000,0.126200000000,0.123400000000,0.136200000000,0.146500000000,0.213000000000,0.221500000000,0.145400000000,0.148000000000,0.176300000000,0.170100000000,0.141300000000,0.147700000000,0.160200000000,0.123500000000,0.136000000000,0.146600000000,0.213100000000,0.221500000000,0.145400000000,0.147900000000,0.176300000000,0.170100000000,0.141300000000,0.147800000000,0.160200000000,0.154100000000,0.136200000000,0.146600000000,0.213000000000,0.221500000000,0.145400000000,0.147900000000,0.176300000000,0.170000000000,0.141300000000,0.147700000000,0.160200000000,0.154100000000,0.147800000000,0.146600000000,0.213100000000,0.221600000000,0.145400000000,0.148000000000,0.176300000000,0.170100000000,0.141300000000,0.147700000000,0.160200000000,0.154200000000,0.147800000000,0.140400000000,0.213000000000,0.221600000000,0.145500000000,0.148000000000,0.176300000000,0.170100000000,0.141300000000,0.147700000000,0.160200000000,0.154100000000,0.147900000000,0.140500000000,0.126400000000,0.221600000000,0.145400000000,0.148000000000,0.176300000000,0.170000000000,0.141300000000,0.147700000000,0.160200000000,0.154100000000,0.147900000000,0.140400000000,0.126400000000,0.123400000000,0.145400000000,0.148000000000,0.176300000000,0.170100000000,0.141300000000,0.147800000000,0.160200000000,0.154100000000,0.147800000000,0.140400000000,0.126400000000,0.123400000000,0.136200000000,0.148100000000,0.176400000000,0.170100000000,0.141300000000,0.147800000000,0.160200000000,0.154100000000,0.147700000000,0.140500000000,0.126400000000,0.123300000000,0.136100000000,0.146600000000,0.176300000000,0.170100000000,0.141400000000,0.147700000000,0.160200000000,0.154100000000,0.147800000000,0.140400000000,0.126400000000,0.123400000000,0.136100000000,0.146600000000,0.213000000000,0.170100000000,0.141200000000,0.147700000000,0.160200000000,0.154100000000,0.147800000000,0.140500000000,0.126300000000,0.123300000000,0.136100000000,0.146600000000,0.213100000000,0.221600000000,0.141300000000,0.147600000000,0.160200000000,0.154100000000,0.147800000000,0.140400000000,0.126100000000,0.123400000000,0.136100000000,0.146600000000,0.213000000000,0.221600000000,0.145400000000,0.147700000000,0.160200000000,0.154000000000,0.147800000000,0.140200000000,0.126200000000,0.123200000000,0.136100000000,0.146600000000,0.213200000000,0.221600000000,0.145500000000,0.147900000000
4,79.0,22.0,1.0,22.959999999999994,0.04,-0.0006,50.596908591999636,50.675629168999876,False,0.160200000000,0.154000000000,0.147800000000,0.140100000000,0.126100000000,0.123400000000,0.136100000000,0.146500000000,0.213000000000,0.221600000000,0.145400000000,0.147900000000,0.176400000000,0.154100000000,0.147800000000,0.140000000000,0.126100000000,0.123300000000,0.136100000000,0.146500000000,0.213000000000,0.221500000000,0.145400000000,0.148000000000,0.176400000000,0.170100000000,0.147700000000,0.140100000000,0.126100000000,0.123500000000,0.136100000000,0.146500000000,0.213000000000,0.221600000000,0.145400000000,0.148000000000,0.176400000000,0.170100000000,0.141300000000,0.140100000000,0.126100000000,0.123500000000,0.136100000000,0.146500000000,0.213200000000,0.221600000000,0.145400000000,0.148000000000,0.176400000000,0.170200000000,0.141300000000,0.147700000000,0.126300000000,0.123400000000,0.136000000000,0.146400000000,0.213100000000,0.221700000000,0.145400000000,0.148000000000,0.176500000000,0.170100000000,0.141300000000,0.147700000000,0.160100000000,0.123400000000,0.136000000000,0.146500000000,0.213100000000,0.221600000000,0.145400000000,0.148000000000,0.176400000000,0.170100000000,0.141300000000,0.147700000000,0.160200000000,0.154100000000,0.136100000000,0.146500000000,0.213100000000,0.221600000000,0.145400000000,0.148100000000,0.176300000000,0.170100000000,0.141200000000,0.147800000000,0.160200000000,0.154100000000,0.147800000000,0.146500000000,0.213100000000,0.221600000000,0.145400000000,0.148000000000,0.176400000000,0.170000000000,0.141300000000,0.147700000000,0.160200000000,0.154200000000,0.147800000000,0.140100000000,0.213000000000,0.221600000000,0.145500000000,0.148000000000,0.176300000000,0.170000000000,0.141200000000,0.147700000000,0.160200000000,0.154100000000,0.147900000000,0.139900000000,0.126100000000,0.221500000000,0.145400000000,0.148000000000,0.176400000000,0.170100000000,0.141200000000,0.147700000000,0.160200000000,0.154100000000,0.147800000000,0.140200000000,0.126200000000,0.123500000000,0.145400000000,0.148100000000,0.176400000000,0.170100000000,0.141300000000,0.147700000000,0.160200000000,0.154100000000,0.147800000000,0.140100000000,0.126100000000,0.123300000000,0.136000000000,0.148000000000,0.176400000000,0.170100000000,0.141300000000,0.147600000000,0.160100000000,0.154100000000,0.147900000000,0.140100000000,0.126100000000,0.123400000000,0.136000000000,0.146400000000,0.176500000000,0.170100000000,0.141300000000,0.147700000000,0.160100000000,0.154100000000,0.147800000000,0.140100000000,0.126200000000,0.123400000000,0.135900000000,0.146400000000,0.213000000000,0.170100000000,0.141300000000,0.147800000000,0.160200000000,0.154200000000,0.148000000000,0.140100000000,0.126200000000,0.123500000000,0.136000000000,0.146500000000,0.212900000000,0.221600000000,0.141300000000,0.147600000000,0.160300000000,0.154100000000,0.147900000000,0.140200000000,0.126100000000,0.123400000000,0.136100000000,0.146400000000,0.213000000000,0.221600000000,0.145400000000,0.147800000000,0.160200000000,0.154100000000,0.147900000000,0.140100000000,0.126200000000,0.123400000000,0.136000000000,0.146300000000,0.213000000000,0.221600000000,0.145400000000,0.148000000000
5,79.0,22.0,1.0,22.949999999999992,0.05,-0.0008,51.10035172100015,51.32325366799978,False,0.160200000000,0.154100000000,0.147800000000,0.140200000000,0.126200000000,0.123300000000,0.135800000000,0.146100000000,0.212900000000,0.221600000000,0.145500000000,0.148100000000,0.176400000000,0.154100000000,0.147900000000,0.140200000000,0.126100000000,0.123300000000,0.135700000000,0.146100000000,0.212900000000,0.221600000000,0.145400000000,0.148000000000,0.176400000000,0.170000000000,0.147800000000,0.140200000000,0.126200000000,0.123300000000,0.135700000000,0.146100000000,0.212800000000,0.221600000000,0.145400000000,0.148000000000,0.176400000000,0.170100000000,0.141400000000,0.140200000000,0.126100000000,0.123200000000,0.135700000000,0.146000000000,0.212800000000,0.221600000000,0.145400000000,0.148000000000,0.176400000000,0.170100000000,0.141400000000,0.147800000000,0.126000000000,0.123400000000,0.135800000000,0.146100000000,0.212900000000,0.221700000000,0.145400000000,0.148000000000,0.176300000000,0.170100000000,0.141300000000,0.147800000000,0.160200000000,0.123400000000,0.135800000000,0.146100000000,0.212800000000,0.221600000000,0.145400000000,0.148000000000,0.176400000000,0.170200000000,0.141300000000,0.147800000000,0.160100000000,0.154200000000,0.135700000000,0.146000000000,0.212900000000,0.221600000000,0.145400000000,0.148100000000,0.176400000000,0.170000000000,0.141300000000,0.147800000000,0.160200000000,0.154100000000,0.147800000000,0.146100000000,0.212800000000,0.221600000000,0.145300000000,0.148000000000,0.176300000000,0.170100000000,0.141300000000,0.147700000000,0.160200000000,0.154100000000,0.147800000000,0.140100000000,0.212900000000,0.221500000000,0.145400000000,0.148000000000,0.176500000000,0.170100000000,0.141400000000,0.147700000000,0.160200000000,0.154000000000,0.147900000000,0.140200000000,0.126000000000,0.221600000000,0.145400000000,0.148000000000,0.176300000000,0.170100000000,0.141400000000,0.147700000000,0.160200000000,0.154000000000,0.147800000000,0.140200000000,0.126200000000,0.123300000000,0.145400000000,0.148000000000,0.176300000000,0.170100000000,0.141300000000,0.147800000000,0.160200000000,0.154100000000,0.147800000000,0.140200000000,0.126200000000,0.123300000000,0.135700000000,0.148000000000,0.176400000000,0.170000000000,0.141300000000,0.147700000000,0.160200000000,0.154100000000,0.147800000000,0.140100000000,0.126100000000,0.123300000000,0.135700000000,0.146000000000,0.176400000000,0.170100000000,0.141300000000,0.147800000000,0.160100000000,0.154000000000,0.147800000000,0.140200000000,0.126100000000,0.123300000000,0.135700000000,0.146000000000,0.212900000000,0.170000000000,0.141200000000,0.147800000000,0.160200000000,0.154100000000,0.147900000000,0.140200000000,0.126100000000,0.123300000000,0.135700000000,0.146000000000,0.212900000000,0.221500000000,0.141300000000,0.147900000000,0.160200000000,0.154100000000,0.147700000000,0.140100000000,0.126100000000,0.123400000000,0.135700000000,0.146100000000,0.212900000000,0.221600000000,0.145400000000,0.147700000000,0.160100000000,0.154000000000,0.147800000000,0.140100000000,0.126100000000,0.123300000000,0.135800000000,0.146000000000,0.212900000000,0.221500000000,0.145400000000,0.148000000000
6,79.0,22.0,1.0,22.93999999999999,0.060000000000000005,-0.0007,51.60043443399991,51.75625945399952,False,0.160200000000,0.154100000000,0.147900000000,0.140200000000,0.126100000000,0.123200000000,0.135700000000,0.146000000000,0.212900000000,0.221600000000,0.145300000000,0.148000000000,0.176300000000,0.154100000000,0.147700000000,0.140100000000,0.126300000000,0.123200000000,0.135700000000,0.146100000000,0.213000000000,0.221600000000,0.145400000000,0.148000000000,0.176400000000,0.170100000000,0.147900000000,0.140000000000,0.126200000000,0.123300000000,0.135600000000,0.146100000000,0.212900000000,0.221700000000,0.145400000000,0.148000000000,0.176400000000,0.170000000000,0.141400000000,0.140100000000,0.126100000000,0.123300000000,0.135700000000,0.146100000000,0.212900000000,0.221600000000,0.145400000000,0.148000000000,0.176400000000,0.170000000000,0.141400000000,0.147800000000,0.126000000000,0.123200000000,0.135600000000,0.146000000000,0.212900000000,0.221500000000,0.145400000000,0.147900000000,0.176400000000,0.170000000000,0.141400000000,0.147700000000,0.160100000000,0.123200000000,0.135500000000,0.146100000000,0.212900000000,0.221600000000,0.145400000000,0.148000000000,0.176400000000,0.170100000000,0.141200000000,0.147900000000,0.160100000000,0.154100000000,0.135600000000,0.146000000000,0.213000000000,0.221600000000,0.145500000000,0.148000000000,0.176300000000,0.170100000000,0.141400000000,0.147800000000,0.160100000000,0.154100000000,0.147900000000,0.146000000000,0.213000000000,0.221600000000,0.145500000000,0.148000000000,0.176300000000,0.170100000000,0.141400000000,0.147700000000,0.160100000000,0.154100000000,0.147700000000,0.140000000000,0.212900000000,0.221500000000,0.145400000000,0.148000000000,0.176300000000,0.170200000000,0.141400000000,0.147800000000,0.160200000000,0.154100000000,0.147700000000,0.140000000000,0.126100000000,0.221500000000,0.145400000000,0.148000000000,0.176300000000,0.170100000000,0.141400000000,0.147800000000,0.160200000000,0.154000000000,0.147800000000,0.140000000000,0.126100000000,0.123300000000,0.145300000000,0.148000000000,0.176400000000,0.170100000000,0.141300000000,0.147800000000,0.160100000000,0.154100000000,0.147800000000,0.140100000000,0.126000000000,0.123300000000,0.135600000000,0.148000000000,0.176300000000,0.170000000000,0.141500000000,0.147900000000,0.160100000000,0.154100000000,0.147800000000,0.140000000000,0.126000000000,0.123300000000,0.135700000000,0.146100000000,0.176400000000,0.170100000000,0.141400000000,0.147800000000,0.160200000000,0.154100000000,0.147800000000,0.140100000000,0.126100000000,0.123300000000,0.135700000000,0.146100000000,0.213000000000,0.170100000000,0.141400000000,0.147700000000,0.160200000000,0.154000000000,0.147800000000,0.140000000000,0.126100000000,0.123300000000,0.135600000000,0.146100000000,0.213000000000,0.221600000000,0.141400000000,0.147700000000,0.160200000000,0.154100000000,0.147800000000,0.140100000000,0.126200000000,0.123400000000,0.135600000000,0.146100000000,0.213000000000,0.221600000000,0.145400000000,0.147800000000,0.160100000000,0.154100000000,0.147800000000,0.140000000000,0.126100000000,0.123300000000,0.135700000000,0.146100000000,0.213000000000,0.221600000000,0.145400000000,0.148000000000
7,79.0,22.0,1.0,22.92999999999999,0.07,-0.0006,52.10385355800008,52.18968434399994,False,0.160100000000,0.154000000000,0.147800000000,0.140200000000,0.126300000000,0.123400000000,0.135800000000,0.146100000000,0.213100000000,0.221600000000,0.145400000000,0.148000000000,0.176300000000,0.154100000000,0.147800000000,0.140300000000,0.126300000000,0.123500000000,0.135700000000,0.146100000000,0.212900000000,0.221500000000,0.145400000000,0.147900000000,0.176300000000,0.170000000000,0.147800000000,0.140200000000,0.126300000000,0.123400000000,0.135700000000,0.146100000000,0.212900000000,0.221600000000,0.145300000000,0.148000000000,0.176400000000,0.170000000000,0.141300000000,0.140200000000,0.126200000000,0.123400000000,0.135600000000,0.146100000000,0.212900000000,0.221600000000,0.145300000000,0.148000000000,0.176400000000,0.170000000000,0.141400000000,0.147800000000,0.126400000000,0.123300000000,0.135700000000,0.146000000000,0.212900000000,0.221600000000,0.145400000000,0.148000000000,0.176500000000,0.170000000000,0.141400000000,0.147800000000,0.160100000000,0.123300000000,0.135700000000,0.146000000000,0.213000000000,0.221600000000,0.145400000000,0.148100000000,0.176300000000,0.170000000000,0.141400000000,0.147700000000,0.160100000000,0.154000000000,0.135700000000,0.146000000000,0.212900000000,0.221600000000,0.145400000000,0.148000000000,0.176400000000,0.170100000000,0.141200000000,0.147800000000,0.160200000000,0.154100000000,0.147700000000,0.146100000000,0.212900000000,0.221600000000,0.145400000000,0.148000000000,0.176400000000,0.170100000000,0.141300000000,0.147800000000,0.160100000000,0.154100000000,0.147800000000,0.140300000000,0.212900000000,0.221500000000,0.145400000000,0.148000000000,0.176300000000,0.170000000000,0.141400000000,0.147800000000,0.160200000000,0.154100000000,0.147800000000,0.140400000000,0.126300000000,0.221500000000,0.145400000000,0.148000000000,0.176300000000,0.170000000000,0.141300000000,0.147900000000,0.160100000000,0.154000000000,0.147800000000,0.140400000000,0.126500000000,0.123500000000,0.145400000000,0.147900000000,0.176400000000,0.170000000000,0.141300000000,0.147800000000,0.160100000000,0.154100000000,0.147800000000,0.140400000000,0.126300000000,0.123500000000,0.135800000000,0.147900000000,0.176300000000,0.170100000000,0.141300000000,0.147800000000,0.160100000000,0.154100000000,0.147800000000,0.140400000000,0.126400000000,0.123400000000,0.135700000000,0.146100000000,0.176300000000,0.169900000000,0.141300000000,0.147800000000,0.160200000000,0.154100000000,0.147700000000,0.140400000000,0.126400000000,0.123500000000,0.135800000000,0.146000000000,0.212900000000,0.170100000000,0.141400000000,0.147800000000,0.160200000000,0.154000000000,0.147800000000,0.140400000000,0.126400000000,0.123400000000,0.135800000000,0.146000000000,0.213000000000,0.221600000000,0.141400000000,0.147800000000,0.160200000000,0.154000000000,0.147800000000,0.140400000000,0.126500000000,0.123400000000,0.135800000000,0.146000000000,0.213000000000,0.221600000000,0.145300000000,0.147900000000,0.160200000000,0.154100000000,0.147800000000,0.140400000000,0.126500000000,0.123300000000,0.135800000000,0.146000000000,0.212900000000,0.221600000000,0.145500000000,0.148000000000
8,79.0,22.0,1.0,22.919999999999987,0.08,-0.0002,52.60855979899952,52.83794274899992,False,0.160100000000,0.153900000000,0.147700000000,0.140300000000,0.126300000000,0.123100000000,0.135500000000,0.145800000000,0.213000000000,0.221600000000,0.145400000000,0.148000000000,0.176400000000,0.154000000000,0.147700000000,0.140200000000,0.126400000000,0.123300000000,0.135500000000,0.145900000000,0.212900000000,0.221600000000,0.145400000000,0.148000000000,0.176300000000,0.170100000000,0.147800000000,0.140200000000,0.126300000000,0.123100000000,0.135500000000,0.146000000000,0.213000000000,0.221600000000,0.145400000000,0.148000000000,0.176300000000,0.170100000000,0.141500000000,0.140200000000,0.126300000000,0.123200000000,0.135400000000,0.145900000000,0.213000000000,0.221500000000,0.145300000000,0.148000000000,0.176300000000,0.170000000000,0.141400000000,0.147800000000,0.126300000000,0.123100000000,0.135500000000,0.146100000000,0.212900000000,0.221600000000,0.145400000000,0.148000000000,0.176300000000,0.170000000000,0.141500000000,0.147800000000,0.160100000000,0.123100000000,0.135500000000,0.145900000000,0.213000000000,0.221500000000,0.145400000000,0.148000000000,0.176300000000,0.170100000000,0.141400000000,0.147800000000,0.160100000000,0.154000000000,0.135400000000,0.146000000000,0.213000000000,0.221600000000,0.145400000000,0.148000000000,0.176300000000,0.170100000000,0.141400000000,0.147800000000,0.160100000000,0.154000000000,0.147800000000,0.145900000000,0.213000000000,0.221600000000,0.145500000000,0.148000000000,0.176400000000,0.170100000000,0.141400000000,0.147700000000,0.160100000000,0.153900000000,0.147700000000,0.140300000000,0.213000000000,0.221600000000,0.145400000000,0.148000000000,0.176400000000,0.170100000000,0.141500000000,0.147900000000,0.160100000000,0.154100000000,0.147900000000,0.140400000000,0.126400000000,0.221500000000,0.145400000000,0.148000000000,0.176300000000,0.170000000000,0.141400000000,0.147800000000,0.160000000000,0.154100000000,0.147800000000,0.140200000000,0.126100000000,0.123200000000,0.145400000000,0.148000000000,0.176300000000,0.170000000000,0.141300000000,0.147800000000,0.160200000000,0.154000000000,0.147800000000,0.140200000000,0.126300000000,0.123400000000,0.135600000000,0.148000000000,0.176400000000,0.170200000000,0.141400000000,0.147800000000,0.160200000000,0.154000000000,0.147800000000,0.140200000000,0.126100000000,0.123300000000,0.135500000000,0.146000000000,0.176400000000,0.170100000000,0.141300000000,0.147900000000,0.160100000000,0.154000000000,0.147900000000,0.140100000000,0.126200000000,0.123100000000,0.135500000000,0.146000000000,0.213000000000,0.170100000000,0.141400000000,0.147800000000,0.160100000000,0.154000000000,0.147800000000,0.140200000000,0.126200000000,0.123300000000,0.135600000000,0.146000000000,0.213100000000,0.221700000000,0.141400000000,0.147800000000,0.160100000000,0.154100000000,0.147800000000,0.140100000000,0.126100000000,0.123300000000,0.135500000000,0.146000000000,0.213000000000,0.221700000000,0.145400000000,0.147900000000,0.160100000000,0.153900000000,0.147800000000,0.140200000000,0.126100000000,0.123300000000,0.135500000000,0.146000000000,0.213100000000,0.221700000000,0.145400000000,0.148000000000
9,79.0,22.0,1.0,22.909999999999986,0.09,-0.0004,53.10730691400022,53.271446185999594,False,0.160100000000,0.154000000000,0.147700000000,0.140100000000,0.126300000000,0.123200000000,0.135300000000,0.145900000000,0.213000000000,0.221600000000,0.145400000000,0.148000000000,0.176300000000,0.154000000000,0.147700000000,0.140100000000,0.126300000000,0.123300000000,0.135300000000,0.146000000000,0.213100000000,0.221600000000,0.145400000000,0.148000000000,0.176300000000,0.170100000000,0.147700000000,0.140000000000,0.126100000000,0.123300000000,0.135300000000,0.145900000000,0.213000000000,0.221600000000,0.145400000000,0.148000000000,0.176300000000,0.170100000000,0.141400000000,0.140200000000,0.126200000000,0.123300000000,0.135300000000,0.146000000000,0.213100000000,0.221600000000,0.145400000000,0.148000000000,0.176300000000,0.170100000000,0.141500000000,0.147900000000,0.126100000000,0.123200000000,0.135400000000,0.146000000000,0.213200000000,0.221600000000,0.145400000000,0.148000000000,0.176300000000,0.170100000000,0.141300000000,0.147800000000,0.160100000000,0.123300000000,0.135400000000,0.145900000000,0.213100000000,0.221600000000,0.145400000000,0.148000000000,0.176400000000,0.170100000000,0.141400000000,0.147800000000,0.160200000000,0.154000000000,0.135400000000,0.145900000000,0.213100000000,0.221600000000,0.145400000000,0.148100000000,0.176400000000,0.170100000000,0.141400000000,0.147900000000,0.160100000000,0.154000000000,0.147800000000,0.146000000000,0.213100000000,0.221700000000,0.145400000000,0.148000000000,0.176500000000,0.170100000000,0.141300000000,0.147700000000,0.160100000000,0.154000000000,0.147900000000,0.140100000000,0.213200000000,0.221800000000,0.145400000000,0.148100000000,0.176400000000,0.170100000000,0.141400000000,0.147800000000,0.160000000000,0.154000000000,0.147700000000,0.140100000000,0.126000000000,0.221700000000,0.145400000000,0.148100000000,0.176300000000,0.170100000000,0.141400000000,0.147900000000,0.160100000000,0.154100000000,0.147800000000,0.140100000000,0.126200000000,0.123300000000,0.145500000000,0.148100000000,0.176400000000,0.170100000000,0.141400000000,0.147800000000,0.160000000000,0.154000000000,0.147700000000,0.140200000000,0.126100000000,0.123300000000,0.135500000000,0.148100000000,0.176400000000,0.170100000000,0.141400000000,0.147900000000,0.160100000000,0.154100000000,0.147700000000,0.140200000000,0.126200000000,0.123300000000,0.135500000000,0.146000000000,0.176400000000,0.170000000000,0.141400000000,0.147900000000,0.160100000000,0.154000000000,0.147700000000,0.140200000000,0.126100000000,0.123300000000,0.135500000000,0.146000000000,0.213200000000,0.170100000000,0.141500000000,0.147700000000,0.160100000000,0.154000000000,0.147800000000,0.140100000000,0.126000000000,0.123300000000,0.135500000000,0.146100000000,0.213200000000,0.221700000000,0.141400000000,0.147900000000,0.160100000000,0.154000000000,0.147800000000,0.140100000000,0.126100000000,0.123400000000,0.135400000000,0.146000000000,0.213200000000,0.221600000000,0.145300000000,0.147800000000,0.160100000000,0.154100000000,0.147800000000,0.140000000000,0.126100000000,0.123300000000,0.135400000000,0.146100000000,0.213100000000,0.221700000000,0.145500000000,0.148100000000
10,79.0,22.0,1.0,22.899999999999984,0.09999999999999999,-0.0007,53.61172620900015,53.705671011999584,False,0.160100000000,0.154100000000,0.148000000000,0.140100000000,0.126000000000,0.123300000000,0.135300000000,0.146000000000,0.213200000000,0.221600000000,0.145300000000,0.148000000000,0.176400000000,0.154100000000,0.147800000000,0.140100000000,0.126000000000,0.123200000000,0.135400000000,0.146000000000,0.213100000000,0.221600000000,0.145400000000,0.148100000000,0.176500000000,0.170100000000,0.147800000000,0.140100000000,0.126200000000,0.123300000000,0.135300000000,0.146000000000,0.213100000000,0.221600000000,0.145500000000,0.148000000000,0.176500000000,0.170000000000,0.141500000000,0.140100000000,0.126100000000,0.123300000000,0.135300000000,0.145900000000,0.213100000000,0.221600000000,0.145400000000,0.148000000000,0.176500000000,0.170100000000,0.141400000000,0.147800000000,0.126000000000,0.123200000000,0.135300000000,0.146000000000,0.213100000000,0.221700000000,0.145400000000,0.148000000000,0.176400000000,0.170100000000,0.141500000000,0.147800000000,0.160100000000,0.123200000000,0.135300000000,0.146000000000,0.213100000000,0.221600000000,0.145400000000,0.148100000000,0.176400000000,0.170100000000,0.141400000000,0.147900000000,0.160000000000,0.154000000000,0.135300000000,0.145900000000,0.213100000000,0.221600000000,0.145400000000,0.148100000000,0.176400000000,0.170000000000,0.141400000000,0.147900000000,0.160000000000,0.154000000000,0.147900000000,0.145800000000,0.213100000000,0.221600000000,0.145400000000,0.148100000000,0.176300000000,0.170100000000,0.141300000000,0.147800000000,0.160000000000,0.154000000000,0.147700000000,0.140100000000,0.213000000000,0.221600000000,0.145300000000,0.148100000000,0.176300000000,0.170000000000,0.141400000000,0.147800000000,0.160100000000,0.154000000000,0.148000000000,0.140000000000,0.126100000000,0.221600000000,0.145400000000,0.148100000000,0.176500000000,0.170100000000,0.141400000000,0.147800000000,0.160000000000,0.154000000000,0.147800000000,0.140000000000,0.126100000000,0.123300000000,0.145400000000,0.148100000000,0.176400000000,0.170000000000,0.141400000000,0.147800000000,0.160100000000,0.153900000000,0.147800000000,0.140100000000,0.126000000000,0.123200000000,0.135400000000,0.148100000000,0.176400000000,0.170000000000,0.141500000000,0.147900000000,0.160100000000,0.154000000000,0.147800000000,0.140100000000,0.126100000000,0.123200000000,0.135400000000,0.145900000000,0.176500000000,0.170100000000,0.141400000000,0.147800000000,0.160000000000,0.153900000000,0.147900000000,0.140000000000,0.126100000000,0.123300000000,0.135300000000,0.145900000000,0.213100000000,0.170100000000,0.141500000000,0.147800000000,0.160000000000,0.153900000000,0.147800000000,0.140100000000,0.126100000000,0.123200000000,0.135300000000,0.146000000000,0.213100000000,0.221600000000,0.141300000000,0.147900000000,0.160100000000,0.154000000000,0.147800000000,0.140100000000,0.126100000000,0.123300000000,0.135300000000,0.145900000000,0.213000000000,0.221600000000,0.145500000000,0.147900000000,0.160100000000,0.153900000000,0.147800000000,0.140100000000,0.126100000000,0.123200000000,0.135300000000,0.145900000000,0.213000000000,0.221600000000,0.145400000000,0.148100000000
11,79.0,22.0,1.0,22.889999999999983,0.10999999999999999,-0.0005,54.11075687399989,54.352744922000056,False,0.160100000000,0.153800000000,0.147800000000,0.140000000000,0.126000000000,0.123200000000,0.135400000000,0.145700000000,0.213100000000,0.221600000000,0.145400000000,0.148000000000,0.176500000000,0.154000000000,0.147700000000,0.140000000000,0.126000000000,0.123300000000,0.135400000000,0.145800000000,0.213000000000,0.221700000000,0.145400000000,0.148000000000,0.176400000000,0.170100000000,0.147700000000,0.139900000000,0.126000000000,0.123300000000,0.135300000000,0.145700000000,0.213000000000,0.221600000000,0.145300000000,0.148100000000,0.176400000000,0.170100000000,0.141400000000,0.139900000000,0.126000000000,0.123300000000,0.135300000000,0.145800000000,0.213000000000,0.221700000000,0.145400000000,0.148000000000,0.176400000000,0.170100000000,0.141500000000,0.147800000000,0.125900000000,0.123200000000,0.135300000000,0.145700000000,0.213000000000,0.221600000000,0.145400000000,0.148100000000,0.176500000000,0.170000000000,0.141500000000,0.147800000000,0.160000000000,0.123200000000,0.135300000000,0.145700000000,0.213000000000,0.221600000000,0.145300000000,0.148100000000,0.176400000000,0.170100000000,0.141500000000,0.147900000000,0.159900000000,0.153900000000,0.135200000000,0.145800000000,0.213000000000,0.221600000000,0.145400000000,0.148000000000,0.176400000000,0.170100000000,0.141500000000,0.148000000000,0.160000000000,0.153900000000,0.147700000000,0.145700000000,0.212900000000,0.221600000000,0.145400000000,0.148000000000,0.176300000000,0.170000000000,0.141500000000,0.147900000000,0.160000000000,0.154000000000,0.147900000000,0.140000000000,0.213000000000,0.221700000000,0.145500000000,0.148000000000,0.176400000000,0.170100000000,0.141500000000,0.147900000000,0.160100000000,0.153900000000,0.147800000000,0.139900000000,0.126000000000,0.221600000000,0.145300000000,0.148000000000,0.176400000000,0.170100000000,0.141400000000,0.147800000000,0.160100000000,0.153900000000,0.147900000000,0.139900000000,0.126000000000,0.123300000000,0.145400000000,0.148000000000,0.176400000000,0.170100000000,0.141500000000,0.148000000000,0.160000000000,0.153900000000,0.147700000000,0.139900000000,0.125900000000,0.123200000000,0.135200000000,0.148000000000,0.176400000000,0.170100000000,0.141500000000,0.147800000000,0.160000000000,0.153900000000,0.147800000000,0.140000000000,0.126100000000,0.123200000000,0.135200000000,0.145800000000,0.176400000000,0.170100000000,0.141400000000,0.147800000000,0.160000000000,0.153800000000,0.147900000000,0.139900000000,0.125900000000,0.123200000000,0.135200000000,0.145700000000,0.213000000000,0.170000000000,0.141400000000,0.147800000000,0.160000000000,0.153800000000,0.147800000000,0.140000000000,0.125900000000,0.123200000000,0.135200000000,0.145700000000,0.213000000000,0.221600000000,0.141500000000,0.147900000000,0.160000000000,0.153900000000,0.147800000000,0.139900000000,0.126000000000,0.123300000000,0.135200000000,0.145800000000,0.213100000000,0.221600000000,0.145400000000,0.147900000000,0.160100000000,0.153900000000,0.147800000000,0.140000000000,0.125900000000,0.123200000000,0.135300000000,0.145800000000,0.213000000000,0.221600000000,0.145400000000,0.148000000000
12,79.0,22.0,1.0,22.87999999999998,0.11999999999999998,-0.0006,54.61523392700019,54.78625973899943,False,0.160000000000,0.153900000000,0.147800000000,0.140000000000,0.126000000000,0.123200000000,0.135200000000,0.145800000000,0.213100000000,0.221600000000,0.145400000000,0.147900000000,0.176300000000,0.153800000000,0.147800000000,0.140000000000,0.126100000000,0.123300000000,0.135300000000,0.145700000000,0.213000000000,0.221600000000,0.145400000000,0.148100000000,0.176400000000,0.170000000000,0.147900000000,0.140000000000,0.126000000000,0.123300000000,0.135300000000,0.145800000000,0.213100000000,0.221700000000,0.145400000000,0.148000000000,0.176300000000,0.170100000000,0.141500000000,0.140000000000,0.126000000000,0.123300000000,0.135300000000,0.145700000000,0.213100000000,0.221600000000,0.145400000000,0.148000000000,0.176400000000,0.170000000000,0.141600000000,0.147900000000,0.126100000000,0.123300000000,0.135200000000,0.145600000000,0.213100000000,0.221700000000,0.145400000000,0.148000000000,0.176400000000,0.170100000000,0.141500000000,0.147800000000,0.160100000000,0.123300000000,0.135200000000,0.145700000000,0.213000000000,0.221700000000,0.145400000000,0.148000000000,0.176400000000,0.170000000000,0.141600000000,0.148000000000,0.160000000000,0.153900000000,0.135300000000,0.145700000000,0.213000000000,0.221600000000,0.145300000000,0.148000000000,0.176400000000,0.170100000000,0.141500000000,0.148100000000,0.160000000000,0.153900000000,0.147700000000,0.145700000000,0.213100000000,0.221600000000,0.145300000000,0.148000000000,0.176400000000,0.170100000000,0.141500000000,0.147900000000,0.160000000000,0.153800000000,0.147700000000,0.140000000000,0.213000000000,0.221600000000,0.145400000000,0.148000000000,0.176400000000,0.170100000000,0.141400000000,0.147900000000,0.159900000000,0.153800000000,0.147800000000,0.140200000000,0.126200000000,0.221700000000,0.145400000000,0.148000000000,0.176300000000,0.170100000000,0.141500000000,0.147900000000,0.160000000000,0.153800000000,0.147800000000,0.140000000000,0.126200000000,0.123400000000,0.145400000000,0.148000000000,0.176300000000,0.170100000000,0.141600000000,0.147800000000,0.160000000000,0.153800000000,0.147700000000,0.140100000000,0.126100000000,0.123400000000,0.135200000000,0.148000000000,0.176300000000,0.170000000000,0.141500000000,0.147900000000,0.160000000000,0.153900000000,0.147800000000,0.140000000000,0.126100000000,0.123200000000,0.135300000000,0.145600000000,0.176400000000,0.170100000000,0.141500000000,0.148000000000,0.160000000000,0.153900000000,0.147800000000,0.140100000000,0.126200000000,0.123300000000,0.135300000000,0.145700000000,0.213000000000,0.170100000000,0.141600000000,0.148000000000,0.159900000000,0.153800000000,0.147800000000,0.140100000000,0.126000000000,0.123400000000,0.135200000000,0.145700000000,0.213000000000,0.221600000000,0.141500000000,0.147900000000,0.159900000000,0.153800000000,0.147800000000,0.140000000000,0.126000000000,0.123300000000,0.135200000000,0.145600000000,0.213000000000,0.221700000000,0.145300000000,0.147900000000,0.159900000000,0.153800000000,0.147700000000,0.140100000000,0.126200000000,0.123300000000,0.135300000000,0.145600000000,0.213000000000,0.221600000000,0.145300000000,0.148000000000
13,79.0,22.0,1.0,22.86999999999998,0.12999999999999998,0.0,55.11422645999937,55.217654762000166,False,0.160000000000,0.154000000000,0.147800000000,0.140000000000,0.126300000000,0.123300000000,0.135300000000,0.145700000000,0.213000000000,0.221700000000,0.145300000000,0.147900000000,0.176300000000,0.153800000000,0.147700000000,0.140100000000,0.126300000000,0.123300000000,0.135200000000,0.145700000000,0.213100000000,0.221500000000,0.145500000000,0.148000000000,0.176300000000,0.170000000000,0.147800000000,0.139900000000,0.126000000000,0.123400000000,0.135300000000,0.145700000000,0.212900000000,0.221600000000,0.145300000000,0.147900000000,0.176300000000,0.170000000000,0.141500000000,0.139900000000,0.126000000000,0.123200000000,0.135300000000,0.145700000000,0.213000000000,0.221600000000,0.145300000000,0.147900000000,0.176400000000,0.170100000000,0.141400000000,0.147900000000,0.125900000000,0.123400000000,0.135300000000,0.145600000000,0.212900000000,0.221600000000,0.145400000000,0.148000000000,0.176300000000,0.170000000000,0.141600000000,0.147900000000,0.159900000000,0.123300000000,0.135300000000,0.145700000000,0.213000000000,0.221600000000,0.145400000000,0.148000000000,0.176400000000,0.170100000000,0.141500000000,0.147900000000,0.159900000000,0.153800000000,0.135300000000,0.145700000000,0.213100000000,0.221600000000,0.145300000000,0.148000000000,0.176400000000,0.170100000000,0.141500000000,0.147900000000,0.159900000000,0.153800000000,0.147700000000,0.145700000000,0.213000000000,0.221600000000,0.145400000000,0.148000000000,0.176300000000,0.170100000000,0.141400000000,0.148000000000,0.160000000000,0.153900000000,0.147700000000,0.140000000000,0.213100000000,0.221600000000,0.145300000000,0.148000000000,0.176300000000,0.170100000000,0.141400000000,0.147900000000,0.159900000000,0.154000000000,0.147800000000,0.139900000000,0.125800000000,0.221600000000,0.145300000000,0.148000000000,0.176300000000,0.170100000000,0.141400000000,0.148000000000,0.159900000000,0.153900000000,0.147800000000,0.140000000000,0.126100000000,0.123300000000,0.145500000000,0.148000000000,0.176400000000,0.170100000000,0.141600000000,0.148000000000,0.160000000000,0.153900000000,0.147700000000,0.139900000000,0.126000000000,0.123300000000,0.135200000000,0.148000000000,0.176300000000,0.170100000000,0.141600000000,0.147900000000,0.159800000000,0.153900000000,0.147800000000,0.140000000000,0.126000000000,0.123200000000,0.135300000000,0.145700000000,0.176400000000,0.170100000000,0.141500000000,0.147800000000,0.160000000000,0.153900000000,0.147800000000,0.140000000000,0.125900000000,0.123300000000,0.135300000000,0.145600000000,0.213100000000,0.170100000000,0.141400000000,0.147900000000,0.159900000000,0.153900000000,0.147700000000,0.140000000000,0.126000000000,0.123400000000,0.135300000000,0.145700000000,0.213100000000,0.221600000000,0.141600000000,0.148000000000,0.159900000000,0.153900000000,0.147700000000,0.140000000000,0.125900000000,0.123300000000,0.135300000000,0.145700000000,0.213000000000,0.221600000000,0.145400000000,0.148000000000,0.160000000000,0.153800000000,0.147700000000,0.139900000000,0.126000000000,0.123300000000,0.135300000000,0.145700000000,0.213100000000,0.221700000000,0.145400000000,0.148100000000
14,79.0,22.0,1.0,22.859999999999978,0.13999999999999999,-0.0004,55.61872553299963,55.65150759199969,False,0.160000000000,0.153900000000,0.147700000000,0.139900000000,0.126100000000,0.123300000000,0.135200000000,0.145800000000,0.213100000000,0.221600000000,0.145400000000,0.148000000000,0.176400000000,0.153900000000,0.147700000000,0.139800000000,0.126100000000,0.123300000000,0.135200000000,0.145700000000,0.213100000000,0.221700000000,0.145300000000,0.147900000000,0.176300000000,0.170100000000,0.147700000000,0.139900000000,0.126000000000,0.123300000000,0.135300000000,0.145700000000,0.213000000000,0.221600000000,0.145400000000,0.147900000000,0.176400000000,0.170100000000,0.141500000000,0.140000000000,0.126000000000,0.123200000000,0.135200000000,0.145600000000,0.213100000000,0.221600000000,0.145400000000,0.147900000000,0.176400000000,0.170100000000,0.141500000000,0.148000000000,0.126000000000,0.123300000000,0.135200000000,0.145500000000,0.213100000000,0.221700000000,0.145400000000,0.148000000000,0.176400000000,0.170200000000,0.141600000000,0.148000000000,0.159900000000,0.123300000000,0.135200000000,0.145600000000,0.213200000000,0.221700000000,0.145400000000,0.147900000000,0.176300000000,0.170100000000,0.141600000000,0.148000000000,0.159800000000,0.153800000000,0.135300000000,0.145500000000,0.213100000000,0.221700000000,0.145400000000,0.148000000000,0.176400000000,0.170100000000,0.141700000000,0.148000000000,0.159900000000,0.153800000000,0.147700000000,0.145700000000,0.213100000000,0.221600000000,0.145400000000,0.148000000000,0.176400000000,0.170100000000,0.141600000000,0.148100000000,0.159900000000,0.153800000000,0.147800000000,0.140000000000,0.213100000000,0.221600000000,0.145400000000,0.148000000000,0.176400000000,0.170200000000,0.141600000000,0.148000000000,0.159900000000,0.153900000000,0.147600000000,0.139800000000,0.126000000000,0.221700000000,0.145400000000,0.148000000000,0.176400000000,0.170100000000,0.141500000000,0.148000000000,0.159900000000,0.153900000000,0.147700000000,0.139900000000,0.126100000000,0.123400000000,0.145400000000,0.147900000000,0.176400000000,0.170100000000,0.141600000000,0.148000000000,0.160000000000,0.153900000000,0.147700000000,0.139900000000,0.126000000000,0.123400000000,0.135200000000,0.148000000000,0.176300000000,0.170100000000,0.141600000000,0.148100000000,0.159900000000,0.153800000000,0.147700000000,0.140000000000,0.126100000000,0.123300000000,0.135400000000,0.145700000000,0.176400000000,0.170000000000,0.141500000000,0.147900000000,0.160000000000,0.153800000000,0.147700000000,0.140000000000,0.125900000000,0.123400000000,0.135300000000,0.145800000000,0.213200000000,0.170100000000,0.141600000000,0.147900000000,0.160000000000,0.153900000000,0.147700000000,0.139900000000,0.126100000000,0.123200000000,0.135300000000,0.145700000000,0.213200000000,0.221700000000,0.141600000000,0.148000000000,0.159900000000,0.153800000000,0.147800000000,0.139900000000,0.126000000000,0.123400000000,0.135200000000,0.145800000000,0.213200000000,0.221700000000,0.145300000000,0.148000000000,0.160100000000,0.153800000000,0.147700000000,0.140000000000,0.126000000000,0.123400000000,0.135300000000,0.145800000000,0.213300000000,0.221700000000,0.145300000000,0.147900000000
15,79.0,22.0,1.0,22.849999999999977,0.15,-0.0002,56.11773761399945,56.30136232299992,False,0.159800000000,0.153700000000,0.147800000000,0.140000000000,0.126100000000,0.123400000000,0.135200000000,0.145600000000,0.213000000000,0.221700000000,0.145400000000,0.147900000000,0.176300000000,0.153800000000,0.147800000000,0.140000000000,0.126100000000,0.123200000000,0.135200000000,0.145600000000,0.213100000000,0.221600000000,0.145300000000,0.147900000000,0.176300000000,0.170100000000,0.147800000000,0.140000000000,0.126100000000,0.123200000000,0.135200000000,0.145500000000,0.213000000000,0.221600000000,0.145300000000,0.148000000000,0.176300000000,0.170100000000,0.141700000000,0.140000000000,0.126200000000,0.123300000000,0.135200000000,0.145500000000,0.213100000000,0.221600000000,0.145300000000,0.148000000000,0.176400000000,0.170100000000,0.141600000000,0.148000000000,0.126100000000,0.123400000000,0.135100000000,0.145700000000,0.213100000000,0.221700000000,0.145400000000,0.148000000000,0.176400000000,0.170000000000,0.141600000000,0.148000000000,0.160000000000,0.123300000000,0.135200000000,0.145600000000,0.213000000000,0.221700000000,0.145400000000,0.147900000000,0.176300000000,0.170100000000,0.141600000000,0.147900000000,0.159900000000,0.153700000000,0.135200000000,0.145700000000,0.213000000000,0.221600000000,0.145400000000,0.147900000000,0.176300000000,0.170100000000,0.141500000000,0.148000000000,0.159900000000,0.153700000000,0.147800000000,0.145700000000,0.213000000000,0.221600000000,0.145400000000,0.147900000000,0.176300000000,0.170000000000,0.141600000000,0.148000000000,0.159900000000,0.153800000000,0.147700000000,0.140000000000,0.213000000000,0.221600000000,0.145400000000,0.147900000000,0.176300000000,0.170000000000,0.141500000000,0.147900000000,0.159900000000,0.153800000000,0.147700000000,0.139800000000,0.126000000000,0.221700000000,0.145300000000,0.147900000000,0.176300000000,0.170100000000,0.141500000000,0.148000000000,0.159900000000,0.153800000000,0.147700000000,0.139900000000,0.125900000000,0.123100000000,0.145300000000,0.148000000000,0.176400000000,0.170000000000,0.141600000000,0.148100000000,0.159900000000,0.153800000000,0.147700000000,0.139800000000,0.125900000000,0.123300000000,0.135100000000,0.147900000000,0.176300000000,0.170000000000,0.141600000000,0.148000000000,0.160000000000,0.153900000000,0.147700000000,0.139900000000,0.126000000000,0.123300000000,0.135200000000,0.145500000000,0.176300000000,0.170100000000,0.141600000000,0.148000000000,0.159900000000,0.153800000000,0.147700000000,0.140000000000,0.126000000000,0.123300000000,0.135200000000,0.145500000000,0.213000000000,0.170200000000,0.141600000000,0.148000000000,0.159900000000,0.153700000000,0.147700000000,0.140000000000,0.126100000000,0.123200000000,0.135200000000,0.145600000000,0.213000000000,0.221600000000,0.141600000000,0.148000000000,0.159800000000,0.153800000000,0.147700000000,0.140100000000,0.126100000000,0.123200000000,0.135100000000,0.145600000000,0.213000000000,0.221700000000,0.145400000000,0.148100000000,0.159900000000,0.153700000000,0.147700000000,0.140000000000,0.126100000000,0.123200000000,0.135100000000,0.145700000000,0.213000000000,0.221600000000,0.145500000000,0.148000000000
16,79.0,22.0,1.0,22.839999999999975,0.16,-0.0003,56.62194320799972,56.735427349999554,False,0.159900000000,0.153800000000,0.147700000000,0.140100000000,0.126100000000,0.123300000000,0.135200000000,0.145800000000,0.213200000000,0.221600000000,0.145300000000,0.147900000000,0.176300000000,0.153800000000,0.147600000000,0.139900000000,0.126000000000,0.123200000000,0.135100000000,0.145800000000,0.213300000000,0.221600000000,0.145400000000,0.148000000000,0.176300000000,0.170100000000,0.147600000000,0.140000000000,0.126000000000,0.123200000000,0.135200000000,0.145700000000,0.213200000000,0.221600000000,0.145300000000,0.147900000000,0.176400000000,0.170000000000,0.141700000000,0.140100000000,0.126200000000,0.123400000000,0.135200000000,0.145800000000,0.213300000000,0.221700000000,0.145400000000,0.148000000000,0.176300000000,0.170100000000,0.141600000000,0.148000000000,0.126100000000,0.123300000000,0.135300000000,0.145800000000,0.213200000000,0.221700000000,0.145300000000,0.148000000000,0.176300000000,0.170100000000,0.141600000000,0.148000000000,0.160000000000,0.123300000000,0.135200000000,0.145800000000,0.213200000000,0.221600000000,0.145300000000,0.147900000000,0.176300000000,0.170100000000,0.141700000000,0.147900000000,0.159900000000,0.153800000000,0.135100000000,0.146000000000,0.213500000000,0.221600000000,0.145400000000,0.147900000000,0.176300000000,0.170100000000,0.141600000000,0.147900000000,0.160000000000,0.153800000000,0.147600000000,0.146200000000,0.213600000000,0.221700000000,0.145400000000,0.147900000000,0.176300000000,0.170000000000,0.141500000000,0.148000000000,0.159800000000,0.153700000000,0.147700000000,0.139900000000,0.213600000000,0.221700000000,0.145300000000,0.148000000000,0.176300000000,0.170100000000,0.141600000000,0.148000000000,0.159900000000,0.153800000000,0.147700000000,0.140000000000,0.126100000000,0.221600000000,0.145400000000,0.148000000000,0.176400000000,0.170100000000,0.141600000000,0.148100000000,0.159900000000,0.153800000000,0.147700000000,0.140000000000,0.126200000000,0.123300000000,0.145300000000,0.148000000000,0.176400000000,0.170100000000,0.141600000000,0.148100000000,0.159900000000,0.153700000000,0.147700000000,0.139900000000,0.126100000000,0.123300000000,0.135200000000,0.148000000000,0.176200000000,0.170100000000,0.141500000000,0.148000000000,0.159900000000,0.153800000000,0.147700000000,0.140000000000,0.126100000000,0.123200000000,0.135100000000,0.146100000000,0.176300000000,0.170100000000,0.141600000000,0.147900000000,0.159900000000,0.153800000000,0.147700000000,0.140000000000,0.125900000000,0.123200000000,0.135200000000,0.146200000000,0.213600000000,0.170000000000,0.141700000000,0.148000000000,0.159900000000,0.153800000000,0.147700000000,0.139900000000,0.126000000000,0.123200000000,0.135100000000,0.146100000000,0.213600000000,0.221700000000,0.141600000000,0.148000000000,0.159900000000,0.153800000000,0.147700000000,0.139900000000,0.126000000000,0.123200000000,0.135200000000,0.146100000000,0.213600000000,0.221600000000,0.145300000000,0.148100000000,0.159900000000,0.153800000000,0.147700000000,0.140000000000,0.126100000000,0.123200000000,0.135100000000,0.146200000000,0.213600000000,0.221600000000,0.145400000000,0.147900000000
17,79.0,22.0,1.0,22.829999999999973,0.17,-0.0001,57.121194346000266,57.16600284000015,False,0.159900000000,0.153800000000,0.147700000000,0.139900000000,0.126000000000,0.123200000000,0.135000000000,0.146100000000,0.213700000000,0.221500000000,0.145400000000,0.147900000000,0.176300000000,0.153800000000,0.147700000000,0.139900000000,0.125900000000,0.123200000000,0.135000000000,0.146200000000,0.213700000000,0.221600000000,0.145300000000,0.148000000000,0.176300000000,0.170000000000,0.147700000000,0.140000000000,0.126100000000,0.123200000000,0.135000000000,0.146100000000,0.213600000000,0.221600000000,0.145400000000,0.147900000000,0.176300000000,0.170100000000,0.141600000000,0.139900000000,0.126000000000,0.123100000000,0.135000000000,0.146200000000,0.213600000000,0.221600000000,0.145300000000,0.147900000000,0.176300000000,0.170000000000,0.141700000000,0.148000000000,0.126000000000,0.123200000000,0.135000000000,0.146100000000,0.213700000000,0.221600000000,0.145400000000,0.147900000000,0.176200000000,0.170100000000,0.141600000000,0.148000000000,0.159900000000,0.123200000000,0.135000000000,0.146100000000,0.213600000000,0.221600000000,0.145300000000,0.147900000000,0.176300000000,0.170000000000,0.141500000000,0.147900000000,0.159900000000,0.153800000000,0.134900000000,0.146100000000,0.213600000000,0.221700000000,0.145300000000,0.147900000000,0.176300000000,0.170000000000,0.141700000000,0.147900000000,0.160000000000,0.153800000000,0.147700000000,0.146100000000,0.213700000000,0.221600000000,0.145300000000,0.147900000000,0.176300000000,0.170000000000,0.141600000000,0.148000000000,0.159900000000,0.153900000000,0.147600000000,0.140000000000,0.213600000000,0.221600000000,0.145300000000,0.147900000000,0.176300000000,0.170000000000,0.141500000000,0.148000000000,0.159900000000,0.153800000000,0.147600000000,0.139900000000,0.125900000000,0.221600000000,0.145300000000,0.147900000000,0.176300000000,0.170100000000,0.141600000000,0.148000000000,0.160100000000,0.153800000000,0.147600000000,0.139700000000,0.126000000000,0.123100000000,0.145300000000,0.147900000000,0.176300000000,0.170000000000,0.141600000000,0.148000000000,0.159900000000,0.153700000000,0.147600000000,0.139900000000,0.126000000000,0.123200000000,0.134900000000,0.147900000000,0.176400000000,0.170100000000,0.141600000000,0.148000000000,0.160000000000,0.153700000000,0.147700000000,0.139900000000,0.126100000000,0.123200000000,0.135000000000,0.146200000000,0.176400000000,0.170100000000,0.141700000000,0.148000000000,0.160000000000,0.153900000000,0.147700000000,0.140000000000,0.125900000000,0.123100000000,0.134900000000,0.146200000000,0.213700000000,0.170100000000,0.141500000000,0.148000000000,0.160000000000,0.153800000000,0.147700000000,0.139900000000,0.126100000000,0.123000000000,0.134900000000,0.146000000000,0.213600000000,0.221600000000,0.141500000000,0.147900000000,0.160000000000,0.153800000000,0.147600000000,0.139900000000,0.126100000000,0.123200000000,0.135100000000,0.146200000000,0.213600000000,0.221600000000,0.145300000000,0.147900000000,0.160000000000,0.153700000000,0.147600000000,0.139900000000,0.126200000000,0.123100000000,0.135000000000,0.146100000000,0.213700000000,0.221600000000,0.145400000000,0.147900000000
18,79.0,22.0,1.0,22.819999999999972,0.18000000000000002,0.0003,57.62691190999976,57.814718171000095,False,0.159900000000,0.153800000000,0.147600000000,0.140000000000,0.126100000000,0.123100000000,0.134900000000,0.146300000000,0.213700000000,0.221600000000,0.145300000000,0.148100000000,0.176300000000,0.153700000000,0.147600000000,0.139900000000,0.126000000000,0.123100000000,0.135000000000,0.146200000000,0.213700000000,0.221500000000,0.145400000000,0.148000000000,0.176400000000,0.170000000000,0.147700000000,0.139900000000,0.126100000000,0.123200000000,0.134900000000,0.146300000000,0.213700000000,0.221500000000,0.145300000000,0.148000000000,0.176200000000,0.170100000000,0.141600000000,0.139900000000,0.126200000000,0.123200000000,0.134900000000,0.146200000000,0.213700000000,0.221600000000,0.145300000000,0.148000000000,0.176300000000,0.170100000000,0.141500000000,0.148000000000,0.126100000000,0.123100000000,0.135000000000,0.146200000000,0.213800000000,0.221600000000,0.145300000000,0.147800000000,0.176300000000,0.170000000000,0.141600000000,0.147900000000,0.160000000000,0.123200000000,0.135000000000,0.146200000000,0.213700000000,0.221600000000,0.145300000000,0.148000000000,0.176300000000,0.170000000000,0.141600000000,0.148000000000,0.160000000000,0.153800000000,0.134900000000,0.146100000000,0.213700000000,0.221500000000,0.145300000000,0.148000000000,0.176200000000,0.170000000000,0.141600000000,0.148000000000,0.159900000000,0.153700000000,0.147600000000,0.146200000000,0.213700000000,0.221600000000,0.145300000000,0.147900000000,0.176300000000,0.170000000000,0.141600000000,0.147900000000,0.159900000000,0.153700000000,0.147500000000,0.140000000000,0.213700000000,0.221600000000,0.145400000000,0.147900000000,0.176300000000,0.170000000000,0.141600000000,0.148000000000,0.159900000000,0.153800000000,0.147600000000,0.140000000000,0.126000000000,0.221600000000,0.145400000000,0.148000000000,0.176300000000,0.170000000000,0.141500000000,0.148000000000,0.160000000000,0.153800000000,0.147600000000,0.139900000000,0.126000000000,0.123200000000,0.145300000000,0.147900000000,0.176300000000,0.170100000000,0.141600000000,0.147900000000,0.159900000000,0.153800000000,0.147600000000,0.140000000000,0.125900000000,0.123200000000,0.135000000000,0.147900000000,0.176300000000,0.170000000000,0.141600000000,0.147900000000,0.159900000000,0.153700000000,0.147600000000,0.139900000000,0.126100000000,0.123200000000,0.135000000000,0.146200000000,0.176300000000,0.170100000000,0.141600000000,0.148000000000,0.160000000000,0.153700000000,0.147600000000,0.140000000000,0.126000000000,0.123200000000,0.134900000000,0.146200000000,0.213700000000,0.170100000000,0.141600000000,0.148000000000,0.160000000000,0.153800000000,0.147600000000,0.140000000000,0.126000000000,0.123100000000,0.134900000000,0.146100000000,0.213800000000,0.221600000000,0.141500000000,0.148000000000,0.159900000000,0.153700000000,0.147700000000,0.139900000000,0.126000000000,0.123100000000,0.135000000000,0.146200000000,0.213700000000,0.221600000000,0.145300000000,0.148100000000,0.159900000000,0.153800000000,0.147600000000,0.140000000000,0.126000000000,0.123200000000,0.135000000000,0.146200000000,0.213600000000,0.221600000000,0.145400000000,0.147900000000
19,79.0,22.0,1.0,22.80999999999997,0.19000000000000003,0.0004,58.128678010999465,58.24810561999948,False,0.159900000000,0.153700000000,0.147500000000,0.139900000000,0.126200000000,0.123200000000,0.135100000000,0.146200000000,0.213600000000,0.221500000000,0.145400000000,0.147900000000,0.176300000000,0.153700000000,0.147700000000,0.140000000000,0.126000000000,0.123100000000,0.135000000000,0.146200000000,0.213600000000,0.221600000000,0.145300000000,0.148000000000,0.176300000000,0.170100000000,0.147600000000,0.140000000000,0.126200000000,0.123100000000,0.135000000000,0.146200000000,0.213700000000,0.221600000000,0.145400000000,0.147900000000,0.176200000000,0.170000000000,0.141600000000,0.140000000000,0.126100000000,0.123200000000,0.135100000000,0.146200000000,0.213600000000,0.221500000000,0.145200000000,0.148000000000,0.176200000000,0.170000000000,0.141500000000,0.148000000000,0.126200000000,0.123200000000,0.135000000000,0.146300000000,0.213700000000,0.221500000000,0.145300000000,0.148000000000,0.176300000000,0.170000000000,0.141600000000,0.147900000000,0.159900000000,0.123000000000,0.135000000000,0.146200000000,0.213700000000,0.221600000000,0.145400000000,0.147900000000,0.176300000000,0.170000000000,0.141600000000,0.148000000000,0.159900000000,0.153800000000,0.135000000000,0.146200000000,0.213700000000,0.221600000000,0.145300000000,0.148000000000,0.176300000000,0.170000000000,0.141500000000,0.148000000000,0.159900000000,0.153800000000,0.147600000000,0.146200000000,0.213700000000,0.221600000000,0.145400000000,0.147900000000,0.176300000000,0.170000000000,0.141600000000,0.148000000000,0.160000000000,0.153900000000,0.147600000000,0.139900000000,0.213700000000,0.221600000000,0.145300000000,0.147900000000,0.176400000000,0.170000000000,0.141500000000,0.147900000000,0.159900000000,0.153800000000,0.147600000000,0.140000000000,0.126000000000,0.221600000000,0.145300000000,0.147900000000,0.176300000000,0.170000000000,0.141600000000,0.148000000000,0.160000000000,0.153700000000,0.147600000000,0.140000000000,0.126200000000,0.123100000000,0.145300000000,0.147900000000,0.176200000000,0.170100000000,0.141600000000,0.147900000000,0.159900000000,0.153700000000,0.147600000000,0.140000000000,0.126100000000,0.123200000000,0.135000000000,0.148000000000,0.176300000000,0.170000000000,0.141600000000,0.148000000000,0.159800000000,0.153700000000,0.147600000000,0.140000000000,0.126100000000,0.123200000000,0.134900000000,0.146300000000,0.176300000000,0.170000000000,0.141500000000,0.148000000000,0.160000000000,0.153700000000,0.147600000000,0.140000000000,0.126100000000,0.123100000000,0.134900000000,0.146200000000,0.213700000000,0.170000000000,0.141600000000,0.148000000000,0.160000000000,0.153800000000,0.147500000000,0.139900000000,0.126000000000,0.123300000000,0.135000000000,0.146100000000,0.213600000000,0.221600000000,0.141600000000,0.147900000000,0.160000000000,0.153800000000,0.147600000000,0.140100000000,0.126000000000,0.123200000000,0.135000000000,0.146100000000,0.213600000000,0.221600000000,0.145300000000,0.148000000000,0.159900000000,0.153700000000,0.147700000000,0.139900000000,0.126300000000,0.123000000000,0.135000000000,0.146200000000,0.213600000000,0.221500000000,0.145300000000,0.147900000000
20,79.0,22.0,1.0,22.79999999999997,0.20000000000000004,0.0003,58.62871520899989,58.68035205599972,False,0.159800000000,0.153700000000,0.147600000000,0.139900000000,0.126100000000,0.123300000000,0.135000000000,0.146100000000,0.213500000000,0.221500000000,0.145300000000,0.147900000000,0.176200000000,0.153700000000,0.147500000000,0.140000000000,0.126000000000,0.123200000000,0.135100000000,0.146100000000,0.213500000000,0.221600000000,0.145400000000,0.147900000000,0.176300000000,0.170100000000,0.147600000000,0.140000000000,0.126100000000,0.123200000000,0.135100000000,0.146000000000,0.213400000000,0.221500000000,0.145300000000,0.147900000000,0.176400000000,0.170100000000,0.141600000000,0.140100000000,0.126000000000,0.123200000000,0.135200000000,0.146000000000,0.213500000000,0.221600000000,0.145200000000,0.147900000000,0.176300000000,0.170000000000,0.141500000000,0.148000000000,0.126000000000,0.123200000000,0.135200000000,0.146000000000,0.213500000000,0.221600000000,0.145300000000,0.147900000000,0.176300000000,0.170000000000,0.141600000000,0.148100000000,0.159900000000,0.123300000000,0.135100000000,0.145900000000,0.213400000000,0.221500000000,0.145300000000,0.147900000000,0.176300000000,0.170100000000,0.141600000000,0.148100000000,0.159900000000,0.153700000000,0.135100000000,0.146000000000,0.213400000000,0.221500000000,0.145300000000,0.148000000000,0.176300000000,0.170000000000,0.141500000000,0.148000000000,0.160000000000,0.153700000000,0.147600000000,0.146100000000,0.213400000000,0.221600000000,0.145300000000,0.148000000000,0.176300000000,0.170000000000,0.141600000000,0.148000000000,0.159900000000,0.153700000000,0.147500000000,0.140000000000,0.213500000000,0.221500000000,0.145400000000,0.147900000000,0.176300000000,0.170100000000,0.141600000000,0.148000000000,0.159900000000,0.153700000000,0.147500000000,0.140000000000,0.126100000000,0.221600000000,0.145300000000,0.147900000000,0.176200000000,0.170100000000,0.141600000000,0.148000000000,0.159900000000,0.153700000000,0.147700000000,0.140000000000,0.126000000000,0.123300000000,0.145300000000,0.147800000000,0.176300000000,0.170100000000,0.141600000000,0.148000000000,0.159900000000,0.153700000000,0.147600000000,0.139900000000,0.126100000000,0.123300000000,0.135100000000,0.147900000000,0.176300000000,0.170000000000,0.141600000000,0.148100000000,0.159900000000,0.153900000000,0.147600000000,0.139800000000,0.126100000000,0.123100000000,0.135200000000,0.146100000000,0.176300000000,0.170000000000,0.141700000000,0.148000000000,0.159900000000,0.153800000000,0.147600000000,0.139900000000,0.126100000000,0.123200000000,0.135100000000,0.146000000000,0.213500000000,0.170200000000,0.141600000000,0.148000000000,0.160000000000,0.153800000000,0.147600000000,0.140000000000,0.126100000000,0.123300000000,0.135100000000,0.146000000000,0.213400000000,0.221600000000,0.141600000000,0.148100000000,0.159900000000,0.153800000000,0.147500000000,0.140000000000,0.126000000000,0.123100000000,0.135100000000,0.146000000000,0.213400000000,0.221500000000,0.145300000000,0.148000000000,0.159900000000,0.153800000000,0.147600000000,0.139900000000,0.126100000000,0.123200000000,0.135100000000,0.146100000000,0.213400000000,0.221500000000,0.145300000000,0.147900000000
21,79.0,22.0,1.0,22.789999999999967,0.21000000000000005,0.0003,59.132204483999885,59.328784215999804,False,0.160000000000,0.153800000000,0.147700000000,0.140100000000,0.126100000000,0.123300000000,0.135100000000,0.146100000000,0.213400000000,0.221500000000,0.145300000000,0.147900000000,0.176200000000,0.153800000000,0.147600000000,0.140000000000,0.126100000000,0.123200000000,0.135100000000,0.145900000000,0.213400000000,0.221500000000,0.145400000000,0.147900000000,0.176200000000,0.170000000000,0.147500000000,0.140000000000,0.126000000000,0.123300000000,0.135100000000,0.146000000000,0.213400000000,0.221500000000,0.145300000000,0.147900000000,0.176200000000,0.170000000000,0.141600000000,0.139900000000,0.126100000000,0.123100000000,0.135200000000,0.145900000000,0.213400000000,0.221500000000,0.145300000000,0.147900000000,0.176300000000,0.170100000000,0.141700000000,0.148000000000,0.126000000000,0.123300000000,0.135100000000,0.146000000000,0.213400000000,0.221500000000,0.145400000000,0.147900000000,0.176200000000,0.170000000000,0.141700000000,0.148100000000,0.159900000000,0.123300000000,0.135100000000,0.146000000000,0.213400000000,0.221500000000,0.145300000000,0.147800000000,0.176200000000,0.170000000000,0.141600000000,0.148100000000,0.159900000000,0.153700000000,0.135100000000,0.146000000000,0.213400000000,0.221500000000,0.145300000000,0.147900000000,0.176200000000,0.170000000000,0.141600000000,0.148100000000,0.160000000000,0.153600000000,0.147400000000,0.145900000000,0.213400000000,0.221500000000,0.145300000000,0.147900000000,0.176200000000,0.170000000000,0.141500000000,0.148000000000,0.159900000000,0.153600000000,0.147500000000,0.140000000000,0.213400000000,0.221600000000,0.145300000000,0.147800000000,0.176300000000,0.170000000000,0.141600000000,0.148000000000,0.159900000000,0.153900000000,0.147700000000,0.140400000000,0.126700000000,0.221700000000,0.145400000000,0.148000000000,0.176300000000,0.170000000000,0.141700000000,0.148000000000,0.160000000000,0.154000000000,0.147700000000,0.140300000000,0.126700000000,0.123500000000,0.145400000000,0.147900000000,0.176300000000,0.170100000000,0.141600000000,0.148100000000,0.159900000000,0.154000000000,0.147800000000,0.140500000000,0.126600000000,0.123500000000,0.135500000000,0.147900000000,0.176300000000,0.169900000000,0.141700000000,0.148100000000,0.160000000000,0.154000000000,0.147800000000,0.140400000000,0.126500000000,0.123600000000,0.135400000000,0.146100000000,0.176300000000,0.170000000000,0.141700000000,0.148000000000,0.159900000000,0.153900000000,0.147800000000,0.140400000000,0.126600000000,0.123400000000,0.135300000000,0.146000000000,0.213400000000,0.170000000000,0.141600000000,0.148000000000,0.159800000000,0.153800000000,0.147600000000,0.140200000000,0.126300000000,0.123400000000,0.135300000000,0.146100000000,0.213400000000,0.221600000000,0.141700000000,0.148100000000,0.159800000000,0.153700000000,0.147600000000,0.140200000000,0.126300000000,0.123300000000,0.135200000000,0.146100000000,0.213400000000,0.221600000000,0.145300000000,0.148000000000,0.159800000000,0.153800000000,0.147500000000,0.140100000000,0.126200000000,0.123200000000,0.135100000000,0.146100000000,0.213400000000,0.221600000000,0.145300000000,0.147900000000
22,79.0,22.0,1.0,22.779999999999966,0.22000000000000006,0.0001,59.632542835000095,59.76264438899943,False,0.159900000000,0.153700000000,0.147500000000,0.140100000000,0.126200000000,0.123200000000,0.135200000000,0.146100000000,0.213500000000,0.221500000000,0.145400000000,0.147800000000,0.176200000000,0.153700000000,0.147500000000,0.140100000000,0.126100000000,0.123200000000,0.135200000000,0.146100000000,0.213500000000,0.221500000000,0.145300000000,0.147900000000,0.176300000000,0.170000000000,0.147500000000,0.140100000000,0.126200000000,0.123300000000,0.135100000000,0.146100000000,0.213500000000,0.221500000000,0.145400000000,0.147900000000,0.176200000000,0.170000000000,0.141600000000,0.140100000000,0.126200000000,0.123200000000,0.135100000000,0.146100000000,0.213500000000,0.221600000000,0.145300000000,0.147800000000,0.176200000000,0.170000000000,0.141700000000,0.148000000000,0.126300000000,0.123200000000,0.135200000000,0.146200000000,0.213500000000,0.221600000000,0.145400000000,0.147900000000,0.176200000000,0.170000000000,0.141600000000,0.148000000000,0.159800000000,0.123200000000,0.135200000000,0.146200000000,0.213500000000,0.221600000000,0.145300000000,0.147900000000,0.176200000000,0.169900000000,0.141600000000,0.148000000000,0.160000000000,0.153700000000,0.135200000000,0.146200000000,0.213500000000,0.221600000000,0.145300000000,0.148000000000,0.176200000000,0.170000000000,0.141600000000,0.148100000000,0.159800000000,0.153700000000,0.147600000000,0.146000000000,0.213600000000,0.221600000000,0.145400000000,0.147900000000,0.176200000000,0.170000000000,0.141700000000,0.148100000000,0.159800000000,0.153700000000,0.147600000000,0.140000000000,0.213600000000,0.221700000000,0.145400000000,0.147900000000,0.176200000000,0.170000000000,0.141600000000,0.148100000000,0.159900000000,0.153700000000,0.147500000000,0.140100000000,0.126200000000,0.221600000000,0.145300000000,0.147900000000,0.176200000000,0.169900000000,0.141600000000,0.148000000000,0.160000000000,0.153700000000,0.147500000000,0.140000000000,0.126300000000,0.123200000000,0.145400000000,0.147900000000,0.176200000000,0.170000000000,0.141700000000,0.148000000000,0.159900000000,0.153600000000,0.147600000000,0.140000000000,0.126000000000,0.123100000000,0.135200000000,0.147900000000,0.176300000000,0.170000000000,0.141600000000,0.148000000000,0.159900000000,0.153800000000,0.147600000000,0.140100000000,0.126100000000,0.123200000000,0.135100000000,0.146100000000,0.176300000000,0.169900000000,0.141600000000,0.148000000000,0.159900000000,0.153800000000,0.147600000000,0.139900000000,0.126100000000,0.123100000000,0.135000000000,0.146000000000,0.213500000000,0.170000000000,0.141700000000,0.148100000000,0.159900000000,0.153800000000,0.147500000000,0.140000000000,0.126100000000,0.123100000000,0.135100000000,0.146100000000,0.213500000000,0.221600000000,0.141600000000,0.148000000000,0.159900000000,0.153800000000,0.147600000000,0.140100000000,0.126300000000,0.123200000000,0.135100000000,0.146100000000,0.213500000000,0.221600000000,0.145300000000,0.148100000000,0.159900000000,0.153700000000,0.147600000000,0.140000000000,0.126100000000,0.123200000000,0.135000000000,0.146100000000,0.213500000000,0.221600000000,0.145300000000,0.147900000000
23,79.0,22.0,1.0,22.769999999999964,0.23000000000000007,0.0002,60.135699337000005,60.19460409899966,False,0.159900000000,0.153800000000,0.147500000000,0.139900000000,0.126100000000,0.123100000000,0.135300000000,0.146100000000,0.213400000000,0.221600000000,0.145300000000,0.147900000000,0.176300000000,0.153800000000,0.147500000000,0.139900000000,0.126100000000,0.123200000000,0.135300000000,0.146000000000,0.213400000000,0.221600000000,0.145400000000,0.147900000000,0.176300000000,0.170100000000,0.147500000000,0.139900000000,0.125900000000,0.123100000000,0.135200000000,0.146100000000,0.213400000000,0.221600000000,0.145400000000,0.147900000000,0.176200000000,0.170000000000,0.141600000000,0.139800000000,0.126000000000,0.123300000000,0.135200000000,0.146100000000,0.213400000000,0.221600000000,0.145300000000,0.147800000000,0.176200000000,0.170000000000,0.141600000000,0.148000000000,0.126100000000,0.123200000000,0.135200000000,0.146000000000,0.213400000000,0.221500000000,0.145300000000,0.148000000000,0.176200000000,0.169900000000,0.141700000000,0.148100000000,0.159900000000,0.123000000000,0.135100000000,0.146100000000,0.213300000000,0.221600000000,0.145400000000,0.147800000000,0.176100000000,0.170000000000,0.141700000000,0.148100000000,0.159800000000,0.153800000000,0.135200000000,0.146100000000,0.213400000000,0.221500000000,0.145400000000,0.147900000000,0.176200000000,0.169900000000,0.141600000000,0.148100000000,0.159900000000,0.153800000000,0.147500000000,0.146000000000,0.213400000000,0.221500000000,0.145300000000,0.147900000000,0.176300000000,0.169900000000,0.141700000000,0.148100000000,0.160000000000,0.153700000000,0.147500000000,0.139800000000,0.213500000000,0.221600000000,0.145300000000,0.147900000000,0.176200000000,0.169900000000,0.141700000000,0.148100000000,0.159900000000,0.153700000000,0.147600000000,0.139900000000,0.126100000000,0.221500000000,0.145300000000,0.147900000000,0.176200000000,0.170000000000,0.141700000000,0.148000000000,0.159900000000,0.153700000000,0.147500000000,0.139900000000,0.126100000000,0.123200000000,0.145300000000,0.147900000000,0.176200000000,0.170000000000,0.141600000000,0.148000000000,0.160000000000,0.153700000000,0.147500000000,0.139800000000,0.126100000000,0.123200000000,0.135200000000,0.147900000000,0.176200000000,0.170000000000,0.141700000000,0.148000000000,0.159900000000,0.153800000000,0.147500000000,0.139900000000,0.126100000000,0.123200000000,0.135200000000,0.146000000000,0.176100000000,0.169900000000,0.141700000000,0.148100000000,0.159800000000,0.153800000000,0.147400000000,0.140000000000,0.126100000000,0.123200000000,0.135100000000,0.146100000000,0.213400000000,0.170000000000,0.141700000000,0.148000000000,0.160000000000,0.153800000000,0.147600000000,0.139900000000,0.126100000000,0.123100000000,0.135200000000,0.146100000000,0.213400000000,0.221600000000,0.141700000000,0.148100000000,0.159900000000,0.153700000000,0.147600000000,0.139900000000,0.126200000000,0.123100000000,0.135200000000,0.146100000000,0.213400000000,0.221600000000,0.145400000000,0.148000000000,0.159800000000,0.153700000000,0.147500000000,0.139900000000,0.126000000000,0.123200000000,0.135200000000,0.146000000000,0.213400000000,0.221600000000,0.145300000000,0.147900000000
24,79.0,22.0,1.0,22.759999999999962,0.24000000000000007,-0.0006,60.6353826630002,60.844776473999445,False,0.159800000000,0.153800000000,0.147600000000,0.140000000000,0.126200000000,0.123300000000,0.135200000000,0.146100000000,0.213500000000,0.221500000000,0.145300000000,0.147900000000,0.176300000000,0.153700000000,0.147600000000,0.140100000000,0.126100000000,0.123300000000,0.135300000000,0.146200000000,0.213500000000,0.221500000000,0.145300000000,0.147900000000,0.176300000000,0.170000000000,0.147700000000,0.140000000000,0.126100000000,0.123300000000,0.135300000000,0.146200000000,0.213500000000,0.221600000000,0.145400000000,0.147900000000,0.176200000000,0.169900000000,0.141600000000,0.140000000000,0.126200000000,0.123200000000,0.135300000000,0.146200000000,0.213500000000,0.221600000000,0.145300000000,0.147900000000,0.176200000000,0.170000000000,0.141700000000,0.148100000000,0.126100000000,0.123300000000,0.135300000000,0.146100000000,0.213500000000,0.221600000000,0.145400000000,0.147900000000,0.176300000000,0.170000000000,0.141700000000,0.148100000000,0.159800000000,0.123200000000,0.135300000000,0.146200000000,0.213500000000,0.221500000000,0.145300000000,0.147800000000,0.176200000000,0.169900000000,0.141600000000,0.148000000000,0.159800000000,0.153800000000,0.135400000000,0.146300000000,0.213500000000,0.221600000000,0.145300000000,0.147900000000,0.176300000000,0.170000000000,0.141600000000,0.148100000000,0.159800000000,0.153700000000,0.147600000000,0.146100000000,0.213500000000,0.221600000000,0.145300000000,0.147900000000,0.176200000000,0.170000000000,0.141700000000,0.148100000000,0.159800000000,0.153700000000,0.147500000000,0.140100000000,0.213400000000,0.221600000000,0.145300000000,0.147900000000,0.176200000000,0.170000000000,0.141700000000,0.148100000000,0.159800000000,0.153700000000,0.147700000000,0.140100000000,0.126300000000,0.221500000000,0.145300000000,0.147900000000,0.176200000000,0.170000000000,0.141700000000,0.148000000000,0.159900000000,0.153700000000,0.147600000000,0.140000000000,0.126200000000,0.123200000000,0.145400000000,0.147900000000,0.176200000000,0.169900000000,0.141700000000,0.148100000000,0.159700000000,0.153700000000,0.147600000000,0.140000000000,0.126100000000,0.123300000000,0.135400000000,0.147900000000,0.176200000000,0.170000000000,0.141700000000,0.148100000000,0.159900000000,0.153700000000,0.147700000000,0.140000000000,0.126100000000,0.123300000000,0.135400000000,0.146100000000,0.176200000000,0.169900000000,0.141600000000,0.148100000000,0.159900000000,0.153600000000,0.147600000000,0.140100000000,0.126300000000,0.123200000000,0.135400000000,0.146200000000,0.213500000000,0.170000000000,0.141700000000,0.148100000000,0.159900000000,0.153700000000,0.147600000000,0.140100000000,0.126200000000,0.123400000000,0.135500000000,0.146200000000,0.213500000000,0.221500000000,0.141800000000,0.148100000000,0.159900000000,0.153800000000,0.147600000000,0.140000000000,0.126200000000,0.123300000000,0.135400000000,0.146200000000,0.213500000000,0.221600000000,0.145300000000,0.148000000000,0.159800000000,0.153700000000,0.147600000000,0.140000000000,0.126200000000,0.123300000000,0.135400000000,0.146100000000,0.213400000000,0.221600000000,0.145300000000,0.147900000000
25,79.0,22.0,1.0,22.74999999999996,0.25000000000000006,-0.0004,61.13920399899962,61.27693864199955,False,0.159900000000,0.153600000000,0.147600000000,0.140200000000,0.126200000000,0.123300000000,0.135200000000,0.146300000000,0.213600000000,0.221600000000,0.145300000000,0.147800000000,0.176200000000,0.153700000000,0.147600000000,0.140100000000,0.126200000000,0.123300000000,0.135400000000,0.146300000000,0.213400000000,0.221600000000,0.145300000000,0.147900000000,0.176200000000,0.170000000000,0.147500000000,0.140100000000,0.126200000000,0.123200000000,0.135400000000,0.146200000000,0.213500000000,0.221500000000,0.145300000000,0.147900000000,0.176200000000,0.170000000000,0.141600000000,0.140100000000,0.126200000000,0.123200000000,0.135300000000,0.146200000000,0.213500000000,0.221500000000,0.145400000000,0.147900000000,0.176200000000,0.169900000000,0.141600000000,0.148000000000,0.126200000000,0.123300000000,0.135400000000,0.146200000000,0.213400000000,0.221500000000,0.145300000000,0.147900000000,0.176200000000,0.169900000000,0.141600000000,0.148000000000,0.159800000000,0.123300000000,0.135400000000,0.146100000000,0.213400000000,0.221600000000,0.145400000000,0.147900000000,0.176200000000,0.170000000000,0.141700000000,0.148000000000,0.159900000000,0.153800000000,0.135400000000,0.146200000000,0.213400000000,0.221600000000,0.145400000000,0.147900000000,0.176200000000,0.170000000000,0.141600000000,0.147900000000,0.159900000000,0.153700000000,0.147700000000,0.146200000000,0.213500000000,0.221500000000,0.145300000000,0.147900000000,0.176200000000,0.169900000000,0.141600000000,0.148000000000,0.159800000000,0.153600000000,0.147500000000,0.140100000000,0.213500000000,0.221600000000,0.145300000000,0.148000000000,0.176200000000,0.170100000000,0.141700000000,0.148000000000,0.159800000000,0.153700000000,0.147500000000,0.140100000000,0.126200000000,0.221600000000,0.145300000000,0.147900000000,0.176200000000,0.170000000000,0.141600000000,0.148100000000,0.159800000000,0.153800000000,0.147500000000,0.140000000000,0.126100000000,0.123200000000,0.145300000000,0.147900000000,0.176200000000,0.169900000000,0.141600000000,0.148000000000,0.160000000000,0.153700000000,0.147500000000,0.140000000000,0.126200000000,0.123100000000,0.135400000000,0.147900000000,0.176300000000,0.169900000000,0.141700000000,0.148000000000,0.159900000000,0.153600000000,0.147600000000,0.140100000000,0.126300000000,0.123300000000,0.135300000000,0.146200000000,0.176200000000,0.170000000000,0.141600000000,0.148000000000,0.159800000000,0.153600000000,0.147600000000,0.140100000000,0.126200000000,0.123100000000,0.135400000000,0.146100000000,0.213400000000,0.170000000000,0.141500000000,0.148000000000,0.159800000000,0.153700000000,0.147600000000,0.140000000000,0.126200000000,0.123200000000,0.135300000000,0.146200000000,0.213400000000,0.221500000000,0.141600000000,0.148000000000,0.159900000000,0.153700000000,0.147600000000,0.140000000000,0.126200000000,0.123200000000,0.135400000000,0.146100000000,0.213400000000,0.221600000000,0.145300000000,0.148000000000,0.159900000000,0.153800000000,0.147500000000,0.140000000000,0.126200000000,0.123200000000,0.135500000000,0.146200000000,0.213500000000,0.221600000000,0.145300000000,0.147800000000
26,79.0,22.0,1.0,22.73999999999996,0.26000000000000006,-0.0007,61.63888302699979,61.70972996599994,False,0.159800000000,0.153700000000,0.147600000000,0.140100000000,0.126200000000,0.123200000000,0.135400000000,0.146200000000,0.213400000000,0.221600000000,0.145300000000,0.147900000000,0.176300000000,0.153600000000,0.147600000000,0.140200000000,0.126200000000,0.123300000000,0.135500000000,0.146200000000,0.213300000000,0.221600000000,0.145300000000,0.147900000000,0.176200000000,0.170000000000,0.147500000000,0.139900000000,0.126200000000,0.123300000000,0.135400000000,0.146200000000,0.213400000000,0.221500000000,0.145300000000,0.147900000000,0.176200000000,0.170100000000,0.141700000000,0.140100000000,0.126200000000,0.123300000000,0.135400000000,0.146200000000,0.213300000000,0.221600000000,0.145300000000,0.147900000000,0.176300000000,0.170000000000,0.141700000000,0.148100000000,0.126200000000,0.123300000000,0.135500000000,0.146300000000,0.213300000000,0.221600000000,0.145300000000,0.147900000000,0.176200000000,0.170000000000,0.141700000000,0.148100000000,0.159900000000,0.123400000000,0.135400000000,0.146200000000,0.213300000000,0.221600000000,0.145300000000,0.147900000000,0.176200000000,0.170100000000,0.141600000000,0.148000000000,0.159700000000,0.153700000000,0.135400000000,0.146200000000,0.213400000000,0.221600000000,0.145400000000,0.147900000000,0.176200000000,0.170100000000,0.141700000000,0.148000000000,0.159800000000,0.153700000000,0.147600000000,0.146200000000,0.213300000000,0.221600000000,0.145300000000,0.147900000000,0.176200000000,0.170000000000,0.141700000000,0.148100000000,0.159800000000,0.153700000000,0.147600000000,0.140000000000,0.213400000000,0.221600000000,0.145300000000,0.147800000000,0.176200000000,0.170000000000,0.141700000000,0.148000000000,0.159900000000,0.153600000000,0.147600000000,0.140000000000,0.126200000000,0.221500000000,0.145400000000,0.148000000000,0.176200000000,0.170000000000,0.141700000000,0.148100000000,0.159900000000,0.153700000000,0.147500000000,0.140100000000,0.126100000000,0.123200000000,0.145300000000,0.147800000000,0.176200000000,0.170000000000,0.141700000000,0.148100000000,0.159800000000,0.153700000000,0.147500000000,0.140100000000,0.126200000000,0.123100000000,0.135500000000,0.147900000000,0.176200000000,0.170000000000,0.141700000000,0.148000000000,0.159900000000,0.153700000000,0.147600000000,0.140100000000,0.126200000000,0.123300000000,0.135500000000,0.146100000000,0.176200000000,0.170100000000,0.141600000000,0.148100000000,0.159800000000,0.153600000000,0.147500000000,0.140100000000,0.126200000000,0.123300000000,0.135400000000,0.146200000000,0.213400000000,0.170000000000,0.141600000000,0.148100000000,0.159800000000,0.153600000000,0.147600000000,0.140200000000,0.126300000000,0.123300000000,0.135400000000,0.146200000000,0.213300000000,0.221500000000,0.141500000000,0.148100000000,0.159900000000,0.153800000000,0.147500000000,0.140100000000,0.126100000000,0.123200000000,0.135400000000,0.146100000000,0.213400000000,0.221600000000,0.145400000000,0.148000000000,0.159800000000,0.153500000000,0.147600000000,0.140100000000,0.126300000000,0.123200000000,0.135500000000,0.146200000000,0.213400000000,0.221500000000,0.145300000000,0.147800000000
27,79.0,22.0,1.0,22.729999999999958,0.2700000000000001,-0.0001,62.14260757200009,62.3594477609995,False,0.160000000000,0.153700000000,0.147500000000,0.140200000000,0.126300000000,0.123400000000,0.135500000000,0.146200000000,0.213300000000,0.221600000000,0.145300000000,0.147900000000,0.176100000000,0.153700000000,0.147500000000,0.140200000000,0.126300000000,0.123300000000,0.135500000000,0.146400000000,0.213300000000,0.221600000000,0.145300000000,0.148000000000,0.176200000000,0.170000000000,0.147600000000,0.140200000000,0.126400000000,0.123300000000,0.135500000000,0.146400000000,0.213500000000,0.221600000000,0.145400000000,0.147900000000,0.176100000000,0.170000000000,0.141700000000,0.140200000000,0.126200000000,0.123400000000,0.135500000000,0.146300000000,0.213500000000,0.221600000000,0.145400000000,0.147900000000,0.176200000000,0.170000000000,0.141700000000,0.148100000000,0.126300000000,0.123200000000,0.135500000000,0.146300000000,0.213400000000,0.221600000000,0.145200000000,0.147900000000,0.176200000000,0.169900000000,0.141700000000,0.148200000000,0.159800000000,0.123300000000,0.135500000000,0.146300000000,0.213400000000,0.221600000000,0.145300000000,0.147900000000,0.176200000000,0.170000000000,0.141700000000,0.148100000000,0.159800000000,0.153700000000,0.135600000000,0.146300000000,0.213400000000,0.221500000000,0.145300000000,0.147800000000,0.176200000000,0.170000000000,0.141700000000,0.148100000000,0.159900000000,0.153700000000,0.147500000000,0.146300000000,0.213300000000,0.221500000000,0.145400000000,0.147800000000,0.176200000000,0.169900000000,0.141700000000,0.148000000000,0.159800000000,0.153600000000,0.147600000000,0.140200000000,0.213400000000,0.221600000000,0.145300000000,0.147800000000,0.176100000000,0.170000000000,0.141700000000,0.148100000000,0.159900000000,0.153600000000,0.147600000000,0.140200000000,0.126300000000,0.221500000000,0.145200000000,0.147800000000,0.176100000000,0.169900000000,0.141700000000,0.148100000000,0.159900000000,0.153700000000,0.147500000000,0.140200000000,0.126300000000,0.123200000000,0.145300000000,0.147900000000,0.176200000000,0.169900000000,0.141700000000,0.148200000000,0.159800000000,0.153600000000,0.147500000000,0.140100000000,0.126400000000,0.123200000000,0.135600000000,0.147900000000,0.176200000000,0.170000000000,0.141700000000,0.148200000000,0.159800000000,0.153700000000,0.147500000000,0.140100000000,0.126400000000,0.123300000000,0.135500000000,0.146300000000,0.176200000000,0.170100000000,0.141700000000,0.148100000000,0.159800000000,0.153500000000,0.147500000000,0.140100000000,0.126400000000,0.123200000000,0.135500000000,0.146300000000,0.213300000000,0.170000000000,0.141600000000,0.148100000000,0.159800000000,0.153600000000,0.147500000000,0.140200000000,0.126400000000,0.123300000000,0.135600000000,0.146300000000,0.213400000000,0.221500000000,0.141700000000,0.148100000000,0.159700000000,0.153600000000,0.147500000000,0.140200000000,0.126300000000,0.123200000000,0.135400000000,0.146300000000,0.213500000000,0.221500000000,0.145300000000,0.148100000000,0.159900000000,0.153700000000,0.147400000000,0.140200000000,0.126300000000,0.123300000000,0.135600000000,0.146300000000,0.213400000000,0.221500000000,0.145400000000,0.147800000000
28,79.0,22.0,1.0,22.719999999999956,0.2800000000000001,-0.0001,62.64244381499975,62.7912904220002,False,0.159800000000,0.153600000000,0.147500000000,0.140100000000,0.126200000000,0.123400000000,0.135600000000,0.146400000000,0.213400000000,0.221600000000,0.145400000000,0.148000000000,0.176200000000,0.153600000000,0.147400000000,0.140100000000,0.126100000000,0.123200000000,0.135600000000,0.146300000000,0.213400000000,0.221600000000,0.145300000000,0.147800000000,0.176200000000,0.170000000000,0.147600000000,0.140100000000,0.126100000000,0.123400000000,0.135600000000,0.146400000000,0.213400000000,0.221600000000,0.145400000000,0.147900000000,0.176200000000,0.169900000000,0.141800000000,0.140100000000,0.126200000000,0.123200000000,0.135600000000,0.146300000000,0.213400000000,0.221600000000,0.145200000000,0.147800000000,0.176200000000,0.170000000000,0.141700000000,0.148000000000,0.126300000000,0.123200000000,0.135600000000,0.146300000000,0.213500000000,0.221600000000,0.145300000000,0.147900000000,0.176200000000,0.170000000000,0.141700000000,0.148000000000,0.159800000000,0.123300000000,0.135700000000,0.146300000000,0.213500000000,0.221600000000,0.145400000000,0.147900000000,0.176100000000,0.170000000000,0.141800000000,0.148200000000,0.159800000000,0.153700000000,0.135600000000,0.146300000000,0.213400000000,0.221600000000,0.145300000000,0.147800000000,0.176200000000,0.170000000000,0.141800000000,0.148100000000,0.159800000000,0.153600000000,0.147500000000,0.146400000000,0.213400000000,0.221600000000,0.145300000000,0.147800000000,0.176100000000,0.170000000000,0.141700000000,0.148100000000,0.159700000000,0.153700000000,0.147600000000,0.140100000000,0.213600000000,0.221600000000,0.145400000000,0.147900000000,0.176100000000,0.169900000000,0.141700000000,0.148100000000,0.159800000000,0.153600000000,0.147500000000,0.140100000000,0.126200000000,0.221600000000,0.145300000000,0.147900000000,0.176200000000,0.169900000000,0.141700000000,0.148000000000,0.159800000000,0.153700000000,0.147400000000,0.140100000000,0.126200000000,0.123400000000,0.145300000000,0.147900000000,0.176200000000,0.169900000000,0.141700000000,0.148100000000,0.159700000000,0.153600000000,0.147600000000,0.140000000000,0.126200000000,0.123200000000,0.135700000000,0.147900000000,0.176300000000,0.170000000000,0.141800000000,0.148100000000,0.159700000000,0.153700000000,0.147500000000,0.140000000000,0.126200000000,0.123200000000,0.135700000000,0.146400000000,0.176200000000,0.169900000000,0.141800000000,0.148100000000,0.159800000000,0.153600000000,0.147600000000,0.140100000000,0.126200000000,0.123300000000,0.135700000000,0.146300000000,0.213400000000,0.170000000000,0.141700000000,0.148100000000,0.159700000000,0.153700000000,0.147600000000,0.140100000000,0.126100000000,0.123200000000,0.135600000000,0.146300000000,0.213400000000,0.221600000000,0.141700000000,0.148100000000,0.159700000000,0.153700000000,0.147600000000,0.140000000000,0.126100000000,0.123300000000,0.135500000000,0.146400000000,0.213500000000,0.221600000000,0.145300000000,0.148000000000,0.159700000000,0.153600000000,0.147500000000,0.140000000000,0.126300000000,0.123300000000,0.135700000000,0.146400000000,0.213400000000,0.221600000000,0.145300000000,0.147700000000
29,79.0,22.0,1.0,22.709999999999955,0.2900000000000001,-0.0002,63.14613627000017,63.22527599000023,False,0.159700000000,0.153800000000,0.147500000000,0.140100000000,0.126100000000,0.123400000000,0.135800000000,0.146400000000,0.213500000000,0.221500000000,0.145300000000,0.147800000000,0.176300000000,0.153700000000,0.147600000000,0.140100000000,0.126200000000,0.123400000000,0.135800000000,0.146400000000,0.213400000000,0.221500000000,0.145300000000,0.147900000000,0.176200000000,0.169900000000,0.147600000000,0.140000000000,0.126300000000,0.123400000000,0.135800000000,0.146400000000,0.213500000000,0.221600000000,0.145300000000,0.147800000000,0.176200000000,0.170000000000,0.141700000000,0.140000000000,0.126100000000,0.123300000000,0.135700000000,0.146400000000,0.213400000000,0.221600000000,0.145400000000,0.148000000000,0.176200000000,0.169900000000,0.141700000000,0.148000000000,0.126300000000,0.123400000000,0.135700000000,0.146400000000,0.213500000000,0.221400000000,0.145400000000,0.147900000000,0.176200000000,0.169900000000,0.141800000000,0.148100000000,0.159700000000,0.123400000000,0.135700000000,0.146600000000,0.213400000000,0.221600000000,0.145400000000,0.147800000000,0.176200000000,0.169900000000,0.141700000000,0.148100000000,0.159700000000,0.153700000000,0.135800000000,0.146500000000,0.213500000000,0.221500000000,0.145300000000,0.147800000000,0.176200000000,0.169900000000,0.141700000000,0.148200000000,0.159600000000,0.153700000000,0.147500000000,0.146400000000,0.213400000000,0.221600000000,0.145300000000,0.147900000000,0.176200000000,0.169900000000,0.141700000000,0.148000000000,0.159700000000,0.153700000000,0.147500000000,0.140000000000,0.213400000000,0.221600000000,0.145300000000,0.147900000000,0.176200000000,0.169900000000,0.141700000000,0.148000000000,0.159800000000,0.153600000000,0.147600000000,0.140100000000,0.126200000000,0.221600000000,0.145300000000,0.147900000000,0.176200000000,0.169900000000,0.141700000000,0.148100000000,0.159800000000,0.153700000000,0.147600000000,0.140000000000,0.126100000000,0.123300000000,0.145300000000,0.147900000000,0.176100000000,0.169900000000,0.141700000000,0.148000000000,0.159600000000,0.153600000000,0.147500000000,0.140000000000,0.126200000000,0.123400000000,0.135800000000,0.147900000000,0.176200000000,0.169900000000,0.141600000000,0.148100000000,0.159700000000,0.153700000000,0.147500000000,0.140100000000,0.126200000000,0.123300000000,0.135800000000,0.146400000000,0.176200000000,0.170000000000,0.141700000000,0.148100000000,0.159700000000,0.153700000000,0.147500000000,0.140000000000,0.126200000000,0.123400000000,0.135700000000,0.146400000000,0.213500000000,0.170000000000,0.141600000000,0.148000000000,0.159600000000,0.153700000000,0.147600000000,0.140100000000,0.126300000000,0.123400000000,0.135800000000,0.146500000000,0.213400000000,0.221600000000,0.141600000000,0.148000000000,0.159700000000,0.153700000000,0.147600000000,0.140200000000,0.126200000000,0.123300000000,0.135800000000,0.146500000000,0.213500000000,0.221600000000,0.145300000000,0.148000000000,0.159700000000,0.153600000000,0.147500000000,0.140000000000,0.126200000000,0.123400000000,0.135700000000,0.146400000000,0.213500000000,0.221600000000,0.145300000000,0.147900000000
30,79.0,22.0,1.0,22.699999999999953,0.3000000000000001,-0.0008,63.64988110299964,63.87299223199989,False,0.159600000000,0.153600000000,0.147500000000,0.140100000000,0.126300000000,0.123200000000,0.135800000000,0.146500000000,0.213400000000,0.221700000000,0.145300000000,0.147900000000,0.176200000000,0.153500000000,0.147500000000,0.140100000000,0.126200000000,0.123400000000,0.135700000000,0.146500000000,0.213600000000,0.221600000000,0.145400000000,0.147900000000,0.176100000000,0.169900000000,0.147500000000,0.140100000000,0.126300000000,0.123300000000,0.135700000000,0.146500000000,0.213500000000,0.221700000000,0.145300000000,0.147900000000,0.176200000000,0.169900000000,0.141700000000,0.140000000000,0.126300000000,0.123300000000,0.135700000000,0.146400000000,0.213500000000,0.221600000000,0.145300000000,0.147800000000,0.176100000000,0.169900000000,0.141600000000,0.148000000000,0.126200000000,0.123400000000,0.135800000000,0.146500000000,0.213500000000,0.221600000000,0.145300000000,0.147800000000,0.176200000000,0.169800000000,0.141600000000,0.148000000000,0.159600000000,0.123200000000,0.135800000000,0.146500000000,0.213400000000,0.221600000000,0.145400000000,0.147800000000,0.176200000000,0.169900000000,0.141700000000,0.148000000000,0.159600000000,0.153600000000,0.135800000000,0.146500000000,0.213500000000,0.221600000000,0.145300000000,0.147800000000,0.176100000000,0.169900000000,0.141600000000,0.148000000000,0.159600000000,0.153600000000,0.147600000000,0.146400000000,0.213400000000,0.221600000000,0.145400000000,0.147900000000,0.176200000000,0.169900000000,0.141600000000,0.148000000000,0.159600000000,0.153600000000,0.147500000000,0.140200000000,0.213500000000,0.221600000000,0.145400000000,0.147800000000,0.176200000000,0.169800000000,0.141600000000,0.148000000000,0.159600000000,0.153600000000,0.147500000000,0.140100000000,0.126200000000,0.221700000000,0.145300000000,0.147900000000,0.176200000000,0.169900000000,0.141600000000,0.147900000000,0.159600000000,0.153600000000,0.147500000000,0.140100000000,0.126300000000,0.123300000000,0.145300000000,0.147800000000,0.176200000000,0.169900000000,0.141600000000,0.148000000000,0.159600000000,0.153600000000,0.147500000000,0.140100000000,0.126400000000,0.123300000000,0.135700000000,0.147800000000,0.176100000000,0.169900000000,0.141600000000,0.148000000000,0.159700000000,0.153600000000,0.147600000000,0.140200000000,0.126200000000,0.123300000000,0.135800000000,0.146500000000,0.176100000000,0.169900000000,0.141600000000,0.148000000000,0.159500000000,0.153600000000,0.147600000000,0.140100000000,0.126300000000,0.123500000000,0.135700000000,0.146500000000,0.213500000000,0.170000000000,0.141600000000,0.147900000000,0.159600000000,0.153600000000,0.147600000000,0.140100000000,0.126300000000,0.123500000000,0.135900000000,0.146500000000,0.213400000000,0.221600000000,0.141600000000,0.148000000000,0.159700000000,0.153700000000,0.147600000000,0.140100000000,0.126200000000,0.123500000000,0.135800000000,0.146400000000,0.213400000000,0.221700000000,0.145300000000,0.148000000000,0.159700000000,0.153700000000,0.147500000000,0.140100000000,0.126300000000,0.123400000000,0.135800000000,0.146500000000,0.213400000000,0.221500000000,0.145400000000,0.147900000000
31,79.0,22.0,1.0,22.68999999999995,0.3100000000000001,-0.001,64.14972385799956,64.30663525,False,0.159700000000,0.153700000000,0.147500000000,0.140100000000,0.126400000000,0.123500000000,0.135900000000,0.146500000000,0.213400000000,0.221600000000,0.145300000000,0.147800000000,0.176200000000,0.153700000000,0.147400000000,0.140100000000,0.126300000000,0.123600000000,0.135900000000,0.146400000000,0.213500000000,0.221600000000,0.145300000000,0.147900000000,0.176200000000,0.169900000000,0.147500000000,0.140200000000,0.126400000000,0.123500000000,0.135900000000,0.146400000000,0.213500000000,0.221600000000,0.145400000000,0.147900000000,0.176100000000,0.169900000000,0.141600000000,0.140100000000,0.126400000000,0.123600000000,0.135900000000,0.146400000000,0.213400000000,0.221600000000,0.145400000000,0.147900000000,0.176200000000,0.169900000000,0.141500000000,0.148000000000,0.126300000000,0.123400000000,0.135800000000,0.146500000000,0.213400000000,0.221600000000,0.145300000000,0.147900000000,0.176100000000,0.169900000000,0.141500000000,0.147900000000,0.159700000000,0.123400000000,0.135900000000,0.146400000000,0.213400000000,0.221500000000,0.145300000000,0.147900000000,0.176200000000,0.169900000000,0.141700000000,0.147900000000,0.159600000000,0.153600000000,0.135900000000,0.146400000000,0.213400000000,0.221600000000,0.145300000000,0.147900000000,0.176200000000,0.169900000000,0.141600000000,0.148000000000,0.159600000000,0.153700000000,0.147600000000,0.146500000000,0.213500000000,0.221700000000,0.145300000000,0.147900000000,0.176100000000,0.169900000000,0.141600000000,0.147900000000,0.159800000000,0.153600000000,0.147500000000,0.140100000000,0.213400000000,0.221600000000,0.145300000000,0.147900000000,0.176200000000,0.169900000000,0.141600000000,0.148000000000,0.159700000000,0.153700000000,0.147500000000,0.140100000000,0.126300000000,0.221600000000,0.145300000000,0.147900000000,0.176100000000,0.169900000000,0.141500000000,0.148000000000,0.159600000000,0.153700000000,0.147600000000,0.140200000000,0.126400000000,0.123500000000,0.145300000000,0.147800000000,0.176100000000,0.169800000000,0.141600000000,0.147900000000,0.159600000000,0.153700000000,0.147600000000,0.140100000000,0.126300000000,0.123500000000,0.136000000000,0.147900000000,0.176200000000,0.169900000000,0.141500000000,0.148000000000,0.159800000000,0.153600000000,0.147500000000,0.140100000000,0.126200000000,0.123500000000,0.136000000000,0.146600000000,0.176200000000,0.169900000000,0.141500000000,0.147900000000,0.159600000000,0.153700000000,0.147500000000,0.140100000000,0.126400000000,0.123500000000,0.135800000000,0.146500000000,0.213400000000,0.169900000000,0.141600000000,0.148000000000,0.159700000000,0.153700000000,0.147500000000,0.140200000000,0.126300000000,0.123500000000,0.135900000000,0.146500000000,0.213500000000,0.221600000000,0.141700000000,0.148000000000,0.159700000000,0.153600000000,0.147500000000,0.140200000000,0.126300000000,0.123400000000,0.136000000000,0.146500000000,0.213400000000,0.221600000000,0.145400000000,0.147900000000,0.159700000000,0.153700000000,0.147600000000,0.140200000000,0.126400000000,0.123400000000,0.135900000000,0.146600000000,0.213500000000,0.221600000000,0.145300000000,0.147900000000
32,79.0,22.0,1.0,22.67999999999995,0.3200000000000001,-0.0007,64.6535423790001,64.73971074600013,False,0.159600000000,0.153700000000,0.147600000000,0.140200000000,0.126200000000,0.123300000000,0.135900000000,0.146500000000,0.213500000000,0.221600000000,0.145400000000,0.147900000000,0.176300000000,0.153800000000,0.147600000000,0.140200000000,0.126300000000,0.123500000000,0.135800000000,0.146600000000,0.213400000000,0.221600000000,0.145500000000,0.147900000000,0.176200000000,0.169800000000,0.147500000000,0.140300000000,0.126400000000,0.123500000000,0.136000000000,0.146500000000,0.213400000000,0.221700000000,0.145300000000,0.147900000000,0.176200000000,0.169800000000,0.141600000000,0.140200000000,0.126400000000,0.123400000000,0.135800000000,0.146500000000,0.213400000000,0.221600000000,0.145400000000,0.147900000000,0.176200000000,0.169900000000,0.141600000000,0.147900000000,0.126400000000,0.123300000000,0.136000000000,0.146500000000,0.213400000000,0.221600000000,0.145400000000,0.147900000000,0.176100000000,0.169900000000,0.141600000000,0.147900000000,0.159600000000,0.123500000000,0.135900000000,0.146500000000,0.213300000000,0.221500000000,0.145400000000,0.147900000000,0.176200000000,0.169800000000,0.141600000000,0.147900000000,0.159700000000,0.153600000000,0.135900000000,0.146500000000,0.213400000000,0.221600000000,0.145400000000,0.147800000000,0.176200000000,0.169900000000,0.141600000000,0.148000000000,0.159600000000,0.153800000000,0.147500000000,0.146600000000,0.213500000000,0.221500000000,0.145400000000,0.147800000000,0.176200000000,0.169900000000,0.141500000000,0.147900000000,0.159700000000,0.153800000000,0.147600000000,0.140200000000,0.213400000000,0.221600000000,0.145400000000,0.147900000000,0.176200000000,0.169800000000,0.141600000000,0.147900000000,0.159700000000,0.153700000000,0.147700000000,0.140300000000,0.126300000000,0.221600000000,0.145400000000,0.147900000000,0.176100000000,0.169900000000,0.141700000000,0.147900000000,0.159600000000,0.153700000000,0.147600000000,0.140200000000,0.126400000000,0.123300000000,0.145400000000,0.147900000000,0.176100000000,0.169800000000,0.141600000000,0.147800000000,0.159600000000,0.153700000000,0.147700000000,0.140300000000,0.126300000000,0.123300000000,0.135900000000,0.147900000000,0.176200000000,0.169900000000,0.141500000000,0.148000000000,0.159600000000,0.153700000000,0.147600000000,0.140300000000,0.126400000000,0.123300000000,0.135900000000,0.146500000000,0.176200000000,0.169800000000,0.141600000000,0.147900000000,0.159700000000,0.153600000000,0.147600000000,0.140200000000,0.126300000000,0.123400000000,0.135900000000,0.146500000000,0.213400000000,0.169900000000,0.141600000000,0.147900000000,0.159600000000,0.153700000000,0.147600000000,0.140200000000,0.126400000000,0.123400000000,0.135900000000,0.146500000000,0.213400000000,0.221600000000,0.141600000000,0.147900000000,0.159700000000,0.153700000000,0.147500000000,0.140100000000,0.126300000000,0.123400000000,0.135800000000,0.146500000000,0.213400000000,0.221600000000,0.145400000000,0.147900000000,0.159600000000,0.153800000000,0.147600000000,0.140200000000,0.126500000000,0.123300000000,0.135900000000,0.146500000000,0.213300000000,0.221600000000,0.145300000000,0.147900000000
33,79.0,22.0,1.0,22.66999999999995,0.3300000000000001,-0.0003,65.1531615949998,65.38728228699983,False,0.159500000000,0.153600000000,0.147500000000,0.140300000000,0.126500000000,0.123200000000,0.136000000000,0.146700000000,0.213500000000,0.221500000000,0.145400000000,0.147900000000,0.176200000000,0.153700000000,0.147600000000,0.140400000000,0.126400000000,0.123400000000,0.136100000000,0.146700000000,0.213400000000,0.221600000000,0.145300000000,0.147900000000,0.176200000000,0.169800000000,0.147500000000,0.140400000000,0.126400000000,0.123300000000,0.136000000000,0.146800000000,0.213500000000,0.221500000000,0.145400000000,0.147900000000,0.176200000000,0.169800000000,0.141700000000,0.140200000000,0.126500000000,0.123300000000,0.136000000000,0.146700000000,0.213500000000,0.221600000000,0.145300000000,0.147900000000,0.176100000000,0.169800000000,0.141600000000,0.147900000000,0.126400000000,0.123300000000,0.136000000000,0.146800000000,0.213500000000,0.221600000000,0.145300000000,0.148000000000,0.176200000000,0.169800000000,0.141600000000,0.147900000000,0.159500000000,0.123300000000,0.136000000000,0.146700000000,0.213500000000,0.221600000000,0.145400000000,0.148000000000,0.176200000000,0.169800000000,0.141600000000,0.147900000000,0.159600000000,0.153800000000,0.136000000000,0.146700000000,0.213400000000,0.221600000000,0.145300000000,0.147900000000,0.176200000000,0.169700000000,0.141500000000,0.147900000000,0.159500000000,0.153700000000,0.147600000000,0.146700000000,0.213400000000,0.221500000000,0.145400000000,0.147900000000,0.176200000000,0.169800000000,0.141500000000,0.147900000000,0.159500000000,0.153700000000,0.147600000000,0.140300000000,0.213400000000,0.221600000000,0.145400000000,0.147900000000,0.176200000000,0.169800000000,0.141500000000,0.147800000000,0.159500000000,0.153700000000,0.147600000000,0.140200000000,0.126500000000,0.221600000000,0.145300000000,0.147900000000,0.176200000000,0.169900000000,0.141500000000,0.147900000000,0.159600000000,0.153600000000,0.147600000000,0.140300000000,0.126500000000,0.123400000000,0.145300000000,0.147800000000,0.176200000000,0.169800000000,0.141600000000,0.147900000000,0.159600000000,0.153600000000,0.147500000000,0.140300000000,0.126500000000,0.123400000000,0.135900000000,0.147800000000,0.176100000000,0.169900000000,0.141500000000,0.147900000000,0.159600000000,0.153600000000,0.147700000000,0.140300000000,0.126400000000,0.123400000000,0.136000000000,0.146700000000,0.176200000000,0.169900000000,0.141500000000,0.147900000000,0.159600000000,0.153700000000,0.147600000000,0.140200000000,0.126500000000,0.123400000000,0.136100000000,0.146700000000,0.213500000000,0.169800000000,0.141600000000,0.147800000000,0.159600000000,0.153700000000,0.147500000000,0.140300000000,0.126500000000,0.123500000000,0.136100000000,0.146700000000,0.213500000000,0.221600000000,0.141600000000,0.147800000000,0.159600000000,0.153700000000,0.147700000000,0.140200000000,0.126500000000,0.123400000000,0.136100000000,0.146600000000,0.213400000000,0.221500000000,0.145400000000,0.147900000000,0.159600000000,0.153800000000,0.147600000000,0.140200000000,0.126500000000,0.123400000000,0.136000000000,0.146700000000,0.213500000000,0.221600000000,0.145300000000,0.147900000000
34,79.0,22.0,1.0,22.659999999999947,0.34000000000000014,-0.0003,65.65727367399995,65.82060998399993,False,0.159600000000,0.153700000000,0.147600000000,0.140200000000,0.126400000000,0.123600000000,0.136100000000,0.146600000000,0.213300000000,0.221600000000,0.145300000000,0.147900000000,0.176200000000,0.153700000000,0.147600000000,0.140200000000,0.126400000000,0.123500000000,0.136200000000,0.146500000000,0.213400000000,0.221600000000,0.145300000000,0.147900000000,0.176200000000,0.169800000000,0.147600000000,0.140300000000,0.126500000000,0.123500000000,0.136000000000,0.146700000000,0.213400000000,0.221600000000,0.145400000000,0.147900000000,0.176200000000,0.169900000000,0.141500000000,0.140200000000,0.126400000000,0.123400000000,0.136100000000,0.146700000000,0.213400000000,0.221600000000,0.145300000000,0.147900000000,0.176100000000,0.169700000000,0.141600000000,0.147900000000,0.126400000000,0.123500000000,0.136000000000,0.146700000000,0.213400000000,0.221600000000,0.145400000000,0.147800000000,0.176100000000,0.169800000000,0.141600000000,0.147900000000,0.159500000000,0.123600000000,0.136200000000,0.146700000000,0.213300000000,0.221600000000,0.145400000000,0.147900000000,0.176200000000,0.169900000000,0.141600000000,0.147900000000,0.159500000000,0.153600000000,0.136200000000,0.146700000000,0.213400000000,0.221600000000,0.145400000000,0.147900000000,0.176200000000,0.169700000000,0.141600000000,0.148000000000,0.159700000000,0.153700000000,0.147600000000,0.146700000000,0.213400000000,0.221600000000,0.145300000000,0.147900000000,0.176200000000,0.169800000000,0.141600000000,0.147800000000,0.159500000000,0.153700000000,0.147600000000,0.140100000000,0.213400000000,0.221500000000,0.145300000000,0.147800000000,0.176100000000,0.169800000000,0.141600000000,0.147900000000,0.159600000000,0.153700000000,0.147500000000,0.140200000000,0.126400000000,0.221600000000,0.145300000000,0.147900000000,0.176200000000,0.169800000000,0.141600000000,0.147900000000,0.159600000000,0.153700000000,0.147600000000,0.140200000000,0.126400000000,0.123500000000,0.145400000000,0.148000000000,0.176100000000,0.169800000000,0.141500000000,0.147800000000,0.159700000000,0.153800000000,0.147600000000,0.140200000000,0.126400000000,0.123600000000,0.136100000000,0.147900000000,0.176200000000,0.169800000000,0.141600000000,0.147900000000,0.159600000000,0.153700000000,0.147600000000,0.140200000000,0.126400000000,0.123400000000,0.136200000000,0.146700000000,0.176000000000,0.169800000000,0.141600000000,0.147900000000,0.159500000000,0.153700000000,0.147600000000,0.140300000000,0.126500000000,0.123500000000,0.136200000000,0.146800000000,0.213400000000,0.169800000000,0.141600000000,0.147900000000,0.159600000000,0.153600000000,0.147600000000,0.140200000000,0.126400000000,0.123500000000,0.136200000000,0.146700000000,0.213300000000,0.221600000000,0.141500000000,0.147900000000,0.159600000000,0.153700000000,0.147600000000,0.140200000000,0.126400000000,0.123500000000,0.136200000000,0.146700000000,0.213500000000,0.221600000000,0.145300000000,0.147900000000,0.159500000000,0.153700000000,0.147600000000,0.140300000000,0.126400000000,0.123500000000,0.136200000000,0.146700000000,0.213400000000,0.221600000000,0.145300000000,0.147900000000
35,79.0,22.0,1.0,22.649999999999945,0.35000000000000014,-0.0007,66.15657180899962,66.25290103299994,False,0.159600000000,0.153600000000,0.147700000000,0.140200000000,0.126500000000,0.123400000000,0.136100000000,0.146700000000,0.213400000000,0.221600000000,0.145300000000,0.147800000000,0.176300000000,0.153700000000,0.147600000000,0.140200000000,0.126500000000,0.123500000000,0.136200000000,0.146700000000,0.213400000000,0.221600000000,0.145300000000,0.147900000000,0.176200000000,0.169900000000,0.147600000000,0.140300000000,0.126400000000,0.123400000000,0.136100000000,0.146600000000,0.213400000000,0.221500000000,0.145400000000,0.148000000000,0.176100000000,0.169800000000,0.141600000000,0.140200000000,0.126500000000,0.123600000000,0.136200000000,0.146700000000,0.213400000000,0.221600000000,0.145300000000,0.147800000000,0.176100000000,0.169900000000,0.141600000000,0.147900000000,0.126400000000,0.123400000000,0.136200000000,0.146700000000,0.213500000000,0.221700000000,0.145300000000,0.147900000000,0.176200000000,0.169900000000,0.141600000000,0.147900000000,0.159500000000,0.123400000000,0.136100000000,0.146700000000,0.213500000000,0.221500000000,0.145400000000,0.147900000000,0.176200000000,0.169800000000,0.141700000000,0.147900000000,0.159600000000,0.153800000000,0.136200000000,0.146700000000,0.213400000000,0.221600000000,0.145300000000,0.148000000000,0.176200000000,0.170000000000,0.141600000000,0.148000000000,0.159600000000,0.153700000000,0.147500000000,0.146700000000,0.213500000000,0.221600000000,0.145300000000,0.147900000000,0.176200000000,0.169900000000,0.141700000000,0.147900000000,0.159500000000,0.153700000000,0.147600000000,0.140200000000,0.213500000000,0.221600000000,0.145300000000,0.147800000000,0.176300000000,0.169900000000,0.141600000000,0.148000000000,0.159600000000,0.153600000000,0.147600000000,0.140200000000,0.126400000000,0.221600000000,0.145400000000,0.148000000000,0.176200000000,0.169800000000,0.141600000000,0.147900000000,0.159600000000,0.153700000000,0.147600000000,0.140100000000,0.126500000000,0.123300000000,0.145400000000,0.148000000000,0.176200000000,0.169800000000,0.141700000000,0.147900000000,0.159700000000,0.153700000000,0.147600000000,0.140200000000,0.126400000000,0.123500000000,0.136100000000,0.147900000000,0.176100000000,0.169800000000,0.141600000000,0.147900000000,0.159500000000,0.153600000000,0.147500000000,0.140200000000,0.126300000000,0.123500000000,0.136200000000,0.146800000000,0.176100000000,0.169900000000,0.141600000000,0.147900000000,0.159700000000,0.153700000000,0.147600000000,0.140200000000,0.126300000000,0.123500000000,0.136200000000,0.146800000000,0.213500000000,0.169800000000,0.141500000000,0.147900000000,0.159600000000,0.153700000000,0.147600000000,0.140200000000,0.126300000000,0.123600000000,0.136200000000,0.146700000000,0.213500000000,0.221500000000,0.141500000000,0.147900000000,0.159600000000,0.153700000000,0.147600000000,0.140200000000,0.126400000000,0.123700000000,0.136200000000,0.146800000000,0.213400000000,0.221500000000,0.145400000000,0.147900000000,0.159600000000,0.153700000000,0.147600000000,0.140100000000,0.126500000000,0.123500000000,0.136200000000,0.146900000000,0.213500000000,0.221600000000,0.145300000000,0.147900000000
36,79.0,22.0,1.0,22.639999999999944,0.36000000000000015,-0.0007,66.66049922299953,66.90281611599949,False,0.159700000000,0.153700000000,0.147700000000,0.140400000000,0.126500000000,0.123600000000,0.136300000000,0.147000000000,0.213500000000,0.221600000000,0.145400000000,0.147900000000,0.176200000000,0.153800000000,0.147600000000,0.140300000000,0.126500000000,0.123700000000,0.136300000000,0.147000000000,0.213600000000,0.221600000000,0.145300000000,0.148000000000,0.176200000000,0.169900000000,0.147700000000,0.140400000000,0.126600000000,0.123700000000,0.136400000000,0.147000000000,0.213500000000,0.221500000000,0.145400000000,0.147900000000,0.176300000000,0.169900000000,0.141600000000,0.140400000000,0.126500000000,0.123700000000,0.136500000000,0.146900000000,0.213700000000,0.221600000000,0.145500000000,0.147900000000,0.176200000000,0.169900000000,0.141600000000,0.148000000000,0.126500000000,0.123600000000,0.136400000000,0.147000000000,0.213600000000,0.221600000000,0.145300000000,0.147900000000,0.176300000000,0.169900000000,0.141600000000,0.147900000000,0.159600000000,0.123600000000,0.136400000000,0.147000000000,0.213600000000,0.221600000000,0.145500000000,0.147900000000,0.176200000000,0.169800000000,0.141600000000,0.148000000000,0.159600000000,0.153800000000,0.136400000000,0.146900000000,0.213600000000,0.221500000000,0.145400000000,0.147900000000,0.176300000000,0.169800000000,0.141600000000,0.147900000000,0.159600000000,0.153800000000,0.147600000000,0.147000000000,0.213500000000,0.221600000000,0.145400000000,0.148000000000,0.176300000000,0.169900000000,0.141600000000,0.147900000000,0.159600000000,0.153800000000,0.147700000000,0.140300000000,0.213600000000,0.221600000000,0.145300000000,0.147900000000,0.176200000000,0.169900000000,0.141600000000,0.147900000000,0.159700000000,0.153700000000,0.147700000000,0.140300000000,0.126500000000,0.221600000000,0.145400000000,0.147900000000,0.176200000000,0.169800000000,0.141700000000,0.147900000000,0.159600000000,0.153900000000,0.147600000000,0.140300000000,0.126400000000,0.123500000000,0.145400000000,0.147900000000,0.176100000000,0.169800000000,0.141600000000,0.148000000000,0.159600000000,0.153800000000,0.147700000000,0.140300000000,0.126400000000,0.123500000000,0.136300000000,0.148000000000,0.176200000000,0.169800000000,0.141600000000,0.147900000000,0.159600000000,0.153700000000,0.147700000000,0.140300000000,0.126400000000,0.123500000000,0.136400000000,0.147100000000,0.176200000000,0.169900000000,0.141700000000,0.147900000000,0.159600000000,0.153800000000,0.147700000000,0.140300000000,0.126500000000,0.123400000000,0.136300000000,0.147100000000,0.213600000000,0.169800000000,0.141600000000,0.147800000000,0.159700000000,0.153600000000,0.147600000000,0.140200000000,0.126300000000,0.123500000000,0.136400000000,0.147000000000,0.213600000000,0.221600000000,0.141500000000,0.147900000000,0.159600000000,0.153800000000,0.147800000000,0.140300000000,0.126400000000,0.123500000000,0.136400000000,0.147100000000,0.213700000000,0.221500000000,0.145300000000,0.147900000000,0.159600000000,0.153800000000,0.147800000000,0.140300000000,0.126500000000,0.123600000000,0.136500000000,0.147200000000,0.213700000000,0.221600000000,0.145400000000,0.147900000000
37,79.0,22.0,1.0,22.629999999999942,0.37000000000000016,-0.0008,67.16004499199971,67.33516289999989,False,0.159600000000,0.153800000000,0.147700000000,0.140400000000,0.126400000000,0.123600000000,0.136300000000,0.147100000000,0.213600000000,0.221600000000,0.145400000000,0.147900000000,0.176200000000,0.153600000000,0.147700000000,0.140400000000,0.126500000000,0.123500000000,0.136400000000,0.147200000000,0.213600000000,0.221600000000,0.145300000000,0.148000000000,0.176300000000,0.169800000000,0.147800000000,0.140300000000,0.126600000000,0.123700000000,0.136500000000,0.147200000000,0.213600000000,0.221500000000,0.145400000000,0.148000000000,0.176200000000,0.169800000000,0.141600000000,0.140300000000,0.126600000000,0.123600000000,0.136600000000,0.147200000000,0.213600000000,0.221600000000,0.145400000000,0.147900000000,0.176200000000,0.169800000000,0.141600000000,0.147900000000,0.126400000000,0.123600000000,0.136400000000,0.147300000000,0.213600000000,0.221500000000,0.145400000000,0.147800000000,0.176200000000,0.169800000000,0.141600000000,0.147900000000,0.159500000000,0.123600000000,0.136600000000,0.147100000000,0.213600000000,0.221500000000,0.145300000000,0.147900000000,0.176200000000,0.169900000000,0.141500000000,0.147900000000,0.159600000000,0.153800000000,0.136400000000,0.147200000000,0.213600000000,0.221500000000,0.145400000000,0.147900000000,0.176200000000,0.169800000000,0.141500000000,0.147900000000,0.159600000000,0.153700000000,0.147600000000,0.147100000000,0.213700000000,0.221600000000,0.145400000000,0.148000000000,0.176200000000,0.169800000000,0.141500000000,0.147900000000,0.159600000000,0.153700000000,0.147700000000,0.140300000000,0.213600000000,0.221600000000,0.145400000000,0.147800000000,0.176200000000,0.169800000000,0.141700000000,0.147800000000,0.159600000000,0.153700000000,0.147700000000,0.140300000000,0.126600000000,0.221600000000,0.145300000000,0.147800000000,0.176200000000,0.169900000000,0.141500000000,0.147900000000,0.159600000000,0.153800000000,0.147700000000,0.140300000000,0.126700000000,0.123600000000,0.145500000000,0.147900000000,0.176200000000,0.169800000000,0.141500000000,0.147900000000,0.159600000000,0.153700000000,0.147600000000,0.140400000000,0.126600000000,0.123700000000,0.136400000000,0.148000000000,0.176100000000,0.169900000000,0.141600000000,0.148000000000,0.159600000000,0.153800000000,0.147700000000,0.140400000000,0.126600000000,0.123600000000,0.136500000000,0.147100000000,0.176300000000,0.169900000000,0.141600000000,0.147800000000,0.159600000000,0.153700000000,0.147600000000,0.140300000000,0.126400000000,0.123600000000,0.136600000000,0.147200000000,0.213600000000,0.169900000000,0.141600000000,0.147800000000,0.159600000000,0.153800000000,0.147600000000,0.140300000000,0.126600000000,0.123700000000,0.136600000000,0.147100000000,0.213500000000,0.221600000000,0.141700000000,0.147900000000,0.159600000000,0.153700000000,0.147700000000,0.140300000000,0.126600000000,0.123600000000,0.136500000000,0.147200000000,0.213500000000,0.221500000000,0.145300000000,0.147900000000,0.159600000000,0.153800000000,0.147600000000,0.140200000000,0.126400000000,0.123600000000,0.136500000000,0.147100000000,0.213500000000,0.221600000000,0.145400000000,0.148000000000
38,79.0,22.0,1.0,22.61999999999994,0.38000000000000017,-0.0003,67.66393992600024,67.76886654099962,False,0.159600000000,0.153600000000,0.147600000000,0.140200000000,0.126400000000,0.123700000000,0.136700000000,0.147100000000,0.213500000000,0.221600000000,0.145300000000,0.147900000000,0.176200000000,0.153700000000,0.147600000000,0.140300000000,0.126500000000,0.123700000000,0.136600000000,0.147100000000,0.213500000000,0.221600000000,0.145400000000,0.147900000000,0.176200000000,0.169800000000,0.147700000000,0.140100000000,0.126300000000,0.123800000000,0.136700000000,0.147100000000,0.213400000000,0.221600000000,0.145400000000,0.147900000000,0.176100000000,0.169800000000,0.141600000000,0.140200000000,0.126400000000,0.123700000000,0.136700000000,0.147100000000,0.213500000000,0.221500000000,0.145300000000,0.147900000000,0.176100000000,0.169900000000,0.141600000000,0.147900000000,0.126300000000,0.123600000000,0.136700000000,0.147100000000,0.213400000000,0.221500000000,0.145400000000,0.147900000000,0.176200000000,0.169900000000,0.141500000000,0.147800000000,0.159600000000,0.123700000000,0.136700000000,0.147100000000,0.213400000000,0.221500000000,0.145400000000,0.147900000000,0.176200000000,0.169900000000,0.141500000000,0.147900000000,0.159500000000,0.153700000000,0.136800000000,0.147200000000,0.213500000000,0.221500000000,0.145400000000,0.147900000000,0.176200000000,0.169900000000,0.141400000000,0.147900000000,0.159600000000,0.153800000000,0.147600000000,0.147200000000,0.213500000000,0.221500000000,0.145300000000,0.147900000000,0.176200000000,0.169800000000,0.141500000000,0.148000000000,0.159600000000,0.153800000000,0.147700000000,0.140300000000,0.213500000000,0.221500000000,0.145400000000,0.147900000000,0.176300000000,0.169900000000,0.141600000000,0.147800000000,0.159600000000,0.153800000000,0.147800000000,0.140200000000,0.126400000000,0.221500000000,0.145400000000,0.147900000000,0.176200000000,0.169800000000,0.141400000000,0.147900000000,0.159600000000,0.153600000000,0.147600000000,0.140300000000,0.126500000000,0.123600000000,0.145400000000,0.147900000000,0.176100000000,0.169900000000,0.141400000000,0.147800000000,0.159700000000,0.153700000000,0.147700000000,0.140300000000,0.126500000000,0.123700000000,0.136600000000,0.147900000000,0.176200000000,0.170000000000,0.141500000000,0.147900000000,0.159600000000,0.153700000000,0.147800000000,0.140400000000,0.126500000000,0.123500000000,0.136600000000,0.147100000000,0.176200000000,0.169900000000,0.141500000000,0.147900000000,0.159600000000,0.153700000000,0.147700000000,0.140200000000,0.126500000000,0.123600000000,0.136700000000,0.147200000000,0.213500000000,0.169900000000,0.141600000000,0.147900000000,0.159600000000,0.153600000000,0.147600000000,0.140300000000,0.126500000000,0.123700000000,0.136700000000,0.147100000000,0.213500000000,0.221600000000,0.141500000000,0.147900000000,0.159700000000,0.153600000000,0.147600000000,0.140300000000,0.126600000000,0.123700000000,0.136700000000,0.147200000000,0.213500000000,0.221600000000,0.145400000000,0.147800000000,0.159700000000,0.153600000000,0.147600000000,0.140400000000,0.126500000000,0.123700000000,0.136700000000,0.147200000000,0.213500000000,0.221500000000,0.145400000000,0.147900000000
39,79.0,22.0,1.0,22.60999999999994,0.3900000000000002,-0.0007,68.16767982999954,68.2007394279999,False,0.159700000000,0.153700000000,0.147700000000,0.140300000000,0.126400000000,0.123500000000,0.136600000000,0.147300000000,0.213500000000,0.221500000000,0.145500000000,0.147900000000,0.176200000000,0.153700000000,0.147700000000,0.140400000000,0.126500000000,0.123600000000,0.136600000000,0.147400000000,0.213500000000,0.221500000000,0.145300000000,0.147900000000,0.176200000000,0.169800000000,0.147700000000,0.140400000000,0.126600000000,0.123500000000,0.136800000000,0.147200000000,0.213500000000,0.221600000000,0.145400000000,0.147900000000,0.176200000000,0.169900000000,0.141500000000,0.140200000000,0.126500000000,0.123600000000,0.136700000000,0.147300000000,0.213500000000,0.221600000000,0.145400000000,0.148000000000,0.176200000000,0.169900000000,0.141500000000,0.147800000000,0.126500000000,0.123500000000,0.136800000000,0.147300000000,0.213500000000,0.221600000000,0.145300000000,0.148000000000,0.176100000000,0.170000000000,0.141600000000,0.147900000000,0.159600000000,0.123500000000,0.136700000000,0.147200000000,0.213500000000,0.221600000000,0.145400000000,0.147900000000,0.176300000000,0.169800000000,0.141600000000,0.147900000000,0.159600000000,0.153700000000,0.136700000000,0.147300000000,0.213500000000,0.221600000000,0.145300000000,0.147900000000,0.176100000000,0.169800000000,0.141500000000,0.147800000000,0.159700000000,0.153700000000,0.147700000000,0.147300000000,0.213500000000,0.221500000000,0.145500000000,0.147900000000,0.176200000000,0.169800000000,0.141500000000,0.147800000000,0.159600000000,0.153700000000,0.147700000000,0.140300000000,0.213400000000,0.221600000000,0.145400000000,0.147800000000,0.176300000000,0.169900000000,0.141500000000,0.147900000000,0.159600000000,0.153600000000,0.147700000000,0.140300000000,0.126400000000,0.221500000000,0.145300000000,0.147900000000,0.176200000000,0.169900000000,0.141600000000,0.147800000000,0.159600000000,0.153600000000,0.147700000000,0.140300000000,0.126400000000,0.123600000000,0.145300000000,0.147800000000,0.176200000000,0.169900000000,0.141500000000,0.147800000000,0.159600000000,0.153600000000,0.147600000000,0.140300000000,0.126600000000,0.123600000000,0.136800000000,0.148000000000,0.176200000000,0.169900000000,0.141500000000,0.147900000000,0.159600000000,0.153700000000,0.147600000000,0.140200000000,0.126500000000,0.123600000000,0.136700000000,0.147400000000,0.176200000000,0.169900000000,0.141500000000,0.147900000000,0.159500000000,0.153700000000,0.147600000000,0.140300000000,0.126400000000,0.123500000000,0.136700000000,0.147400000000,0.213500000000,0.169800000000,0.141400000000,0.147800000000,0.159600000000,0.153600000000,0.147700000000,0.140200000000,0.126600000000,0.123600000000,0.136800000000,0.147400000000,0.213500000000,0.221500000000,0.141500000000,0.147800000000,0.159600000000,0.153700000000,0.147600000000,0.140300000000,0.126500000000,0.123500000000,0.136800000000,0.147400000000,0.213400000000,0.221500000000,0.145500000000,0.147800000000,0.159700000000,0.153600000000,0.147700000000,0.140200000000,0.126500000000,0.123500000000,0.136800000000,0.147300000000,0.213400000000,0.221600000000,0.145300000000,0.147900000000
40,79.0,22.0,1.0,22.599999999999937,0.4000000000000002,-0.0007,68.66735781599982,68.84925588499937,False,0.159600000000,0.153600000000,0.147700000000,0.140200000000,0.126400000000,0.123500000000,0.136800000000,0.147600000000,0.213400000000,0.221500000000,0.145400000000,0.147900000000,0.176200000000,0.153600000000,0.147700000000,0.140200000000,0.126400000000,0.123700000000,0.136800000000,0.147500000000,0.213500000000,0.221500000000,0.145400000000,0.148000000000,0.176200000000,0.169900000000,0.147700000000,0.140300000000,0.126400000000,0.123600000000,0.136900000000,0.147500000000,0.213500000000,0.221500000000,0.145300000000,0.147900000000,0.176200000000,0.169900000000,0.141500000000,0.140300000000,0.126500000000,0.123400000000,0.136900000000,0.147500000000,0.213500000000,0.221600000000,0.145400000000,0.147900000000,0.176200000000,0.170000000000,0.141500000000,0.147900000000,0.126400000000,0.123500000000,0.136900000000,0.147500000000,0.213400000000,0.221500000000,0.145400000000,0.147900000000,0.176200000000,0.169900000000,0.141500000000,0.147900000000,0.159600000000,0.123600000000,0.136900000000,0.147600000000,0.213400000000,0.221500000000,0.145300000000,0.147900000000,0.176200000000,0.169900000000,0.141600000000,0.148000000000,0.159700000000,0.153600000000,0.136900000000,0.147600000000,0.213500000000,0.221500000000,0.145300000000,0.148000000000,0.176200000000,0.169900000000,0.141500000000,0.148000000000,0.159700000000,0.153700000000,0.147800000000,0.147500000000,0.213400000000,0.221600000000,0.145400000000,0.148000000000,0.176100000000,0.169900000000,0.141500000000,0.147900000000,0.159700000000,0.153700000000,0.147700000000,0.140400000000,0.213400000000,0.221500000000,0.145400000000,0.148000000000,0.176100000000,0.169800000000,0.141500000000,0.147800000000,0.159700000000,0.153600000000,0.147600000000,0.140200000000,0.126300000000,0.221500000000,0.145300000000,0.147900000000,0.176200000000,0.169900000000,0.141500000000,0.147900000000,0.159800000000,0.153600000000,0.147600000000,0.140300000000,0.126400000000,0.123500000000,0.145400000000,0.147900000000,0.176300000000,0.169900000000,0.141500000000,0.147900000000,0.159600000000,0.153700000000,0.147600000000,0.140200000000,0.126400000000,0.123500000000,0.137000000000,0.147900000000,0.176200000000,0.169900000000,0.141500000000,0.148100000000,0.159700000000,0.153600000000,0.147700000000,0.140200000000,0.126400000000,0.123600000000,0.137000000000,0.147700000000,0.176100000000,0.169900000000,0.141500000000,0.148000000000,0.159800000000,0.153700000000,0.147600000000,0.140300000000,0.126400000000,0.123500000000,0.137000000000,0.147600000000,0.213500000000,0.169900000000,0.141500000000,0.147900000000,0.159700000000,0.153700000000,0.147700000000,0.140200000000,0.126500000000,0.123400000000,0.137000000000,0.147600000000,0.213500000000,0.221500000000,0.141600000000,0.148000000000,0.159700000000,0.153700000000,0.147600000000,0.140300000000,0.126400000000,0.123600000000,0.136900000000,0.147600000000,0.213400000000,0.221600000000,0.145400000000,0.148000000000,0.159700000000,0.153600000000,0.147700000000,0.140300000000,0.126400000000,0.123600000000,0.137000000000,0.147700000000,0.213400000000,0.221600000000,0.145400000000,0.148000000000
41,79.0,22.0,1.0,22.589999999999936,0.4100000000000002,-0.0008,69.17101020599966,69.28246829799991,False,0.159700000000,0.153600000000,0.147600000000,0.140200000000,0.126300000000,0.123400000000,0.137000000000,0.147600000000,0.213500000000,0.221600000000,0.145400000000,0.148000000000,0.176200000000,0.153600000000,0.147700000000,0.140100000000,0.126300000000,0.123500000000,0.137000000000,0.147700000000,0.213600000000,0.221500000000,0.145400000000,0.148000000000,0.176300000000,0.170000000000,0.147800000000,0.140200000000,0.126400000000,0.123500000000,0.137200000000,0.147700000000,0.213500000000,0.221500000000,0.145300000000,0.147900000000,0.176200000000,0.169900000000,0.141600000000,0.140200000000,0.126400000000,0.123500000000,0.137100000000,0.147700000000,0.213400000000,0.221600000000,0.145400000000,0.147900000000,0.176200000000,0.169900000000,0.141500000000,0.147900000000,0.126300000000,0.123500000000,0.137100000000,0.147700000000,0.213400000000,0.221600000000,0.145300000000,0.147900000000,0.176200000000,0.169900000000,0.141600000000,0.147900000000,0.159800000000,0.123500000000,0.137100000000,0.147700000000,0.213500000000,0.221600000000,0.145400000000,0.147800000000,0.176200000000,0.169800000000,0.141600000000,0.148000000000,0.159700000000,0.153600000000,0.137100000000,0.147600000000,0.213500000000,0.221700000000,0.145300000000,0.147900000000,0.176300000000,0.170000000000,0.141500000000,0.147800000000,0.159700000000,0.153700000000,0.147600000000,0.147700000000,0.213500000000,0.221600000000,0.145400000000,0.147900000000,0.176200000000,0.169900000000,0.141600000000,0.147900000000,0.159700000000,0.153700000000,0.147800000000,0.140000000000,0.213400000000,0.221600000000,0.145400000000,0.147900000000,0.176200000000,0.169900000000,0.141400000000,0.147900000000,0.159800000000,0.153700000000,0.147700000000,0.140100000000,0.126300000000,0.221600000000,0.145300000000,0.147900000000,0.176200000000,0.170000000000,0.141400000000,0.147900000000,0.159700000000,0.153600000000,0.147700000000,0.140200000000,0.126400000000,0.123400000000,0.145300000000,0.147900000000,0.176100000000,0.169900000000,0.141600000000,0.147900000000,0.159600000000,0.153700000000,0.147700000000,0.140200000000,0.126400000000,0.123500000000,0.137000000000,0.147900000000,0.176200000000,0.169900000000,0.141500000000,0.147900000000,0.159600000000,0.153700000000,0.147600000000,0.140200000000,0.126300000000,0.123500000000,0.137200000000,0.147700000000,0.176200000000,0.169900000000,0.141400000000,0.148000000000,0.159700000000,0.153600000000,0.147700000000,0.140200000000,0.126200000000,0.123500000000,0.137100000000,0.147800000000,0.213500000000,0.170000000000,0.141600000000,0.148000000000,0.159700000000,0.153600000000,0.147600000000,0.140100000000,0.126300000000,0.123500000000,0.137100000000,0.147800000000,0.213400000000,0.221500000000,0.141600000000,0.147900000000,0.159700000000,0.153600000000,0.147600000000,0.140100000000,0.126300000000,0.123500000000,0.137200000000,0.147800000000,0.213400000000,0.221600000000,0.145300000000,0.147900000000,0.159700000000,0.153600000000,0.147600000000,0.140100000000,0.126200000000,0.123400000000,0.137300000000,0.147800000000,0.213400000000,0.221600000000,0.145400000000,0.147900000000
42,79.0,22.0,1.0,22.579999999999934,0.4200000000000002,-0.001,69.67085651700017,69.71521063099954,False,0.159700000000,0.153700000000,0.147600000000,0.140200000000,0.126300000000,0.123400000000,0.137300000000,0.147900000000,0.213400000000,0.221500000000,0.145500000000,0.148000000000,0.176300000000,0.153600000000,0.147600000000,0.140100000000,0.126300000000,0.123400000000,0.137400000000,0.147800000000,0.213400000000,0.221500000000,0.145400000000,0.147900000000,0.176200000000,0.169900000000,0.147700000000,0.140200000000,0.126300000000,0.123400000000,0.137400000000,0.147900000000,0.213400000000,0.221500000000,0.145400000000,0.148000000000,0.176200000000,0.169900000000,0.141500000000,0.140000000000,0.126300000000,0.123500000000,0.137400000000,0.147900000000,0.213200000000,0.221500000000,0.145400000000,0.147900000000,0.176200000000,0.169900000000,0.141500000000,0.148000000000,0.126300000000,0.123600000000,0.137400000000,0.147900000000,0.213300000000,0.221500000000,0.145400000000,0.147900000000,0.176200000000,0.170000000000,0.141600000000,0.148000000000,0.159600000000,0.123500000000,0.137300000000,0.148000000000,0.213300000000,0.221500000000,0.145300000000,0.147900000000,0.176100000000,0.170000000000,0.141500000000,0.147800000000,0.159800000000,0.153600000000,0.137300000000,0.148000000000,0.213400000000,0.221500000000,0.145400000000,0.148000000000,0.176200000000,0.170000000000,0.141600000000,0.147900000000,0.159700000000,0.153700000000,0.147600000000,0.147900000000,0.213300000000,0.221500000000,0.145400000000,0.147900000000,0.176200000000,0.169900000000,0.141400000000,0.147900000000,0.159600000000,0.153700000000,0.147600000000,0.140100000000,0.213200000000,0.221600000000,0.145400000000,0.147900000000,0.176200000000,0.169900000000,0.141600000000,0.147900000000,0.159700000000,0.153600000000,0.147600000000,0.139900000000,0.126200000000,0.221500000000,0.145300000000,0.147900000000,0.176200000000,0.169900000000,0.141500000000,0.148000000000,0.159700000000,0.153700000000,0.147700000000,0.140100000000,0.126400000000,0.123500000000,0.145300000000,0.148000000000,0.176200000000,0.169900000000,0.141500000000,0.148000000000,0.159600000000,0.153600000000,0.147700000000,0.140100000000,0.126300000000,0.123400000000,0.137400000000,0.148000000000,0.176200000000,0.169900000000,0.141500000000,0.147900000000,0.159600000000,0.153700000000,0.147700000000,0.140100000000,0.126200000000,0.123500000000,0.137400000000,0.147900000000,0.176100000000,0.169900000000,0.141600000000,0.148000000000,0.159700000000,0.153600000000,0.147700000000,0.140100000000,0.126200000000,0.123600000000,0.137500000000,0.148000000000,0.213400000000,0.169900000000,0.141500000000,0.147800000000,0.159700000000,0.153700000000,0.147600000000,0.140100000000,0.126300000000,0.123400000000,0.137400000000,0.148000000000,0.213300000000,0.221600000000,0.141600000000,0.147900000000,0.159700000000,0.153700000000,0.147600000000,0.140200000000,0.126300000000,0.123500000000,0.137400000000,0.147900000000,0.213400000000,0.221500000000,0.145400000000,0.147900000000,0.159700000000,0.153700000000,0.147700000000,0.140100000000,0.126200000000,0.123500000000,0.137300000000,0.147900000000,0.213300000000,0.221600000000,0.145300000000,0.147900000000
43,79.0,22.0,1.0,22.569999999999933,0.4300000000000002,-0.0011,70.17454109699975,70.36461827499988,False,0.159500000000,0.153600000000,0.147700000000,0.140100000000,0.126300000000,0.123400000000,0.137600000000,0.148200000000,0.213300000000,0.221600000000,0.145400000000,0.147900000000,0.176200000000,0.153600000000,0.147600000000,0.140100000000,0.126400000000,0.123600000000,0.137700000000,0.148200000000,0.213400000000,0.221600000000,0.145400000000,0.147900000000,0.176200000000,0.169900000000,0.147600000000,0.140200000000,0.126300000000,0.123400000000,0.137700000000,0.148200000000,0.213300000000,0.221500000000,0.145400000000,0.147900000000,0.176200000000,0.169900000000,0.141600000000,0.140100000000,0.126300000000,0.123500000000,0.137800000000,0.148300000000,0.213300000000,0.221600000000,0.145300000000,0.147900000000,0.176100000000,0.170000000000,0.141500000000,0.147900000000,0.126300000000,0.123400000000,0.137700000000,0.148300000000,0.213300000000,0.221500000000,0.145400000000,0.147900000000,0.176200000000,0.169900000000,0.141500000000,0.147900000000,0.159600000000,0.123500000000,0.137800000000,0.148200000000,0.213300000000,0.221600000000,0.145400000000,0.148000000000,0.176300000000,0.169900000000,0.141500000000,0.147900000000,0.159700000000,0.153600000000,0.137700000000,0.148300000000,0.213300000000,0.221600000000,0.145400000000,0.147900000000,0.176200000000,0.169900000000,0.141500000000,0.147900000000,0.159600000000,0.153700000000,0.147600000000,0.148200000000,0.213200000000,0.221600000000,0.145500000000,0.147900000000,0.176200000000,0.169900000000,0.141600000000,0.147900000000,0.159500000000,0.153600000000,0.147700000000,0.140200000000,0.213300000000,0.221500000000,0.145400000000,0.147900000000,0.176200000000,0.169900000000,0.141500000000,0.147900000000,0.159700000000,0.153600000000,0.147600000000,0.140200000000,0.126300000000,0.221600000000,0.145400000000,0.148000000000,0.176200000000,0.169900000000,0.141500000000,0.147900000000,0.159600000000,0.153700000000,0.147700000000,0.140200000000,0.126400000000,0.123400000000,0.145300000000,0.147900000000,0.176200000000,0.169800000000,0.141600000000,0.147900000000,0.159600000000,0.153600000000,0.147600000000,0.140200000000,0.126400000000,0.123600000000,0.137800000000,0.147900000000,0.176200000000,0.169900000000,0.141500000000,0.147900000000,0.159600000000,0.153600000000,0.147700000000,0.140100000000,0.126300000000,0.123500000000,0.137900000000,0.148300000000,0.176200000000,0.170000000000,0.141600000000,0.147900000000,0.159700000000,0.153600000000,0.147600000000,0.140200000000,0.126300000000,0.123500000000,0.137900000000,0.148400000000,0.213300000000,0.169800000000,0.141500000000,0.147900000000,0.159600000000,0.153600000000,0.147600000000,0.140100000000,0.126300000000,0.123500000000,0.138000000000,0.148300000000,0.213300000000,0.221600000000,0.141500000000,0.147900000000,0.159600000000,0.153600000000,0.147600000000,0.140100000000,0.126300000000,0.123500000000,0.138000000000,0.148400000000,0.213300000000,0.221500000000,0.145400000000,0.147800000000,0.159600000000,0.153600000000,0.147700000000,0.140100000000,0.126300000000,0.123400000000,0.137900000000,0.148400000000,0.213300000000,0.221500000000,0.145300000000,0.147900000000
44,79.0,22.0,1.0,22.55999999999993,0.4400000000000002,-0.0018,70.6743257019998,70.79668476400002,False,0.159600000000,0.153600000000,0.147500000000,0.140200000000,0.126300000000,0.123600000000,0.138200000000,0.148500000000,0.213300000000,0.221600000000,0.145300000000,0.147900000000,0.176200000000,0.153700000000,0.147700000000,0.140200000000,0.126300000000,0.123600000000,0.138100000000,0.148500000000,0.213300000000,0.221600000000,0.145400000000,0.147900000000,0.176200000000,0.169900000000,0.147600000000,0.140100000000,0.126200000000,0.123500000000,0.138200000000,0.148500000000,0.213300000000,0.221500000000,0.145400000000,0.147900000000,0.176100000000,0.169900000000,0.141400000000,0.140100000000,0.126200000000,0.123600000000,0.138300000000,0.148500000000,0.213300000000,0.221500000000,0.145300000000,0.147900000000,0.176200000000,0.169900000000,0.141500000000,0.147800000000,0.126200000000,0.123600000000,0.138200000000,0.148400000000,0.213200000000,0.221500000000,0.145400000000,0.147900000000,0.176200000000,0.170000000000,0.141400000000,0.147900000000,0.159500000000,0.123600000000,0.138200000000,0.148400000000,0.213300000000,0.221500000000,0.145400000000,0.148000000000,0.176200000000,0.169900000000,0.141500000000,0.147700000000,0.159600000000,0.153600000000,0.138300000000,0.148500000000,0.213300000000,0.221600000000,0.145400000000,0.148000000000,0.176200000000,0.169800000000,0.141500000000,0.147800000000,0.159600000000,0.153700000000,0.147700000000,0.148500000000,0.213200000000,0.221500000000,0.145400000000,0.147800000000,0.176200000000,0.169900000000,0.141600000000,0.147900000000,0.159600000000,0.153700000000,0.147600000000,0.140000000000,0.213300000000,0.221500000000,0.145400000000,0.147900000000,0.176200000000,0.169900000000,0.141500000000,0.147800000000,0.159500000000,0.153600000000,0.147700000000,0.140100000000,0.126300000000,0.221500000000,0.145500000000,0.147900000000,0.176200000000,0.169900000000,0.141500000000,0.147800000000,0.159600000000,0.153600000000,0.147600000000,0.140100000000,0.126300000000,0.123700000000,0.145400000000,0.147900000000,0.176200000000,0.169700000000,0.141500000000,0.147900000000,0.159600000000,0.153700000000,0.147500000000,0.140100000000,0.126300000000,0.123600000000,0.138200000000,0.147900000000,0.176200000000,0.169800000000,0.141500000000,0.147700000000,0.159600000000,0.153700000000,0.147700000000,0.140100000000,0.126300000000,0.123500000000,0.138200000000,0.148600000000,0.176200000000,0.169800000000,0.141400000000,0.147900000000,0.159500000000,0.153600000000,0.147600000000,0.140100000000,0.126400000000,0.123600000000,0.138200000000,0.148700000000,0.213200000000,0.169900000000,0.141500000000,0.147900000000,0.159500000000,0.153700000000,0.147600000000,0.140100000000,0.126300000000,0.123600000000,0.138200000000,0.148600000000,0.213200000000,0.221500000000,0.141600000000,0.147900000000,0.159600000000,0.153600000000,0.147600000000,0.140100000000,0.126300000000,0.123700000000,0.138200000000,0.148600000000,0.213300000000,0.221400000000,0.145400000000,0.147800000000,0.159600000000,0.153600000000,0.147600000000,0.140100000000,0.126200000000,0.123600000000,0.138200000000,0.148700000000,0.213200000000,0.221500000000,0.145400000000,0.147900000000
45,79.0,22.0,1.0,22.54999999999993,0.45000000000000023,-0.0014,71.17807423199974,71.23068279600011,False,0.159500000000,0.153500000000,0.147700000000,0.140200000000,0.126300000000,0.123600000000,0.138500000000,0.148600000000,0.213200000000,0.221600000000,0.145300000000,0.147900000000,0.176100000000,0.153600000000,0.147600000000,0.140100000000,0.126300000000,0.123700000000,0.138400000000,0.148700000000,0.213300000000,0.221400000000,0.145400000000,0.147900000000,0.176200000000,0.169800000000,0.147700000000,0.140200000000,0.126300000000,0.123600000000,0.138500000000,0.148700000000,0.213300000000,0.221500000000,0.145300000000,0.147900000000,0.176100000000,0.169700000000,0.141400000000,0.140200000000,0.126300000000,0.123500000000,0.138400000000,0.148900000000,0.213300000000,0.221500000000,0.145400000000,0.147900000000,0.176200000000,0.169800000000,0.141600000000,0.147800000000,0.126300000000,0.123600000000,0.138500000000,0.149000000000,0.213200000000,0.221500000000,0.145300000000,0.147900000000,0.176100000000,0.169900000000,0.141600000000,0.147900000000,0.159600000000,0.123500000000,0.138600000000,0.149000000000,0.213200000000,0.221400000000,0.145300000000,0.147900000000,0.176100000000,0.169800000000,0.141500000000,0.147800000000,0.159500000000,0.153600000000,0.138600000000,0.148900000000,0.213300000000,0.221500000000,0.145300000000,0.148000000000,0.176100000000,0.169800000000,0.141500000000,0.147900000000,0.159600000000,0.153500000000,0.147700000000,0.148900000000,0.213200000000,0.221600000000,0.145400000000,0.148000000000,0.176200000000,0.169800000000,0.141500000000,0.147800000000,0.159500000000,0.153700000000,0.147600000000,0.140100000000,0.213200000000,0.221500000000,0.145300000000,0.147800000000,0.176100000000,0.169900000000,0.141400000000,0.147800000000,0.159400000000,0.153600000000,0.147600000000,0.140100000000,0.126400000000,0.221500000000,0.145300000000,0.147900000000,0.176300000000,0.169800000000,0.141500000000,0.147900000000,0.159600000000,0.153600000000,0.147700000000,0.140300000000,0.126400000000,0.123600000000,0.145400000000,0.147900000000,0.176200000000,0.169900000000,0.141600000000,0.147900000000,0.159500000000,0.153600000000,0.147600000000,0.140100000000,0.126300000000,0.123600000000,0.138600000000,0.148000000000,0.176100000000,0.169800000000,0.141600000000,0.147900000000,0.159500000000,0.153500000000,0.147700000000,0.140100000000,0.126200000000,0.123600000000,0.138600000000,0.149000000000,0.176300000000,0.169900000000,0.141600000000,0.147900000000,0.159600000000,0.153600000000,0.147500000000,0.140100000000,0.126300000000,0.123500000000,0.138700000000,0.148900000000,0.213300000000,0.169900000000,0.141400000000,0.147800000000,0.159500000000,0.153600000000,0.147600000000,0.140100000000,0.126300000000,0.123600000000,0.138600000000,0.149000000000,0.213300000000,0.221500000000,0.141500000000,0.147700000000,0.159500000000,0.153600000000,0.147500000000,0.140200000000,0.126300000000,0.123600000000,0.138700000000,0.149000000000,0.213200000000,0.221400000000,0.145400000000,0.147800000000,0.159600000000,0.153600000000,0.147600000000,0.140100000000,0.126400000000,0.123700000000,0.138700000000,0.148900000000,0.213300000000,0.221600000000,0.145400000000,0.147900000000
46,79.0,22.0,1.0,22.539999999999928,0.46000000000000024,-0.0014,71.67827091799973,71.87897872099984,False,0.159500000000,0.153600000000,0.147600000000,0.140100000000,0.126400000000,0.123500000000,0.139100000000,0.149400000000,0.213200000000,0.221500000000,0.145300000000,0.148000000000,0.176300000000,0.153600000000,0.147700000000,0.140200000000,0.126400000000,0.123500000000,0.139100000000,0.149400000000,0.213200000000,0.221500000000,0.145400000000,0.147900000000,0.176200000000,0.169800000000,0.147600000000,0.140200000000,0.126300000000,0.123600000000,0.139100000000,0.149400000000,0.213200000000,0.221400000000,0.145400000000,0.147900000000,0.176100000000,0.169900000000,0.141500000000,0.140100000000,0.126400000000,0.123500000000,0.139100000000,0.149400000000,0.213100000000,0.221500000000,0.145300000000,0.147900000000,0.176200000000,0.169900000000,0.141600000000,0.147800000000,0.126400000000,0.123600000000,0.139100000000,0.149400000000,0.213200000000,0.221500000000,0.145300000000,0.148000000000,0.176200000000,0.169800000000,0.141600000000,0.147800000000,0.159400000000,0.123500000000,0.139100000000,0.149400000000,0.213200000000,0.221500000000,0.145400000000,0.147900000000,0.176200000000,0.169900000000,0.141500000000,0.147800000000,0.159500000000,0.153600000000,0.139100000000,0.149400000000,0.213200000000,0.221500000000,0.145300000000,0.147900000000,0.176200000000,0.169800000000,0.141500000000,0.147900000000,0.159600000000,0.153600000000,0.147500000000,0.149300000000,0.213100000000,0.221500000000,0.145400000000,0.148000000000,0.176200000000,0.169800000000,0.141600000000,0.147900000000,0.159600000000,0.153600000000,0.147600000000,0.140200000000,0.213200000000,0.221400000000,0.145300000000,0.147900000000,0.176200000000,0.169800000000,0.141500000000,0.147900000000,0.159500000000,0.153600000000,0.147500000000,0.140200000000,0.126400000000,0.221500000000,0.145300000000,0.148000000000,0.176200000000,0.169800000000,0.141500000000,0.147900000000,0.159500000000,0.153600000000,0.147600000000,0.140100000000,0.126300000000,0.123500000000,0.145300000000,0.147900000000,0.176200000000,0.169800000000,0.141600000000,0.147800000000,0.159500000000,0.153600000000,0.147700000000,0.140200000000,0.126500000000,0.123600000000,0.139100000000,0.147900000000,0.176200000000,0.169900000000,0.141600000000,0.147900000000,0.159600000000,0.153600000000,0.147500000000,0.140200000000,0.126300000000,0.123500000000,0.139200000000,0.149500000000,0.176100000000,0.169800000000,0.141700000000,0.147800000000,0.159500000000,0.153600000000,0.147500000000,0.140300000000,0.126400000000,0.123600000000,0.139100000000,0.149500000000,0.213100000000,0.169800000000,0.141600000000,0.147900000000,0.159400000000,0.153500000000,0.147600000000,0.140200000000,0.126500000000,0.123500000000,0.139300000000,0.149500000000,0.213200000000,0.221400000000,0.141600000000,0.147900000000,0.159500000000,0.153600000000,0.147500000000,0.140300000000,0.126500000000,0.123600000000,0.139200000000,0.149500000000,0.213300000000,0.221500000000,0.145400000000,0.147900000000,0.159500000000,0.153600000000,0.147600000000,0.140300000000,0.126500000000,0.123600000000,0.139200000000,0.149600000000,0.213300000000,0.221500000000,0.145300000000,0.148000000000
47,79.0,22.0,1.0,22.529999999999927,0.47000000000000025,-0.0005,72.18148894600017,72.31349338000018,False,0.159500000000,0.153600000000,0.147500000000,0.140100000000,0.126400000000,0.123600000000,0.139400000000,0.149600000000,0.213100000000,0.221500000000,0.145400000000,0.147900000000,0.176200000000,0.153600000000,0.147500000000,0.140200000000,0.126500000000,0.123500000000,0.139500000000,0.149800000000,0.213100000000,0.221500000000,0.145300000000,0.147900000000,0.176300000000,0.169800000000,0.147600000000,0.140200000000,0.126500000000,0.123500000000,0.139400000000,0.149800000000,0.213100000000,0.221500000000,0.145400000000,0.147900000000,0.176300000000,0.169800000000,0.141600000000,0.140200000000,0.126400000000,0.123600000000,0.139700000000,0.149700000000,0.213100000000,0.221500000000,0.145300000000,0.148000000000,0.176200000000,0.169800000000,0.141500000000,0.147900000000,0.126300000000,0.123500000000,0.139400000000,0.149800000000,0.213200000000,0.221500000000,0.145300000000,0.148000000000,0.176200000000,0.169800000000,0.141500000000,0.147900000000,0.159500000000,0.123500000000,0.139400000000,0.149900000000,0.213200000000,0.221500000000,0.145400000000,0.148000000000,0.176200000000,0.169800000000,0.141500000000,0.147800000000,0.159500000000,0.153700000000,0.139500000000,0.149900000000,0.213200000000,0.221400000000,0.145400000000,0.147900000000,0.176200000000,0.169800000000,0.141500000000,0.147900000000,0.159600000000,0.153600000000,0.147600000000,0.149800000000,0.213200000000,0.221500000000,0.145300000000,0.148000000000,0.176200000000,0.169900000000,0.141600000000,0.147900000000,0.159500000000,0.153600000000,0.147600000000,0.140300000000,0.213200000000,0.221500000000,0.145400000000,0.148000000000,0.176200000000,0.169800000000,0.141600000000,0.148000000000,0.159500000000,0.153600000000,0.147600000000,0.140300000000,0.126500000000,0.221500000000,0.145400000000,0.148000000000,0.176200000000,0.169800000000,0.141600000000,0.147800000000,0.159500000000,0.153600000000,0.147600000000,0.140300000000,0.126400000000,0.123500000000,0.145400000000,0.148000000000,0.176200000000,0.169700000000,0.141600000000,0.147900000000,0.159500000000,0.153600000000,0.147500000000,0.140300000000,0.126500000000,0.123600000000,0.139600000000,0.147900000000,0.176200000000,0.169700000000,0.141600000000,0.147900000000,0.159500000000,0.153500000000,0.147600000000,0.140300000000,0.126500000000,0.123500000000,0.139600000000,0.150000000000,0.176200000000,0.169700000000,0.141600000000,0.147800000000,0.159500000000,0.153500000000,0.147600000000,0.140300000000,0.126500000000,0.123500000000,0.139600000000,0.150000000000,0.213200000000,0.169700000000,0.141600000000,0.148000000000,0.159500000000,0.153600000000,0.147600000000,0.140300000000,0.126500000000,0.123400000000,0.139700000000,0.150100000000,0.213100000000,0.221500000000,0.141600000000,0.147900000000,0.159500000000,0.153600000000,0.147600000000,0.140200000000,0.126500000000,0.123500000000,0.139700000000,0.150000000000,0.213200000000,0.221500000000,0.145300000000,0.147800000000,0.159500000000,0.153600000000,0.147400000000,0.140300000000,0.126500000000,0.123500000000,0.139600000000,0.150000000000,0.213200000000,0.221500000000,0.145400000000,0.147900000000
48,79.0,22.0,1.0,22.519999999999925,0.48000000000000026,-0.0008,72.68198867799947,72.74432225300006,False,0.159600000000,0.153600000000,0.147500000000,0.140300000000,0.126500000000,0.123500000000,0.140000000000,0.150400000000,0.213200000000,0.221600000000,0.145400000000,0.148000000000,0.176200000000,0.153600000000,0.147500000000,0.140300000000,0.126500000000,0.123500000000,0.139900000000,0.150400000000,0.213100000000,0.221500000000,0.145300000000,0.148000000000,0.176200000000,0.169900000000,0.147600000000,0.140200000000,0.126500000000,0.123600000000,0.140000000000,0.150300000000,0.213100000000,0.221500000000,0.145400000000,0.148000000000,0.176300000000,0.169700000000,0.141700000000,0.140300000000,0.126500000000,0.123500000000,0.140000000000,0.150500000000,0.213200000000,0.221500000000,0.145300000000,0.148000000000,0.176100000000,0.169800000000,0.141500000000,0.147900000000,0.126400000000,0.123500000000,0.140000000000,0.150300000000,0.213200000000,0.221400000000,0.145400000000,0.148000000000,0.176300000000,0.169800000000,0.141600000000,0.147800000000,0.159500000000,0.123500000000,0.140100000000,0.150400000000,0.213100000000,0.221500000000,0.145300000000,0.147900000000,0.176300000000,0.169800000000,0.141500000000,0.147900000000,0.159500000000,0.153500000000,0.140200000000,0.150400000000,0.213200000000,0.221500000000,0.145400000000,0.148000000000,0.176200000000,0.169700000000,0.141500000000,0.147900000000,0.159500000000,0.153600000000,0.147500000000,0.150300000000,0.213200000000,0.221400000000,0.145300000000,0.147900000000,0.176200000000,0.169700000000,0.141500000000,0.147900000000,0.159500000000,0.153700000000,0.147500000000,0.140300000000,0.213200000000,0.221500000000,0.145400000000,0.148000000000,0.176200000000,0.169800000000,0.141600000000,0.147800000000,0.159500000000,0.153600000000,0.147500000000,0.140200000000,0.126500000000,0.221500000000,0.145300000000,0.148000000000,0.176200000000,0.169800000000,0.141600000000,0.147900000000,0.159500000000,0.153700000000,0.147500000000,0.140300000000,0.126500000000,0.123600000000,0.145400000000,0.148000000000,0.176300000000,0.169800000000,0.141500000000,0.147900000000,0.159500000000,0.153600000000,0.147500000000,0.140200000000,0.126500000000,0.123600000000,0.140200000000,0.147900000000,0.176200000000,0.169800000000,0.141600000000,0.148000000000,0.159500000000,0.153700000000,0.147500000000,0.140300000000,0.126500000000,0.123600000000,0.140200000000,0.150600000000,0.176200000000,0.169800000000,0.141500000000,0.147800000000,0.159600000000,0.153600000000,0.147500000000,0.140300000000,0.126400000000,0.123500000000,0.140200000000,0.150400000000,0.213200000000,0.169800000000,0.141600000000,0.147800000000,0.159500000000,0.153600000000,0.147500000000,0.140300000000,0.126500000000,0.123600000000,0.140200000000,0.150500000000,0.213100000000,0.221500000000,0.141600000000,0.147800000000,0.159600000000,0.153600000000,0.147500000000,0.140200000000,0.126500000000,0.123600000000,0.140300000000,0.150600000000,0.213200000000,0.221600000000,0.145400000000,0.148000000000,0.159500000000,0.153600000000,0.147400000000,0.140200000000,0.126500000000,0.123700000000,0.140300000000,0.150600000000,0.213200000000,0.221400000000,0.145400000000,0.147900000000
49,79.0,22.0,1.0,22.509999999999923,0.49000000000000027,-0.0004,73.18498348799949,73.3941038869998,False,0.159400000000,0.153500000000,0.147500000000,0.140100000000,0.126300000000,0.123600000000,0.140700000000,0.151100000000,0.213200000000,0.221500000000,0.145400000000,0.148000000000,0.176200000000,0.153600000000,0.147500000000,0.140000000000,0.126300000000,0.123500000000,0.140700000000,0.151100000000,0.213200000000,0.221500000000,0.145400000000,0.148000000000,0.176200000000,0.169900000000,0.147500000000,0.140000000000,0.126200000000,0.123500000000,0.140700000000,0.151100000000,0.213200000000,0.221400000000,0.145400000000,0.147900000000,0.176200000000,0.169800000000,0.141600000000,0.140200000000,0.126400000000,0.123400000000,0.140700000000,0.151100000000,0.213100000000,0.221400000000,0.145300000000,0.147900000000,0.176300000000,0.169800000000,0.141500000000,0.147900000000,0.126400000000,0.123500000000,0.140800000000,0.151100000000,0.213200000000,0.221500000000,0.145400000000,0.148000000000,0.176300000000,0.169800000000,0.141500000000,0.147900000000,0.159500000000,0.123600000000,0.140700000000,0.151100000000,0.213300000000,0.221400000000,0.145400000000,0.147900000000,0.176300000000,0.169800000000,0.141400000000,0.147800000000,0.159400000000,0.153600000000,0.140800000000,0.151100000000,0.213300000000,0.221500000000,0.145300000000,0.148000000000,0.176200000000,0.169700000000,0.141500000000,0.147800000000,0.159400000000,0.153600000000,0.147400000000,0.151200000000,0.213200000000,0.221500000000,0.145300000000,0.147900000000,0.176300000000,0.169800000000,0.141500000000,0.147800000000,0.159400000000,0.153600000000,0.147500000000,0.140200000000,0.213200000000,0.221500000000,0.145300000000,0.147900000000,0.176200000000,0.169800000000,0.141600000000,0.147800000000,0.159400000000,0.153700000000,0.147600000000,0.140200000000,0.126300000000,0.221500000000,0.145300000000,0.148000000000,0.176100000000,0.169700000000,0.141600000000,0.147800000000,0.159400000000,0.153600000000,0.147600000000,0.140100000000,0.126400000000,0.123500000000,0.145300000000,0.148000000000,0.176200000000,0.169700000000,0.141600000000,0.147800000000,0.159400000000,0.153600000000,0.147400000000,0.140100000000,0.126400000000,0.123500000000,0.140900000000,0.148000000000,0.176300000000,0.169800000000,0.141500000000,0.147900000000,0.159400000000,0.153600000000,0.147600000000,0.140200000000,0.126400000000,0.123500000000,0.140800000000,0.151200000000,0.176200000000,0.169700000000,0.141500000000,0.147800000000,0.159400000000,0.153600000000,0.147500000000,0.140200000000,0.126400000000,0.123600000000,0.140900000000,0.151200000000,0.213200000000,0.169700000000,0.141500000000,0.147800000000,0.159500000000,0.153500000000,0.147600000000,0.140100000000,0.126400000000,0.123400000000,0.140900000000,0.151300000000,0.213300000000,0.221400000000,0.141500000000,0.147800000000,0.159500000000,0.153500000000,0.147600000000,0.140200000000,0.126500000000,0.123500000000,0.141000000000,0.151400000000,0.213100000000,0.221400000000,0.145400000000,0.147900000000,0.159400000000,0.153500000000,0.147400000000,0.140200000000,0.126300000000,0.123600000000,0.140900000000,0.151300000000,0.213200000000,0.221500000000,0.145400000000,0.148000000000
50,79.0,22.0,1.0,22.499999999999922,0.5000000000000002,-0.0005,73.6886750220001,73.82699779399991,False,0.159500000000,0.153500000000,0.147600000000,0.140200000000,0.126500000000,0.123600000000,0.141200000000,0.151600000000,0.213200000000,0.221400000000,0.145300000000,0.147900000000,0.176200000000,0.153500000000,0.147500000000,0.140200000000,0.126400000000,0.123600000000,0.141200000000,0.151500000000,0.213200000000,0.221500000000,0.145300000000,0.147900000000,0.176100000000,0.169800000000,0.147500000000,0.140200000000,0.126400000000,0.123600000000,0.141200000000,0.151500000000,0.213200000000,0.221500000000,0.145400000000,0.148000000000,0.176200000000,0.169800000000,0.141400000000,0.140100000000,0.126300000000,0.123600000000,0.141300000000,0.151700000000,0.213200000000,0.221500000000,0.145300000000,0.148000000000,0.176100000000,0.169800000000,0.141500000000,0.147900000000,0.126400000000,0.123700000000,0.141300000000,0.151600000000,0.213200000000,0.221500000000,0.145400000000,0.147900000000,0.176300000000,0.169800000000,0.141400000000,0.147800000000,0.159400000000,0.123600000000,0.141200000000,0.151600000000,0.213200000000,0.221500000000,0.145300000000,0.148000000000,0.176200000000,0.169900000000,0.141400000000,0.147900000000,0.159400000000,0.153700000000,0.141300000000,0.151500000000,0.213200000000,0.221400000000,0.145300000000,0.148000000000,0.176200000000,0.169900000000,0.141500000000,0.147900000000,0.159400000000,0.153600000000,0.147500000000,0.151500000000,0.213200000000,0.221500000000,0.145500000000,0.148000000000,0.176200000000,0.169700000000,0.141500000000,0.147800000000,0.159500000000,0.153500000000,0.147500000000,0.140200000000,0.213200000000,0.221400000000,0.145400000000,0.147900000000,0.176200000000,0.169700000000,0.141500000000,0.147800000000,0.159500000000,0.153500000000,0.147500000000,0.140200000000,0.126400000000,0.221500000000,0.145300000000,0.147900000000,0.176200000000,0.169800000000,0.141500000000,0.147900000000,0.159400000000,0.153700000000,0.147500000000,0.140300000000,0.126500000000,0.123700000000,0.145400000000,0.148000000000,0.176100000000,0.169800000000,0.141500000000,0.147900000000,0.159500000000,0.153700000000,0.147500000000,0.140100000000,0.126400000000,0.123600000000,0.141400000000,0.148000000000,0.176200000000,0.169700000000,0.141400000000,0.147800000000,0.159500000000,0.153600000000,0.147400000000,0.140200000000,0.126500000000,0.123600000000,0.141400000000,0.151600000000,0.176200000000,0.169800000000,0.141500000000,0.147800000000,0.159400000000,0.153500000000,0.147500000000,0.140100000000,0.126500000000,0.123600000000,0.141500000000,0.151700000000,0.213200000000,0.169800000000,0.141400000000,0.147800000000,0.159500000000,0.153500000000,0.147500000000,0.140200000000,0.126400000000,0.123600000000,0.141500000000,0.151800000000,0.213100000000,0.221400000000,0.141500000000,0.147900000000,0.159400000000,0.153600000000,0.147400000000,0.140200000000,0.126400000000,0.123600000000,0.141400000000,0.151800000000,0.213200000000,0.221500000000,0.145300000000,0.147800000000,0.159300000000,0.153600000000,0.147500000000,0.140200000000,0.126600000000,0.123600000000,0.141500000000,0.151800000000,0.213200000000,0.221400000000,0.145300000000,0.148000000000
51,79.0,22.0,1.0,22.48999999999992,0.5100000000000002,-0.0003,74.18844635200003,74.26023591400008,False,0.159300000000,0.153500000000,0.147500000000,0.140300000000,0.126400000000,0.123600000000,0.141800000000,0.152200000000,0.213200000000,0.221400000000,0.145300000000,0.148000000000,0.176200000000,0.153600000000,0.147500000000,0.140200000000,0.126400000000,0.123600000000,0.141800000000,0.152100000000,0.213200000000,0.221400000000,0.145400000000,0.148000000000,0.176200000000,0.169800000000,0.147600000000,0.140100000000,0.126600000000,0.123600000000,0.141800000000,0.152300000000,0.213200000000,0.221400000000,0.145200000000,0.148000000000,0.176100000000,0.169700000000,0.141400000000,0.140200000000,0.126300000000,0.123500000000,0.141800000000,0.152200000000,0.213300000000,0.221500000000,0.145400000000,0.148000000000,0.176300000000,0.169700000000,0.141400000000,0.147900000000,0.126400000000,0.123500000000,0.141800000000,0.152200000000,0.213300000000,0.221400000000,0.145400000000,0.148000000000,0.176200000000,0.169700000000,0.141500000000,0.147800000000,0.159400000000,0.123700000000,0.141800000000,0.152200000000,0.213200000000,0.221500000000,0.145400000000,0.147900000000,0.176300000000,0.169800000000,0.141500000000,0.147800000000,0.159400000000,0.153600000000,0.141800000000,0.152300000000,0.213100000000,0.221500000000,0.145400000000,0.148000000000,0.176200000000,0.169800000000,0.141400000000,0.147700000000,0.159500000000,0.153500000000,0.147600000000,0.152400000000,0.213200000000,0.221500000000,0.145300000000,0.148000000000,0.176200000000,0.169800000000,0.141400000000,0.147700000000,0.159300000000,0.153500000000,0.147400000000,0.140100000000,0.213200000000,0.221400000000,0.145300000000,0.147900000000,0.176100000000,0.169800000000,0.141500000000,0.147700000000,0.159400000000,0.153500000000,0.147500000000,0.140100000000,0.126300000000,0.221400000000,0.145400000000,0.148000000000,0.176200000000,0.169700000000,0.141400000000,0.147800000000,0.159500000000,0.153500000000,0.147500000000,0.140100000000,0.126300000000,0.123600000000,0.145300000000,0.148000000000,0.176200000000,0.169700000000,0.141300000000,0.147700000000,0.159500000000,0.153500000000,0.147500000000,0.140200000000,0.126300000000,0.123700000000,0.141900000000,0.148000000000,0.176200000000,0.169700000000,0.141500000000,0.147800000000,0.159400000000,0.153600000000,0.147500000000,0.140000000000,0.126300000000,0.123600000000,0.141900000000,0.152300000000,0.176200000000,0.169800000000,0.141400000000,0.147800000000,0.159400000000,0.153500000000,0.147500000000,0.140000000000,0.126400000000,0.123600000000,0.141900000000,0.152300000000,0.213300000000,0.169800000000,0.141500000000,0.147800000000,0.159500000000,0.153600000000,0.147400000000,0.140200000000,0.126300000000,0.123600000000,0.141900000000,0.152300000000,0.213300000000,0.221400000000,0.141400000000,0.147800000000,0.159500000000,0.153600000000,0.147700000000,0.140100000000,0.126400000000,0.123500000000,0.141900000000,0.152300000000,0.213200000000,0.221500000000,0.145400000000,0.147800000000,0.159400000000,0.153600000000,0.147600000000,0.140100000000,0.126500000000,0.123600000000,0.141900000000,0.152300000000,0.213300000000,0.221500000000,0.145400000000,0.148000000000
52,79.0,22.0,1.0,22.47999999999992,0.5200000000000002,-0.0004,74.69226058499953,74.90953703000014,False,0.159400000000,0.153600000000,0.147500000000,0.140200000000,0.126400000000,0.123500000000,0.142200000000,0.152800000000,0.213300000000,0.221500000000,0.145300000000,0.148000000000,0.176300000000,0.153600000000,0.147600000000,0.140100000000,0.126500000000,0.123600000000,0.142200000000,0.152800000000,0.213300000000,0.221400000000,0.145300000000,0.148000000000,0.176100000000,0.169800000000,0.147500000000,0.140300000000,0.126400000000,0.123500000000,0.142000000000,0.152800000000,0.213300000000,0.221400000000,0.145400000000,0.148000000000,0.176200000000,0.169700000000,0.141400000000,0.140100000000,0.126400000000,0.123500000000,0.142100000000,0.152800000000,0.213200000000,0.221400000000,0.145400000000,0.148000000000,0.176200000000,0.169800000000,0.141400000000,0.147800000000,0.126400000000,0.123500000000,0.142200000000,0.152700000000,0.213400000000,0.221400000000,0.145400000000,0.148000000000,0.176200000000,0.169700000000,0.141500000000,0.147800000000,0.159500000000,0.123300000000,0.142200000000,0.152700000000,0.213300000000,0.221400000000,0.145400000000,0.148000000000,0.176200000000,0.169800000000,0.141500000000,0.147900000000,0.159400000000,0.153500000000,0.142200000000,0.152800000000,0.213300000000,0.221400000000,0.145400000000,0.148000000000,0.176200000000,0.169700000000,0.141500000000,0.147800000000,0.159400000000,0.153600000000,0.147500000000,0.152900000000,0.213300000000,0.221400000000,0.145300000000,0.148000000000,0.176200000000,0.169800000000,0.141500000000,0.147700000000,0.159400000000,0.153700000000,0.147500000000,0.140200000000,0.213200000000,0.221400000000,0.145400000000,0.148000000000,0.176200000000,0.169800000000,0.141500000000,0.147800000000,0.159500000000,0.153500000000,0.147600000000,0.140200000000,0.126400000000,0.221500000000,0.145300000000,0.148000000000,0.176200000000,0.169800000000,0.141400000000,0.147700000000,0.159300000000,0.153600000000,0.147500000000,0.140100000000,0.126300000000,0.123500000000,0.145400000000,0.147900000000,0.176200000000,0.169800000000,0.141500000000,0.147700000000,0.159500000000,0.153600000000,0.147600000000,0.140200000000,0.126400000000,0.123400000000,0.142300000000,0.148000000000,0.176100000000,0.169800000000,0.141400000000,0.147800000000,0.159400000000,0.153500000000,0.147500000000,0.140300000000,0.126500000000,0.123600000000,0.142300000000,0.152900000000,0.176200000000,0.169800000000,0.141400000000,0.147800000000,0.159400000000,0.153500000000,0.147400000000,0.140200000000,0.126400000000,0.123500000000,0.142300000000,0.152900000000,0.213300000000,0.169700000000,0.141500000000,0.147800000000,0.159400000000,0.153600000000,0.147500000000,0.140100000000,0.126400000000,0.123400000000,0.142300000000,0.152900000000,0.213300000000,0.221400000000,0.141500000000,0.147800000000,0.159400000000,0.153500000000,0.147500000000,0.140200000000,0.126500000000,0.123500000000,0.142300000000,0.152900000000,0.213400000000,0.221400000000,0.145400000000,0.147800000000,0.159400000000,0.153500000000,0.147500000000,0.140200000000,0.126400000000,0.123500000000,0.142400000000,0.152800000000,0.213300000000,0.221400000000,0.145300000000,0.147900000000
53,79.0,22.0,1.0,22.469999999999917,0.5300000000000002,-0.0003,75.19193022499985,75.34156859299947,False,0.159400000000,0.153500000000,0.147500000000,0.140200000000,0.126500000000,0.123500000000,0.142500000000,0.153000000000,0.213200000000,0.221400000000,0.145400000000,0.148000000000,0.176300000000,0.153400000000,0.147500000000,0.140200000000,0.126500000000,0.123500000000,0.142500000000,0.153000000000,0.213300000000,0.221400000000,0.145200000000,0.148000000000,0.176200000000,0.169700000000,0.147600000000,0.140200000000,0.126500000000,0.123500000000,0.142500000000,0.153100000000,0.213300000000,0.221500000000,0.145300000000,0.148000000000,0.176200000000,0.169800000000,0.141300000000,0.140300000000,0.126500000000,0.123500000000,0.142600000000,0.153100000000,0.213300000000,0.221400000000,0.145300000000,0.148100000000,0.176200000000,0.169800000000,0.141400000000,0.147800000000,0.126400000000,0.123400000000,0.142500000000,0.153000000000,0.213300000000,0.221400000000,0.145400000000,0.147900000000,0.176200000000,0.169700000000,0.141300000000,0.147700000000,0.159400000000,0.123400000000,0.142500000000,0.153000000000,0.213300000000,0.221400000000,0.145500000000,0.148000000000,0.176300000000,0.169700000000,0.141300000000,0.147800000000,0.159400000000,0.153600000000,0.142500000000,0.153000000000,0.213300000000,0.221400000000,0.145300000000,0.148000000000,0.176200000000,0.169800000000,0.141400000000,0.147700000000,0.159400000000,0.153500000000,0.147500000000,0.153100000000,0.213300000000,0.221500000000,0.145300000000,0.148000000000,0.176300000000,0.169900000000,0.141500000000,0.147800000000,0.159400000000,0.153600000000,0.147600000000,0.140100000000,0.213200000000,0.221400000000,0.145400000000,0.148000000000,0.176200000000,0.169800000000,0.141400000000,0.147800000000,0.159400000000,0.153500000000,0.147500000000,0.140100000000,0.126400000000,0.221400000000,0.145400000000,0.148000000000,0.176300000000,0.169800000000,0.141500000000,0.147800000000,0.159400000000,0.153600000000,0.147500000000,0.140200000000,0.126300000000,0.123400000000,0.145300000000,0.148000000000,0.176200000000,0.169800000000,0.141400000000,0.147800000000,0.159400000000,0.153600000000,0.147500000000,0.140100000000,0.126400000000,0.123400000000,0.142400000000,0.148000000000,0.176200000000,0.169900000000,0.141400000000,0.147700000000,0.159400000000,0.153600000000,0.147400000000,0.140100000000,0.126300000000,0.123500000000,0.142400000000,0.153000000000,0.176100000000,0.169800000000,0.141400000000,0.147800000000,0.159500000000,0.153500000000,0.147600000000,0.140000000000,0.126300000000,0.123400000000,0.142500000000,0.153100000000,0.213200000000,0.169800000000,0.141500000000,0.147800000000,0.159400000000,0.153600000000,0.147500000000,0.140000000000,0.126300000000,0.123500000000,0.142500000000,0.153100000000,0.213300000000,0.221400000000,0.141400000000,0.147700000000,0.159400000000,0.153600000000,0.147400000000,0.140000000000,0.126500000000,0.123500000000,0.142500000000,0.153000000000,0.213300000000,0.221400000000,0.145300000000,0.147800000000,0.159400000000,0.153500000000,0.147500000000,0.140000000000,0.126300000000,0.123500000000,0.142500000000,0.153100000000,0.213300000000,0.221300000000,0.145300000000,0.148000000000
54,79.0,22.0,1.0,22.459999999999916,0.5400000000000003,-0.0005,75.695726895,75.77366675099984,False,0.159400000000,0.153500000000,0.147600000000,0.140100000000,0.126400000000,0.123400000000,0.142500000000,0.153000000000,0.213200000000,0.221400000000,0.145300000000,0.147900000000,0.176200000000,0.153500000000,0.147400000000,0.140100000000,0.126300000000,0.123400000000,0.142500000000,0.153000000000,0.213200000000,0.221500000000,0.145300000000,0.148000000000,0.176200000000,0.169700000000,0.147600000000,0.140100000000,0.126500000000,0.123500000000,0.142400000000,0.152900000000,0.213200000000,0.221400000000,0.145200000000,0.148000000000,0.176200000000,0.169800000000,0.141400000000,0.140300000000,0.126400000000,0.123400000000,0.142500000000,0.153000000000,0.213300000000,0.221400000000,0.145300000000,0.147900000000,0.176200000000,0.169800000000,0.141400000000,0.147700000000,0.126300000000,0.123400000000,0.142400000000,0.153100000000,0.213200000000,0.221400000000,0.145300000000,0.147900000000,0.176200000000,0.169800000000,0.141500000000,0.147700000000,0.159400000000,0.123400000000,0.142500000000,0.153000000000,0.213300000000,0.221400000000,0.145400000000,0.148000000000,0.176200000000,0.169700000000,0.141400000000,0.147700000000,0.159400000000,0.153500000000,0.142400000000,0.153000000000,0.213200000000,0.221400000000,0.145300000000,0.147900000000,0.176200000000,0.169800000000,0.141400000000,0.147700000000,0.159300000000,0.153500000000,0.147500000000,0.153100000000,0.213200000000,0.221300000000,0.145400000000,0.148000000000,0.176200000000,0.169800000000,0.141500000000,0.147800000000,0.159300000000,0.153400000000,0.147400000000,0.140100000000,0.213200000000,0.221400000000,0.145400000000,0.147900000000,0.176200000000,0.169700000000,0.141300000000,0.147800000000,0.159400000000,0.153500000000,0.147500000000,0.140200000000,0.126500000000,0.221400000000,0.145300000000,0.148000000000,0.176200000000,0.169800000000,0.141400000000,0.147700000000,0.159400000000,0.153600000000,0.147500000000,0.140100000000,0.126500000000,0.123400000000,0.145400000000,0.147900000000,0.176200000000,0.169800000000,0.141400000000,0.147700000000,0.159400000000,0.153600000000,0.147500000000,0.140000000000,0.126500000000,0.123500000000,0.142400000000,0.148000000000,0.176200000000,0.169800000000,0.141400000000,0.147700000000,0.159300000000,0.153600000000,0.147400000000,0.140300000000,0.126500000000,0.123500000000,0.142600000000,0.153100000000,0.176200000000,0.169900000000,0.141400000000,0.147700000000,0.159400000000,0.153600000000,0.147500000000,0.140200000000,0.126400000000,0.123400000000,0.142500000000,0.153000000000,0.213200000000,0.169800000000,0.141400000000,0.147700000000,0.159300000000,0.153500000000,0.147400000000,0.140200000000,0.126500000000,0.123300000000,0.142500000000,0.153000000000,0.213300000000,0.221400000000,0.141400000000,0.147700000000,0.159400000000,0.153600000000,0.147600000000,0.140200000000,0.126400000000,0.123400000000,0.142400000000,0.153100000000,0.213200000000,0.221400000000,0.145400000000,0.147800000000,0.159400000000,0.153500000000,0.147500000000,0.140100000000,0.126400000000,0.123400000000,0.142400000000,0.153100000000,0.213300000000,0.221400000000,0.145400000000,0.148000000000
55,79.0,22.0,1.0,22.449999999999914,0.5500000000000003,-0.001,76.19539320900003,76.42407145099969,False,0.159300000000,0.153600000000,0.147500000000,0.140200000000,0.126500000000,0.123400000000,0.142300000000,0.153100000000,0.213200000000,0.221300000000,0.145300000000,0.148000000000,0.176200000000,0.153600000000,0.147600000000,0.140200000000,0.126500000000,0.123300000000,0.142400000000,0.153000000000,0.213300000000,0.221400000000,0.145300000000,0.148000000000,0.176200000000,0.169700000000,0.147500000000,0.140300000000,0.126400000000,0.123400000000,0.142400000000,0.153000000000,0.213100000000,0.221500000000,0.145300000000,0.148000000000,0.176200000000,0.169800000000,0.141300000000,0.140200000000,0.126500000000,0.123300000000,0.142300000000,0.153000000000,0.213200000000,0.221400000000,0.145400000000,0.148000000000,0.176200000000,0.169800000000,0.141500000000,0.147700000000,0.126500000000,0.123400000000,0.142400000000,0.153000000000,0.213200000000,0.221400000000,0.145300000000,0.148000000000,0.176200000000,0.169800000000,0.141400000000,0.147700000000,0.159300000000,0.123400000000,0.142200000000,0.153000000000,0.213200000000,0.221300000000,0.145400000000,0.147900000000,0.176300000000,0.169800000000,0.141300000000,0.147600000000,0.159400000000,0.153500000000,0.142300000000,0.153000000000,0.213200000000,0.221400000000,0.145400000000,0.148000000000,0.176200000000,0.169700000000,0.141400000000,0.147700000000,0.159400000000,0.153500000000,0.147600000000,0.153000000000,0.213200000000,0.221400000000,0.145300000000,0.147900000000,0.176200000000,0.169800000000,0.141300000000,0.147700000000,0.159400000000,0.153500000000,0.147500000000,0.140200000000,0.213200000000,0.221400000000,0.145300000000,0.148000000000,0.176200000000,0.169800000000,0.141300000000,0.147700000000,0.159400000000,0.153500000000,0.147500000000,0.140200000000,0.126400000000,0.221400000000,0.145300000000,0.148000000000,0.176100000000,0.169800000000,0.141300000000,0.147700000000,0.159400000000,0.153500000000,0.147500000000,0.140300000000,0.126400000000,0.123400000000,0.145200000000,0.148000000000,0.176200000000,0.169800000000,0.141300000000,0.147700000000,0.159400000000,0.153500000000,0.147600000000,0.140100000000,0.126400000000,0.123400000000,0.142300000000,0.148000000000,0.176200000000,0.169700000000,0.141400000000,0.147800000000,0.159300000000,0.153400000000,0.147600000000,0.140200000000,0.126500000000,0.123400000000,0.142400000000,0.152900000000,0.176200000000,0.169800000000,0.141400000000,0.147800000000,0.159400000000,0.153600000000,0.147500000000,0.140200000000,0.126500000000,0.123300000000,0.142400000000,0.152900000000,0.213200000000,0.169800000000,0.141400000000,0.147700000000,0.159400000000,0.153600000000,0.147600000000,0.140100000000,0.126500000000,0.123400000000,0.142300000000,0.152900000000,0.213200000000,0.221300000000,0.141400000000,0.147700000000,0.159400000000,0.153600000000,0.147500000000,0.140200000000,0.126400000000,0.123300000000,0.142300000000,0.152900000000,0.213200000000,0.221500000000,0.145300000000,0.147700000000,0.159400000000,0.153500000000,0.147400000000,0.140200000000,0.126500000000,0.123300000000,0.142300000000,0.153000000000,0.213200000000,0.221400000000,0.145400000000,0.148000000000
56,79.0,22.0,1.0,22.439999999999912,0.5600000000000003,-0.0009,76.69921221099958,76.855409367,False,0.159300000000,0.153400000000,0.147500000000,0.140100000000,0.126400000000,0.123300000000,0.142300000000,0.153000000000,0.213200000000,0.221300000000,0.145400000000,0.148000000000,0.176200000000,0.153500000000,0.147500000000,0.140100000000,0.126500000000,0.123300000000,0.142300000000,0.152900000000,0.213100000000,0.221300000000,0.145300000000,0.147900000000,0.176200000000,0.169700000000,0.147400000000,0.140100000000,0.126400000000,0.123400000000,0.142300000000,0.153000000000,0.213100000000,0.221400000000,0.145400000000,0.148000000000,0.176200000000,0.169800000000,0.141400000000,0.140200000000,0.126500000000,0.123300000000,0.142300000000,0.153000000000,0.213200000000,0.221400000000,0.145300000000,0.148000000000,0.176200000000,0.169800000000,0.141300000000,0.147700000000,0.126400000000,0.123300000000,0.142400000000,0.153000000000,0.213200000000,0.221400000000,0.145300000000,0.147900000000,0.176200000000,0.169700000000,0.141400000000,0.147700000000,0.159300000000,0.123300000000,0.142300000000,0.153100000000,0.213100000000,0.221400000000,0.145300000000,0.148000000000,0.176300000000,0.169700000000,0.141400000000,0.147700000000,0.159300000000,0.153500000000,0.142300000000,0.153000000000,0.213200000000,0.221400000000,0.145300000000,0.148000000000,0.176200000000,0.169800000000,0.141400000000,0.147700000000,0.159300000000,0.153500000000,0.147600000000,0.153000000000,0.213200000000,0.221300000000,0.145300000000,0.148100000000,0.176100000000,0.169800000000,0.141400000000,0.147600000000,0.159300000000,0.153400000000,0.147600000000,0.140300000000,0.213300000000,0.221500000000,0.145300000000,0.148000000000,0.176200000000,0.169700000000,0.141400000000,0.147700000000,0.159400000000,0.153400000000,0.147500000000,0.140200000000,0.126500000000,0.221400000000,0.145400000000,0.147900000000,0.176200000000,0.169800000000,0.141200000000,0.147700000000,0.159300000000,0.153400000000,0.147600000000,0.140200000000,0.126600000000,0.123300000000,0.145300000000,0.148000000000,0.176200000000,0.169700000000,0.141300000000,0.147600000000,0.159400000000,0.153500000000,0.147400000000,0.140300000000,0.126600000000,0.123300000000,0.142400000000,0.148000000000,0.176200000000,0.169800000000,0.141400000000,0.147700000000,0.159200000000,0.153500000000,0.147400000000,0.140200000000,0.126600000000,0.123300000000,0.142300000000,0.153000000000,0.176100000000,0.169800000000,0.141400000000,0.147600000000,0.159400000000,0.153400000000,0.147600000000,0.140200000000,0.126500000000,0.123300000000,0.142300000000,0.152900000000,0.213200000000,0.169700000000,0.141300000000,0.147600000000,0.159400000000,0.153600000000,0.147500000000,0.140100000000,0.126400000000,0.123400000000,0.142400000000,0.153000000000,0.213200000000,0.221400000000,0.141300000000,0.147600000000,0.159300000000,0.153600000000,0.147500000000,0.140300000000,0.126500000000,0.123300000000,0.142300000000,0.153000000000,0.213200000000,0.221300000000,0.145300000000,0.147700000000,0.159300000000,0.153400000000,0.147600000000,0.140200000000,0.126500000000,0.123300000000,0.142500000000,0.153000000000,0.213200000000,0.221500000000,0.145300000000,0.148000000000
57,79.0,22.0,1.0,22.42999999999991,0.5700000000000003,-0.0007,77.19887124199977,77.28799735199937,False,0.159400000000,0.153500000000,0.147400000000,0.140500000000,0.126600000000,0.123300000000,0.142300000000,0.153200000000,0.213200000000,0.221500000000,0.145300000000,0.148000000000,0.176300000000,0.153400000000,0.147500000000,0.140300000000,0.126700000000,0.123400000000,0.142400000000,0.153000000000,0.213200000000,0.221400000000,0.145400000000,0.148000000000,0.176300000000,0.169800000000,0.147500000000,0.140300000000,0.126700000000,0.123400000000,0.142500000000,0.153100000000,0.213200000000,0.221500000000,0.145300000000,0.148000000000,0.176200000000,0.169700000000,0.141400000000,0.140300000000,0.126700000000,0.123300000000,0.142400000000,0.153100000000,0.213200000000,0.221500000000,0.145400000000,0.148000000000,0.176200000000,0.169800000000,0.141200000000,0.147600000000,0.126600000000,0.123500000000,0.142400000000,0.153200000000,0.213300000000,0.221400000000,0.145300000000,0.147900000000,0.176200000000,0.169800000000,0.141300000000,0.147600000000,0.159300000000,0.123400000000,0.142400000000,0.153000000000,0.213300000000,0.221400000000,0.145300000000,0.148000000000,0.176300000000,0.169800000000,0.141300000000,0.147600000000,0.159400000000,0.153500000000,0.142400000000,0.153000000000,0.213200000000,0.221400000000,0.145300000000,0.148000000000,0.176200000000,0.169800000000,0.141400000000,0.147600000000,0.159400000000,0.153500000000,0.147600000000,0.153200000000,0.213200000000,0.221500000000,0.145400000000,0.148000000000,0.176200000000,0.169700000000,0.141300000000,0.147600000000,0.159400000000,0.153600000000,0.147600000000,0.140400000000,0.213200000000,0.221400000000,0.145300000000,0.148000000000,0.176200000000,0.169800000000,0.141300000000,0.147700000000,0.159400000000,0.153500000000,0.147500000000,0.140500000000,0.126700000000,0.221400000000,0.145300000000,0.147900000000,0.176200000000,0.169800000000,0.141400000000,0.147600000000,0.159300000000,0.153500000000,0.147500000000,0.140500000000,0.126600000000,0.123300000000,0.145400000000,0.148000000000,0.176200000000,0.169800000000,0.141300000000,0.147600000000,0.159400000000,0.153500000000,0.147600000000,0.140400000000,0.126700000000,0.123400000000,0.142300000000,0.148000000000,0.176200000000,0.169700000000,0.141300000000,0.147700000000,0.159400000000,0.153500000000,0.147500000000,0.140300000000,0.126600000000,0.123300000000,0.142500000000,0.153100000000,0.176200000000,0.169700000000,0.141300000000,0.147600000000,0.159400000000,0.153400000000,0.147500000000,0.140300000000,0.126700000000,0.123200000000,0.142400000000,0.153000000000,0.213200000000,0.169700000000,0.141200000000,0.147600000000,0.159300000000,0.153400000000,0.147500000000,0.140400000000,0.126700000000,0.123200000000,0.142400000000,0.153100000000,0.213200000000,0.221400000000,0.141200000000,0.147700000000,0.159400000000,0.153500000000,0.147600000000,0.140400000000,0.126700000000,0.123300000000,0.142400000000,0.153100000000,0.213300000000,0.221400000000,0.145300000000,0.147600000000,0.159400000000,0.153400000000,0.147600000000,0.140200000000,0.126500000000,0.123400000000,0.142300000000,0.153100000000,0.213300000000,0.221400000000,0.145400000000,0.148000000000
58,79.0,22.0,1.0,22.41999999999991,0.5800000000000003,-0.0004,77.7028334810002,77.93871655000021,False,0.159400000000,0.153500000000,0.147400000000,0.140300000000,0.126400000000,0.123300000000,0.142400000000,0.153200000000,0.213400000000,0.221400000000,0.145400000000,0.148000000000,0.176200000000,0.153500000000,0.147600000000,0.140200000000,0.126400000000,0.123300000000,0.142400000000,0.153200000000,0.213400000000,0.221500000000,0.145300000000,0.148000000000,0.176100000000,0.169800000000,0.147400000000,0.140200000000,0.126600000000,0.123300000000,0.142400000000,0.153200000000,0.213400000000,0.221400000000,0.145400000000,0.147900000000,0.176200000000,0.169800000000,0.141300000000,0.140100000000,0.126500000000,0.123400000000,0.142400000000,0.153300000000,0.213500000000,0.221500000000,0.145300000000,0.147900000000,0.176200000000,0.169700000000,0.141300000000,0.147600000000,0.126600000000,0.123400000000,0.142400000000,0.153300000000,0.213400000000,0.221400000000,0.145400000000,0.148000000000,0.176200000000,0.169800000000,0.141300000000,0.147700000000,0.159300000000,0.123300000000,0.142400000000,0.153300000000,0.213500000000,0.221400000000,0.145400000000,0.148000000000,0.176300000000,0.169700000000,0.141300000000,0.147600000000,0.159300000000,0.153400000000,0.142400000000,0.153200000000,0.213500000000,0.221400000000,0.145300000000,0.148100000000,0.176100000000,0.169700000000,0.141300000000,0.147700000000,0.159300000000,0.153500000000,0.147400000000,0.153300000000,0.213500000000,0.221500000000,0.145300000000,0.147900000000,0.176200000000,0.169700000000,0.141300000000,0.147700000000,0.159300000000,0.153500000000,0.147500000000,0.140400000000,0.213500000000,0.221400000000,0.145400000000,0.147900000000,0.176100000000,0.169700000000,0.141300000000,0.147600000000,0.159300000000,0.153500000000,0.147500000000,0.140500000000,0.126700000000,0.221400000000,0.145200000000,0.147900000000,0.176200000000,0.169700000000,0.141300000000,0.147600000000,0.159400000000,0.153500000000,0.147500000000,0.140400000000,0.126700000000,0.123300000000,0.145300000000,0.148000000000,0.176100000000,0.169700000000,0.141300000000,0.147700000000,0.159200000000,0.153500000000,0.147500000000,0.140300000000,0.126700000000,0.123200000000,0.142400000000,0.148000000000,0.176100000000,0.169700000000,0.141300000000,0.147600000000,0.159300000000,0.153500000000,0.147400000000,0.140200000000,0.126600000000,0.123400000000,0.142400000000,0.153500000000,0.176200000000,0.169700000000,0.141300000000,0.147700000000,0.159300000000,0.153400000000,0.147500000000,0.140200000000,0.126400000000,0.123300000000,0.142500000000,0.153400000000,0.213600000000,0.169800000000,0.141300000000,0.147600000000,0.159300000000,0.153400000000,0.147400000000,0.140300000000,0.126600000000,0.123400000000,0.142300000000,0.153500000000,0.213600000000,0.221400000000,0.141300000000,0.147600000000,0.159400000000,0.153500000000,0.147500000000,0.140200000000,0.126500000000,0.123400000000,0.142300000000,0.153400000000,0.213600000000,0.221400000000,0.145300000000,0.147600000000,0.159300000000,0.153300000000,0.147500000000,0.140100000000,0.126400000000,0.123300000000,0.142400000000,0.153400000000,0.213500000000,0.221400000000,0.145300000000,0.148000000000
59,79.0,22.0,1.0,22.409999999999908,0.5900000000000003,-0.0009,78.2062981299996,78.37075963499956,False,0.159300000000,0.153500000000,0.147500000000,0.140100000000,0.126500000000,0.123400000000,0.142400000000,0.153600000000,0.213800000000,0.221500000000,0.145300000000,0.148000000000,0.176100000000,0.153400000000,0.147500000000,0.140100000000,0.126500000000,0.123400000000,0.142400000000,0.153600000000,0.213800000000,0.221400000000,0.145300000000,0.148000000000,0.176200000000,0.169800000000,0.147600000000,0.140100000000,0.126600000000,0.123300000000,0.142400000000,0.153700000000,0.213800000000,0.221500000000,0.145400000000,0.148000000000,0.176200000000,0.169700000000,0.141300000000,0.140100000000,0.126400000000,0.123400000000,0.142400000000,0.153700000000,0.213700000000,0.221400000000,0.145400000000,0.148000000000,0.176200000000,0.169700000000,0.141300000000,0.147600000000,0.126500000000,0.123500000000,0.142400000000,0.153700000000,0.213800000000,0.221500000000,0.145400000000,0.148000000000,0.176200000000,0.169700000000,0.141300000000,0.147700000000,0.159300000000,0.123400000000,0.142500000000,0.153700000000,0.213700000000,0.221400000000,0.145300000000,0.148000000000,0.176200000000,0.169800000000,0.141300000000,0.147600000000,0.159300000000,0.153400000000,0.142500000000,0.153700000000,0.213800000000,0.221300000000,0.145300000000,0.148000000000,0.176200000000,0.169700000000,0.141300000000,0.147500000000,0.159300000000,0.153500000000,0.147500000000,0.153700000000,0.213700000000,0.221400000000,0.145400000000,0.147900000000,0.176100000000,0.169700000000,0.141300000000,0.147700000000,0.159300000000,0.153400000000,0.147400000000,0.140200000000,0.213800000000,0.221400000000,0.145400000000,0.148000000000,0.176100000000,0.169800000000,0.141400000000,0.147700000000,0.159300000000,0.153400000000,0.147500000000,0.140200000000,0.126500000000,0.221400000000,0.145400000000,0.148000000000,0.176200000000,0.169700000000,0.141300000000,0.147700000000,0.159400000000,0.153400000000,0.147500000000,0.140100000000,0.126600000000,0.123300000000,0.145400000000,0.148000000000,0.176200000000,0.169700000000,0.141300000000,0.147700000000,0.159300000000,0.153400000000,0.147500000000,0.140200000000,0.126500000000,0.123500000000,0.142500000000,0.148000000000,0.176100000000,0.169700000000,0.141300000000,0.147700000000,0.159300000000,0.153500000000,0.147400000000,0.140100000000,0.126500000000,0.123300000000,0.142500000000,0.153700000000,0.176200000000,0.169800000000,0.141300000000,0.147700000000,0.159300000000,0.153500000000,0.147400000000,0.140200000000,0.126500000000,0.123300000000,0.142400000000,0.153600000000,0.213700000000,0.169700000000,0.141300000000,0.147600000000,0.159300000000,0.153400000000,0.147500000000,0.140200000000,0.126600000000,0.123500000000,0.142400000000,0.153600000000,0.213700000000,0.221400000000,0.141400000000,0.147600000000,0.159300000000,0.153400000000,0.147400000000,0.140200000000,0.126700000000,0.123300000000,0.142400000000,0.153600000000,0.213700000000,0.221400000000,0.145300000000,0.147600000000,0.159300000000,0.153400000000,0.147600000000,0.140200000000,0.126500000000,0.123500000000,0.142400000000,0.153600000000,0.213600000000,0.221400000000,0.145400000000,0.148000000000
60,79.0,22.0,1.0,22.399999999999906,0.6000000000000003,-0.0011,78.70656640000016,78.80248865300018,False,0.159200000000,0.153500000000,0.147500000000,0.140500000000,0.126900000000,0.123400000000,0.142500000000,0.153500000000,0.213700000000,0.221400000000,0.145400000000,0.147900000000,0.176200000000,0.153500000000,0.147500000000,0.140300000000,0.126800000000,0.123500000000,0.142300000000,0.153600000000,0.213700000000,0.221400000000,0.145300000000,0.148000000000,0.176100000000,0.169800000000,0.147500000000,0.140500000000,0.126800000000,0.123400000000,0.142500000000,0.153600000000,0.213700000000,0.221400000000,0.145400000000,0.148000000000,0.176100000000,0.169700000000,0.141200000000,0.140400000000,0.126800000000,0.123400000000,0.142400000000,0.153600000000,0.213800000000,0.221400000000,0.145400000000,0.148000000000,0.176200000000,0.169600000000,0.141400000000,0.147700000000,0.126800000000,0.123400000000,0.142400000000,0.153700000000,0.213700000000,0.221400000000,0.145300000000,0.147900000000,0.176100000000,0.169800000000,0.141300000000,0.147700000000,0.159300000000,0.123500000000,0.142500000000,0.153500000000,0.213700000000,0.221500000000,0.145400000000,0.147900000000,0.176100000000,0.169600000000,0.141300000000,0.147700000000,0.159300000000,0.153500000000,0.142400000000,0.153700000000,0.213700000000,0.221400000000,0.145300000000,0.147900000000,0.176200000000,0.169700000000,0.141200000000,0.147700000000,0.159300000000,0.153500000000,0.147400000000,0.153600000000,0.213700000000,0.221400000000,0.145300000000,0.148000000000,0.176100000000,0.169700000000,0.141400000000,0.147600000000,0.159400000000,0.153400000000,0.147400000000,0.140500000000,0.213600000000,0.221400000000,0.145300000000,0.148000000000,0.176100000000,0.169600000000,0.141300000000,0.147600000000,0.159200000000,0.153500000000,0.147500000000,0.140400000000,0.126800000000,0.221400000000,0.145300000000,0.148000000000,0.176100000000,0.169700000000,0.141200000000,0.147600000000,0.159300000000,0.153400000000,0.147400000000,0.140400000000,0.126800000000,0.123300000000,0.145400000000,0.148000000000,0.176200000000,0.169700000000,0.141300000000,0.147600000000,0.159300000000,0.153500000000,0.147500000000,0.140400000000,0.126900000000,0.123500000000,0.142400000000,0.148000000000,0.176100000000,0.169800000000,0.141300000000,0.147700000000,0.159200000000,0.153400000000,0.147600000000,0.140400000000,0.126800000000,0.123400000000,0.142400000000,0.153600000000,0.176200000000,0.169700000000,0.141300000000,0.147600000000,0.159400000000,0.153500000000,0.147400000000,0.140500000000,0.126800000000,0.123400000000,0.142400000000,0.153600000000,0.213700000000,0.169800000000,0.141500000000,0.147600000000,0.159200000000,0.153500000000,0.147500000000,0.140400000000,0.126800000000,0.123400000000,0.142500000000,0.153600000000,0.213700000000,0.221400000000,0.141300000000,0.147600000000,0.159300000000,0.153400000000,0.147500000000,0.140500000000,0.126800000000,0.123300000000,0.142300000000,0.153500000000,0.213700000000,0.221400000000,0.145300000000,0.147600000000,0.159300000000,0.153400000000,0.147400000000,0.140400000000,0.126800000000,0.123300000000,0.142400000000,0.153500000000,0.213700000000,0.221400000000,0.145300000000,0.148000000000
61,79.0,22.0,1.0,22.389999999999905,0.6100000000000003,-0.0013,79.20983674599938,79.45159438300016,False,0.159200000000,0.153400000000,0.147400000000,0.140200000000,0.126700000000,0.123400000000,0.142200000000,0.153300000000,0.213700000000,0.221400000000,0.145400000000,0.148000000000,0.176100000000,0.153500000000,0.147400000000,0.140300000000,0.126700000000,0.123400000000,0.142100000000,0.153400000000,0.213700000000,0.221400000000,0.145200000000,0.148000000000,0.176100000000,0.169700000000,0.147400000000,0.140300000000,0.126700000000,0.123400000000,0.142100000000,0.153300000000,0.213600000000,0.221300000000,0.145300000000,0.148000000000,0.176100000000,0.169800000000,0.141300000000,0.140400000000,0.126700000000,0.123400000000,0.142200000000,0.153300000000,0.213600000000,0.221400000000,0.145300000000,0.147900000000,0.176200000000,0.169600000000,0.141400000000,0.147600000000,0.126700000000,0.123400000000,0.142200000000,0.153400000000,0.213700000000,0.221400000000,0.145300000000,0.148000000000,0.176100000000,0.169700000000,0.141400000000,0.147600000000,0.159300000000,0.123400000000,0.142100000000,0.153500000000,0.213700000000,0.221400000000,0.145400000000,0.148000000000,0.176200000000,0.169700000000,0.141400000000,0.147600000000,0.159300000000,0.153400000000,0.142100000000,0.153400000000,0.213800000000,0.221400000000,0.145400000000,0.148000000000,0.176200000000,0.169800000000,0.141400000000,0.147600000000,0.159200000000,0.153400000000,0.147400000000,0.153400000000,0.213700000000,0.221300000000,0.145400000000,0.147900000000,0.176200000000,0.169700000000,0.141400000000,0.147600000000,0.159200000000,0.153400000000,0.147500000000,0.140300000000,0.213600000000,0.221300000000,0.145400000000,0.148000000000,0.176100000000,0.169700000000,0.141300000000,0.147700000000,0.159200000000,0.153400000000,0.147400000000,0.140300000000,0.126800000000,0.221400000000,0.145300000000,0.148000000000,0.176200000000,0.169700000000,0.141400000000,0.147700000000,0.159300000000,0.153500000000,0.147300000000,0.140400000000,0.126700000000,0.123300000000,0.145300000000,0.148000000000,0.176100000000,0.169700000000,0.141300000000,0.147700000000,0.159200000000,0.153400000000,0.147400000000,0.140200000000,0.126700000000,0.123400000000,0.142100000000,0.147900000000,0.176100000000,0.169700000000,0.141400000000,0.147700000000,0.159300000000,0.153400000000,0.147400000000,0.140300000000,0.126700000000,0.123400000000,0.142200000000,0.153200000000,0.176100000000,0.169600000000,0.141400000000,0.147700000000,0.159300000000,0.153400000000,0.147400000000,0.140200000000,0.126800000000,0.123500000000,0.142100000000,0.153300000000,0.213600000000,0.169600000000,0.141300000000,0.147700000000,0.159300000000,0.153400000000,0.147400000000,0.140300000000,0.126600000000,0.123300000000,0.142200000000,0.153300000000,0.213600000000,0.221400000000,0.141400000000,0.147700000000,0.159300000000,0.153400000000,0.147400000000,0.140300000000,0.126800000000,0.123400000000,0.142100000000,0.153100000000,0.213500000000,0.221400000000,0.145300000000,0.147700000000,0.159300000000,0.153500000000,0.147400000000,0.140200000000,0.126600000000,0.123500000000,0.142100000000,0.153100000000,0.213500000000,0.221300000000,0.145400000000,0.147900000000
62,79.0,22.0,1.0,22.379999999999903,0.6200000000000003,-0.0014,79.70974029299941,79.88615820299947,False,0.159400000000,0.153400000000,0.147400000000,0.140200000000,0.126600000000,0.123400000000,0.141700000000,0.153000000000,0.213600000000,0.221400000000,0.145400000000,0.148000000000,0.176200000000,0.153400000000,0.147500000000,0.140200000000,0.126500000000,0.123400000000,0.141700000000,0.153000000000,0.213600000000,0.221400000000,0.145300000000,0.147900000000,0.176200000000,0.169700000000,0.147300000000,0.140200000000,0.126600000000,0.123300000000,0.141800000000,0.153000000000,0.213700000000,0.221300000000,0.145400000000,0.147900000000,0.176100000000,0.169700000000,0.141400000000,0.140300000000,0.126600000000,0.123400000000,0.141800000000,0.153000000000,0.213700000000,0.221300000000,0.145400000000,0.148000000000,0.176200000000,0.169700000000,0.141400000000,0.147800000000,0.126600000000,0.123400000000,0.141800000000,0.152900000000,0.213700000000,0.221400000000,0.145300000000,0.148000000000,0.176200000000,0.169700000000,0.141300000000,0.147700000000,0.159300000000,0.123400000000,0.141700000000,0.153000000000,0.213700000000,0.221300000000,0.145300000000,0.148000000000,0.176200000000,0.169700000000,0.141500000000,0.147700000000,0.159400000000,0.153400000000,0.141700000000,0.152900000000,0.213600000000,0.221300000000,0.145200000000,0.148000000000,0.176200000000,0.169700000000,0.141300000000,0.147700000000,0.159300000000,0.153500000000,0.147500000000,0.152800000000,0.213700000000,0.221400000000,0.145300000000,0.148000000000,0.176100000000,0.169600000000,0.141300000000,0.147700000000,0.159300000000,0.153400000000,0.147400000000,0.140200000000,0.213700000000,0.221400000000,0.145400000000,0.147900000000,0.176100000000,0.169700000000,0.141400000000,0.147700000000,0.159400000000,0.153500000000,0.147400000000,0.140200000000,0.126600000000,0.221400000000,0.145300000000,0.147900000000,0.176200000000,0.169700000000,0.141400000000,0.147700000000,0.159400000000,0.153500000000,0.147400000000,0.140200000000,0.126600000000,0.123500000000,0.145400000000,0.148000000000,0.176100000000,0.169700000000,0.141400000000,0.147800000000,0.159300000000,0.153500000000,0.147400000000,0.140200000000,0.126700000000,0.123300000000,0.141600000000,0.148000000000,0.176200000000,0.169700000000,0.141400000000,0.147700000000,0.159200000000,0.153500000000,0.147400000000,0.140200000000,0.126700000000,0.123400000000,0.141600000000,0.152600000000,0.176100000000,0.169700000000,0.141400000000,0.147700000000,0.159200000000,0.153400000000,0.147500000000,0.140200000000,0.126800000000,0.123500000000,0.141600000000,0.152600000000,0.213500000000,0.169700000000,0.141300000000,0.147600000000,0.159300000000,0.153400000000,0.147400000000,0.140300000000,0.126700000000,0.123300000000,0.141500000000,0.152600000000,0.213500000000,0.221400000000,0.141400000000,0.147700000000,0.159400000000,0.153500000000,0.147400000000,0.140300000000,0.126800000000,0.123500000000,0.141600000000,0.152600000000,0.213500000000,0.221300000000,0.145300000000,0.147700000000,0.159400000000,0.153400000000,0.147500000000,0.140300000000,0.126800000000,0.123300000000,0.141500000000,0.152600000000,0.213500000000,0.221400000000,0.145400000000,0.148000000000
63,79.0,22.0,1.0,22.3699999999999,0.6300000000000003,-0.0007,80.21338700300021,80.31778524999936,False,0.159300000000,0.153400000000,0.147400000000,0.140300000000,0.126800000000,0.123400000000,0.141400000000,0.152700000000,0.213800000000,0.221300000000,0.145400000000,0.148000000000,0.176100000000,0.153400000000,0.147500000000,0.140300000000,0.126700000000,0.123400000000,0.141300000000,0.152700000000,0.213700000000,0.221500000000,0.145400000000,0.147900000000,0.176200000000,0.169700000000,0.147400000000,0.140200000000,0.126700000000,0.123500000000,0.141400000000,0.152700000000,0.213700000000,0.221500000000,0.145300000000,0.148000000000,0.176100000000,0.169700000000,0.141500000000,0.140300000000,0.126800000000,0.123400000000,0.141400000000,0.152700000000,0.213800000000,0.221300000000,0.145400000000,0.147900000000,0.176100000000,0.169700000000,0.141400000000,0.147700000000,0.126700000000,0.123400000000,0.141400000000,0.152700000000,0.213600000000,0.221400000000,0.145400000000,0.148000000000,0.176200000000,0.169700000000,0.141400000000,0.147700000000,0.159300000000,0.123400000000,0.141400000000,0.152600000000,0.213500000000,0.221400000000,0.145400000000,0.147900000000,0.176100000000,0.169700000000,0.141400000000,0.147700000000,0.159300000000,0.153300000000,0.141400000000,0.152500000000,0.213500000000,0.221400000000,0.145400000000,0.147900000000,0.176200000000,0.169700000000,0.141500000000,0.147700000000,0.159300000000,0.153400000000,0.147300000000,0.152500000000,0.213400000000,0.221400000000,0.145300000000,0.148000000000,0.176200000000,0.169600000000,0.141400000000,0.147700000000,0.159300000000,0.153500000000,0.147500000000,0.140200000000,0.213500000000,0.221400000000,0.145400000000,0.147900000000,0.176200000000,0.169700000000,0.141400000000,0.147700000000,0.159300000000,0.153400000000,0.147400000000,0.140400000000,0.126800000000,0.221400000000,0.145300000000,0.147900000000,0.176100000000,0.169700000000,0.141500000000,0.147700000000,0.159200000000,0.153400000000,0.147400000000,0.140300000000,0.126800000000,0.123300000000,0.145400000000,0.147900000000,0.176200000000,0.169700000000,0.141400000000,0.147800000000,0.159300000000,0.153400000000,0.147500000000,0.140300000000,0.126800000000,0.123300000000,0.141400000000,0.148000000000,0.176200000000,0.169700000000,0.141400000000,0.147800000000,0.159300000000,0.153400000000,0.147400000000,0.140300000000,0.126700000000,0.123500000000,0.141300000000,0.152500000000,0.176200000000,0.169700000000,0.141400000000,0.147800000000,0.159300000000,0.153400000000,0.147300000000,0.140200000000,0.126800000000,0.123400000000,0.141300000000,0.152500000000,0.213600000000,0.169700000000,0.141500000000,0.147700000000,0.159200000000,0.153400000000,0.147400000000,0.140300000000,0.126800000000,0.123500000000,0.141300000000,0.152300000000,0.213600000000,0.221300000000,0.141500000000,0.147800000000,0.159200000000,0.153400000000,0.147500000000,0.140400000000,0.126900000000,0.123400000000,0.141100000000,0.152300000000,0.213600000000,0.221300000000,0.145300000000,0.147700000000,0.159200000000,0.153400000000,0.147300000000,0.140200000000,0.126900000000,0.123300000000,0.141300000000,0.152400000000,0.213600000000,0.221400000000,0.145400000000,0.148000000000
64,79.0,22.0,1.0,22.3599999999999,0.6400000000000003,-0.0007,80.71323433599991,80.75157530300021,False,0.159300000000,0.153500000000,0.147500000000,0.140400000000,0.126800000000,0.123300000000,0.141000000000,0.152600000000,0.213900000000,0.221400000000,0.145400000000,0.147900000000,0.176100000000,0.153400000000,0.147500000000,0.140400000000,0.126900000000,0.123500000000,0.141000000000,0.152600000000,0.213800000000,0.221400000000,0.145300000000,0.147900000000,0.176100000000,0.169700000000,0.147500000000,0.140400000000,0.126900000000,0.123400000000,0.141100000000,0.152500000000,0.213900000000,0.221300000000,0.145300000000,0.147900000000,0.176100000000,0.169700000000,0.141500000000,0.140300000000,0.126900000000,0.123400000000,0.141000000000,0.152500000000,0.213900000000,0.221400000000,0.145400000000,0.148000000000,0.176100000000,0.169600000000,0.141400000000,0.147800000000,0.126800000000,0.123400000000,0.141100000000,0.152400000000,0.213900000000,0.221300000000,0.145200000000,0.147900000000,0.176100000000,0.169600000000,0.141400000000,0.147700000000,0.159200000000,0.123300000000,0.141000000000,0.152400000000,0.213900000000,0.221400000000,0.145300000000,0.147900000000,0.176100000000,0.169600000000,0.141400000000,0.147800000000,0.159300000000,0.153500000000,0.140900000000,0.152500000000,0.213900000000,0.221300000000,0.145300000000,0.147900000000,0.176100000000,0.169600000000,0.141500000000,0.147800000000,0.159300000000,0.153400000000,0.147500000000,0.152400000000,0.213800000000,0.221300000000,0.145300000000,0.148000000000,0.176200000000,0.169700000000,0.141500000000,0.147700000000,0.159300000000,0.153400000000,0.147400000000,0.140400000000,0.213800000000,0.221300000000,0.145300000000,0.147900000000,0.176100000000,0.169700000000,0.141400000000,0.147800000000,0.159200000000,0.153400000000,0.147400000000,0.140300000000,0.126700000000,0.221400000000,0.145300000000,0.148000000000,0.176100000000,0.169700000000,0.141500000000,0.147700000000,0.159200000000,0.153400000000,0.147400000000,0.140300000000,0.126900000000,0.123400000000,0.145400000000,0.147900000000,0.176100000000,0.169700000000,0.141500000000,0.147800000000,0.159300000000,0.153400000000,0.147300000000,0.140400000000,0.126800000000,0.123400000000,0.141000000000,0.148000000000,0.176100000000,0.169700000000,0.141500000000,0.147700000000,0.159300000000,0.153300000000,0.147500000000,0.140300000000,0.126900000000,0.123400000000,0.141000000000,0.152400000000,0.176200000000,0.169700000000,0.141500000000,0.147800000000,0.159200000000,0.153400000000,0.147300000000,0.140300000000,0.126800000000,0.123400000000,0.141100000000,0.152300000000,0.213700000000,0.169700000000,0.141500000000,0.147800000000,0.159300000000,0.153400000000,0.147500000000,0.140300000000,0.126800000000,0.123400000000,0.140900000000,0.152400000000,0.213700000000,0.221300000000,0.141500000000,0.147900000000,0.159300000000,0.153500000000,0.147300000000,0.140300000000,0.126900000000,0.123300000000,0.140900000000,0.152300000000,0.213700000000,0.221300000000,0.145300000000,0.147800000000,0.159300000000,0.153400000000,0.147300000000,0.140300000000,0.126800000000,0.123400000000,0.140900000000,0.152300000000,0.213700000000,0.221300000000,0.145300000000,0.148000000000
65,79.0,22.0,1.0,22.3499999999999,0.6500000000000004,-0.001,81.21682943899941,81.40068421900014,False,0.159100000000,0.153400000000,0.147300000000,0.140100000000,0.126700000000,0.123300000000,0.140800000000,0.151600000000,0.213200000000,0.221400000000,0.145300000000,0.148000000000,0.176100000000,0.153400000000,0.147400000000,0.140200000000,0.126600000000,0.123400000000,0.140700000000,0.151500000000,0.213200000000,0.221400000000,0.145300000000,0.147900000000,0.176100000000,0.169700000000,0.147300000000,0.140300000000,0.126700000000,0.123400000000,0.140700000000,0.151500000000,0.213300000000,0.221300000000,0.145300000000,0.147900000000,0.176100000000,0.169700000000,0.141600000000,0.140100000000,0.126800000000,0.123500000000,0.140700000000,0.151700000000,0.213200000000,0.221400000000,0.145400000000,0.148000000000,0.176200000000,0.169600000000,0.141600000000,0.147900000000,0.126800000000,0.123400000000,0.140700000000,0.151600000000,0.213300000000,0.221300000000,0.145300000000,0.147900000000,0.176100000000,0.169700000000,0.141600000000,0.147800000000,0.159200000000,0.123400000000,0.140700000000,0.151600000000,0.213300000000,0.221400000000,0.145300000000,0.147900000000,0.176100000000,0.169700000000,0.141600000000,0.147900000000,0.159200000000,0.153300000000,0.140700000000,0.151500000000,0.213200000000,0.221300000000,0.145200000000,0.147900000000,0.176100000000,0.169600000000,0.141500000000,0.147800000000,0.159200000000,0.153400000000,0.147400000000,0.151600000000,0.213200000000,0.221300000000,0.145400000000,0.147900000000,0.176100000000,0.169600000000,0.141600000000,0.147900000000,0.159200000000,0.153400000000,0.147300000000,0.140200000000,0.213200000000,0.221300000000,0.145300000000,0.147900000000,0.176200000000,0.169600000000,0.141500000000,0.147800000000,0.159200000000,0.153400000000,0.147400000000,0.140300000000,0.126800000000,0.221400000000,0.145300000000,0.147900000000,0.176000000000,0.169700000000,0.141700000000,0.147800000000,0.159200000000,0.153400000000,0.147300000000,0.140300000000,0.126800000000,0.123500000000,0.145300000000,0.148000000000,0.176000000000,0.169700000000,0.141500000000,0.147900000000,0.159300000000,0.153400000000,0.147300000000,0.140200000000,0.126800000000,0.123400000000,0.140800000000,0.147800000000,0.176100000000,0.169600000000,0.141600000000,0.147800000000,0.159200000000,0.153400000000,0.147400000000,0.140200000000,0.126900000000,0.123400000000,0.140800000000,0.151600000000,0.176100000000,0.169700000000,0.141500000000,0.147900000000,0.159200000000,0.153300000000,0.147300000000,0.140300000000,0.126800000000,0.123400000000,0.140800000000,0.151600000000,0.213200000000,0.169700000000,0.141500000000,0.148000000000,0.159200000000,0.153400000000,0.147400000000,0.140400000000,0.126800000000,0.123400000000,0.140700000000,0.151600000000,0.213300000000,0.221400000000,0.141600000000,0.147900000000,0.159200000000,0.153400000000,0.147300000000,0.140200000000,0.126800000000,0.123500000000,0.140700000000,0.151600000000,0.213300000000,0.221400000000,0.145300000000,0.148000000000,0.159200000000,0.153400000000,0.147400000000,0.140300000000,0.126800000000,0.123500000000,0.140700000000,0.151500000000,0.213300000000,0.221400000000,0.145400000000,0.147900000000
66,79.0,22.0,1.0,22.339999999999897,0.6600000000000004,-0.0022,81.71684446600011,81.83172755399937,False,0.159300000000,0.153400000000,0.147300000000,0.140100000000,0.126700000000,0.123400000000,0.140700000000,0.151400000000,0.213500000000,0.221400000000,0.145400000000,0.148000000000,0.176100000000,0.153400000000,0.147300000000,0.140200000000,0.126600000000,0.123600000000,0.140600000000,0.151500000000,0.213300000000,0.221300000000,0.145300000000,0.147900000000,0.176200000000,0.169700000000,0.147400000000,0.140200000000,0.126800000000,0.123400000000,0.140500000000,0.151400000000,0.213500000000,0.221300000000,0.145400000000,0.147900000000,0.176300000000,0.169700000000,0.141600000000,0.140100000000,0.126800000000,0.123500000000,0.140600000000,0.151400000000,0.213400000000,0.221400000000,0.145300000000,0.147900000000,0.176200000000,0.169600000000,0.141700000000,0.147900000000,0.126800000000,0.123600000000,0.140500000000,0.151500000000,0.213400000000,0.221300000000,0.145300000000,0.147900000000,0.176100000000,0.169700000000,0.141700000000,0.147900000000,0.159200000000,0.123500000000,0.140600000000,0.151500000000,0.213500000000,0.221500000000,0.145300000000,0.148000000000,0.176100000000,0.169700000000,0.141500000000,0.148000000000,0.159300000000,0.153400000000,0.140600000000,0.151400000000,0.213400000000,0.221300000000,0.145300000000,0.147900000000,0.176100000000,0.169700000000,0.141700000000,0.148000000000,0.159300000000,0.153400000000,0.147300000000,0.151400000000,0.213300000000,0.221300000000,0.145300000000,0.148000000000,0.176100000000,0.169700000000,0.141600000000,0.147900000000,0.159300000000,0.153400000000,0.147300000000,0.140400000000,0.213400000000,0.221400000000,0.145300000000,0.148000000000,0.176100000000,0.169700000000,0.141700000000,0.147900000000,0.159200000000,0.153400000000,0.147400000000,0.140200000000,0.126900000000,0.221300000000,0.145300000000,0.148000000000,0.176100000000,0.169700000000,0.141700000000,0.147800000000,0.159200000000,0.153300000000,0.147400000000,0.140300000000,0.127000000000,0.123400000000,0.145400000000,0.148000000000,0.176200000000,0.169700000000,0.141600000000,0.147900000000,0.159200000000,0.153400000000,0.147300000000,0.140300000000,0.126800000000,0.123400000000,0.140500000000,0.148000000000,0.176100000000,0.169700000000,0.141600000000,0.147900000000,0.159200000000,0.153300000000,0.147400000000,0.140200000000,0.126800000000,0.123400000000,0.140500000000,0.151300000000,0.176200000000,0.169700000000,0.141600000000,0.147900000000,0.159200000000,0.153300000000,0.147300000000,0.140300000000,0.126800000000,0.123500000000,0.140500000000,0.151400000000,0.213300000000,0.169800000000,0.141600000000,0.147900000000,0.159100000000,0.153400000000,0.147400000000,0.140200000000,0.126900000000,0.123400000000,0.140600000000,0.151400000000,0.213400000000,0.221300000000,0.141600000000,0.148000000000,0.159200000000,0.153400000000,0.147400000000,0.140300000000,0.126800000000,0.123500000000,0.140500000000,0.151400000000,0.213400000000,0.221300000000,0.145300000000,0.148000000000,0.159200000000,0.153300000000,0.147400000000,0.140300000000,0.126900000000,0.123300000000,0.140500000000,0.151400000000,0.213300000000,0.221300000000,0.145400000000,0.147900000000
67,79.0,22.0,1.0,22.329999999999895,0.6700000000000004,-0.0019,82.22038329399948,82.26544948999981,False,0.159300000000,0.153400000000,0.147400000000,0.140300000000,0.126800000000,0.123400000000,0.140300000000,0.151200000000,0.213200000000,0.221400000000,0.145300000000,0.147900000000,0.176100000000,0.153400000000,0.147400000000,0.140200000000,0.126800000000,0.123500000000,0.140400000000,0.151200000000,0.213400000000,0.221400000000,0.145400000000,0.147900000000,0.176100000000,0.169600000000,0.147300000000,0.140300000000,0.126900000000,0.123500000000,0.140300000000,0.151100000000,0.213300000000,0.221400000000,0.145300000000,0.148000000000,0.176100000000,0.169700000000,0.141600000000,0.140300000000,0.126800000000,0.123400000000,0.140500000000,0.151200000000,0.213300000000,0.221400000000,0.145400000000,0.148000000000,0.176200000000,0.169700000000,0.141600000000,0.147900000000,0.126800000000,0.123500000000,0.140400000000,0.151100000000,0.213300000000,0.221400000000,0.145400000000,0.147900000000,0.176100000000,0.169700000000,0.141700000000,0.147900000000,0.159200000000,0.123500000000,0.140300000000,0.151200000000,0.213300000000,0.221400000000,0.145400000000,0.147900000000,0.176200000000,0.169700000000,0.141700000000,0.147900000000,0.159100000000,0.153300000000,0.140400000000,0.151200000000,0.213300000000,0.221400000000,0.145400000000,0.148000000000,0.176200000000,0.169700000000,0.141600000000,0.147900000000,0.159100000000,0.153500000000,0.147300000000,0.151000000000,0.213300000000,0.221400000000,0.145300000000,0.148000000000,0.176100000000,0.169700000000,0.141700000000,0.147900000000,0.159200000000,0.153300000000,0.147400000000,0.140300000000,0.213200000000,0.221300000000,0.145300000000,0.148000000000,0.176100000000,0.169700000000,0.141600000000,0.147900000000,0.159200000000,0.153400000000,0.147300000000,0.140300000000,0.126700000000,0.221300000000,0.145300000000,0.148000000000,0.176100000000,0.169700000000,0.141700000000,0.147900000000,0.159200000000,0.153400000000,0.147400000000,0.140100000000,0.126700000000,0.123500000000,0.145300000000,0.148000000000,0.176100000000,0.169700000000,0.141600000000,0.148000000000,0.159200000000,0.153400000000,0.147400000000,0.140100000000,0.126700000000,0.123600000000,0.140200000000,0.147900000000,0.176000000000,0.169700000000,0.141600000000,0.147900000000,0.159100000000,0.153400000000,0.147400000000,0.140200000000,0.126600000000,0.123500000000,0.140200000000,0.151100000000,0.176100000000,0.169700000000,0.141600000000,0.148000000000,0.159200000000,0.153300000000,0.147300000000,0.140100000000,0.126600000000,0.123500000000,0.140300000000,0.151100000000,0.213200000000,0.169700000000,0.141600000000,0.147900000000,0.159200000000,0.153300000000,0.147400000000,0.140100000000,0.126600000000,0.123400000000,0.140200000000,0.151100000000,0.213200000000,0.221400000000,0.141600000000,0.147900000000,0.159200000000,0.153400000000,0.147400000000,0.140200000000,0.126700000000,0.123300000000,0.140300000000,0.151100000000,0.213200000000,0.221300000000,0.145300000000,0.148000000000,0.159200000000,0.153400000000,0.147500000000,0.140100000000,0.126800000000,0.123500000000,0.140200000000,0.151100000000,0.213200000000,0.221300000000,0.145300000000,0.147900000000
68,79.0,22.0,1.0,22.319999999999894,0.6800000000000004,-0.001,82.72006948499984,82.91387073900023,False,0.159200000000,0.153400000000,0.147300000000,0.140100000000,0.126800000000,0.123400000000,0.140000000000,0.150600000000,0.213200000000,0.221300000000,0.145300000000,0.147900000000,0.176100000000,0.153300000000,0.147400000000,0.140100000000,0.126700000000,0.123500000000,0.139900000000,0.150600000000,0.213100000000,0.221300000000,0.145400000000,0.147900000000,0.176100000000,0.169600000000,0.147400000000,0.140200000000,0.126700000000,0.123400000000,0.139900000000,0.150700000000,0.213200000000,0.221300000000,0.145300000000,0.148000000000,0.176100000000,0.169700000000,0.141600000000,0.140100000000,0.126700000000,0.123400000000,0.140000000000,0.150700000000,0.213200000000,0.221400000000,0.145300000000,0.147900000000,0.176000000000,0.169700000000,0.141600000000,0.147900000000,0.126700000000,0.123500000000,0.139900000000,0.150600000000,0.213200000000,0.221300000000,0.145300000000,0.148000000000,0.176100000000,0.169600000000,0.141600000000,0.147900000000,0.159200000000,0.123500000000,0.139900000000,0.150600000000,0.213200000000,0.221300000000,0.145400000000,0.147900000000,0.176100000000,0.169600000000,0.141600000000,0.148000000000,0.159200000000,0.153400000000,0.139800000000,0.150600000000,0.213200000000,0.221300000000,0.145300000000,0.147900000000,0.176200000000,0.169700000000,0.141600000000,0.148000000000,0.159100000000,0.153300000000,0.147400000000,0.150600000000,0.213100000000,0.221400000000,0.145300000000,0.147900000000,0.176100000000,0.169600000000,0.141700000000,0.147900000000,0.159200000000,0.153300000000,0.147500000000,0.140200000000,0.213200000000,0.221300000000,0.145300000000,0.148000000000,0.176200000000,0.169700000000,0.141600000000,0.148000000000,0.159200000000,0.153400000000,0.147400000000,0.140100000000,0.126700000000,0.221300000000,0.145400000000,0.148000000000,0.176200000000,0.169600000000,0.141600000000,0.148000000000,0.159200000000,0.153200000000,0.147400000000,0.140100000000,0.126800000000,0.123400000000,0.145400000000,0.147900000000,0.176200000000,0.169600000000,0.141600000000,0.147900000000,0.159100000000,0.153300000000,0.147300000000,0.140200000000,0.126800000000,0.123500000000,0.140000000000,0.148000000000,0.176100000000,0.169700000000,0.141700000000,0.147900000000,0.159100000000,0.153400000000,0.147300000000,0.140300000000,0.126700000000,0.123400000000,0.139900000000,0.150600000000,0.176100000000,0.169600000000,0.141600000000,0.147900000000,0.159200000000,0.153400000000,0.147400000000,0.140100000000,0.126700000000,0.123400000000,0.139900000000,0.150600000000,0.213100000000,0.169700000000,0.141700000000,0.148000000000,0.159100000000,0.153400000000,0.147300000000,0.140200000000,0.126800000000,0.123600000000,0.139900000000,0.150600000000,0.213200000000,0.221300000000,0.141700000000,0.147900000000,0.159100000000,0.153400000000,0.147300000000,0.140200000000,0.126700000000,0.123500000000,0.139900000000,0.150500000000,0.213200000000,0.221300000000,0.145200000000,0.147900000000,0.159100000000,0.153400000000,0.147400000000,0.140200000000,0.126900000000,0.123500000000,0.139900000000,0.150500000000,0.213100000000,0.221400000000,0.145300000000,0.147900000000
69,79.0,22.0,1.0,22.309999999999892,0.6900000000000004,-0.0004,83.22379141500005,83.34761109899955,False,0.159200000000,0.153300000000,0.147400000000,0.140100000000,0.126600000000,0.123400000000,0.139800000000,0.150500000000,0.213200000000,0.221400000000,0.145300000000,0.148000000000,0.176100000000,0.153400000000,0.147400000000,0.140100000000,0.126600000000,0.123500000000,0.139900000000,0.150500000000,0.213200000000,0.221400000000,0.145300000000,0.148000000000,0.176100000000,0.169700000000,0.147300000000,0.140100000000,0.126600000000,0.123500000000,0.139800000000,0.150500000000,0.213200000000,0.221400000000,0.145400000000,0.148000000000,0.176100000000,0.169700000000,0.141700000000,0.140000000000,0.126700000000,0.123500000000,0.139900000000,0.150500000000,0.213100000000,0.221300000000,0.145400000000,0.147900000000,0.176100000000,0.169700000000,0.141600000000,0.148000000000,0.126700000000,0.123600000000,0.139700000000,0.150400000000,0.213200000000,0.221300000000,0.145300000000,0.147800000000,0.176100000000,0.169700000000,0.141500000000,0.147900000000,0.159200000000,0.123600000000,0.139800000000,0.150400000000,0.213200000000,0.221300000000,0.145300000000,0.148000000000,0.176100000000,0.169700000000,0.141700000000,0.147900000000,0.159100000000,0.153300000000,0.139700000000,0.150500000000,0.213100000000,0.221300000000,0.145200000000,0.147900000000,0.176100000000,0.169800000000,0.141700000000,0.148000000000,0.159200000000,0.153400000000,0.147400000000,0.150500000000,0.213100000000,0.221400000000,0.145400000000,0.148000000000,0.176100000000,0.169800000000,0.141600000000,0.148000000000,0.159200000000,0.153300000000,0.147300000000,0.140000000000,0.213200000000,0.221400000000,0.145300000000,0.147900000000,0.176200000000,0.169700000000,0.141800000000,0.147900000000,0.159200000000,0.153300000000,0.147400000000,0.140000000000,0.126800000000,0.221300000000,0.145300000000,0.148000000000,0.176100000000,0.169700000000,0.141600000000,0.147900000000,0.159200000000,0.153300000000,0.147400000000,0.140100000000,0.126800000000,0.123500000000,0.145400000000,0.147900000000,0.176100000000,0.169700000000,0.141600000000,0.147900000000,0.159100000000,0.153400000000,0.147300000000,0.140100000000,0.126800000000,0.123600000000,0.139800000000,0.147900000000,0.176100000000,0.169700000000,0.141600000000,0.147900000000,0.159200000000,0.153300000000,0.147500000000,0.140100000000,0.126800000000,0.123500000000,0.139900000000,0.150400000000,0.176100000000,0.169700000000,0.141700000000,0.147900000000,0.159200000000,0.153400000000,0.147400000000,0.140100000000,0.126800000000,0.123500000000,0.139700000000,0.150500000000,0.213100000000,0.169700000000,0.141600000000,0.148000000000,0.159100000000,0.153400000000,0.147400000000,0.140200000000,0.126800000000,0.123400000000,0.139800000000,0.150300000000,0.213100000000,0.221400000000,0.141600000000,0.147900000000,0.159100000000,0.153300000000,0.147400000000,0.140200000000,0.126800000000,0.123600000000,0.139800000000,0.150500000000,0.213200000000,0.221400000000,0.145200000000,0.147900000000,0.159200000000,0.153400000000,0.147300000000,0.140100000000,0.126800000000,0.123500000000,0.139700000000,0.150400000000,0.213100000000,0.221400000000,0.145300000000,0.147900000000
70,79.0,22.0,1.0,22.29999999999989,0.7000000000000004,-0.0007,83.72778433199983,83.78095453700007,False,0.159200000000,0.153300000000,0.147500000000,0.140100000000,0.126700000000,0.123500000000,0.139800000000,0.150300000000,0.213100000000,0.221300000000,0.145300000000,0.147900000000,0.176100000000,0.153400000000,0.147400000000,0.140100000000,0.126800000000,0.123600000000,0.139700000000,0.150600000000,0.213100000000,0.221400000000,0.145300000000,0.147900000000,0.176200000000,0.169800000000,0.147400000000,0.140000000000,0.126700000000,0.123600000000,0.139800000000,0.150500000000,0.213100000000,0.221300000000,0.145300000000,0.148000000000,0.176200000000,0.169600000000,0.141700000000,0.140100000000,0.126700000000,0.123600000000,0.139800000000,0.150400000000,0.213100000000,0.221300000000,0.145300000000,0.147900000000,0.176100000000,0.169700000000,0.141600000000,0.147900000000,0.126600000000,0.123600000000,0.139800000000,0.150300000000,0.213000000000,0.221300000000,0.145300000000,0.147900000000,0.176200000000,0.169700000000,0.141700000000,0.147900000000,0.159100000000,0.123400000000,0.139800000000,0.150500000000,0.213200000000,0.221300000000,0.145300000000,0.148000000000,0.176100000000,0.169600000000,0.141600000000,0.147900000000,0.159100000000,0.153400000000,0.139800000000,0.150500000000,0.213200000000,0.221400000000,0.145300000000,0.147900000000,0.176100000000,0.169700000000,0.141700000000,0.148000000000,0.159100000000,0.153400000000,0.147200000000,0.150300000000,0.213100000000,0.221300000000,0.145300000000,0.147900000000,0.176200000000,0.169600000000,0.141600000000,0.147900000000,0.159200000000,0.153300000000,0.147300000000,0.140000000000,0.213100000000,0.221300000000,0.145300000000,0.147900000000,0.176100000000,0.169700000000,0.141700000000,0.148000000000,0.159100000000,0.153200000000,0.147400000000,0.140000000000,0.126500000000,0.221300000000,0.145300000000,0.148000000000,0.176100000000,0.169700000000,0.141500000000,0.147800000000,0.159100000000,0.153400000000,0.147300000000,0.140000000000,0.126600000000,0.123500000000,0.145300000000,0.147900000000,0.176100000000,0.169700000000,0.141600000000,0.147900000000,0.159000000000,0.153400000000,0.147400000000,0.139900000000,0.126600000000,0.123600000000,0.139700000000,0.148000000000,0.176100000000,0.169700000000,0.141600000000,0.147900000000,0.159100000000,0.153300000000,0.147400000000,0.139900000000,0.126500000000,0.123600000000,0.139700000000,0.150500000000,0.176100000000,0.169700000000,0.141600000000,0.147900000000,0.159200000000,0.153400000000,0.147400000000,0.139900000000,0.126500000000,0.123500000000,0.139800000000,0.150400000000,0.213100000000,0.169800000000,0.141600000000,0.148000000000,0.159200000000,0.153300000000,0.147400000000,0.139900000000,0.126500000000,0.123600000000,0.139800000000,0.150400000000,0.213100000000,0.221400000000,0.141700000000,0.148000000000,0.159100000000,0.153300000000,0.147300000000,0.140000000000,0.126600000000,0.123600000000,0.139800000000,0.150400000000,0.213100000000,0.221300000000,0.145300000000,0.147900000000,0.159100000000,0.153200000000,0.147300000000,0.140000000000,0.126700000000,0.123500000000,0.139900000000,0.150500000000,0.213100000000,0.221300000000,0.145400000000,0.147900000000
71,79.0,22.0,1.0,22.28999999999989,0.7100000000000004,-0.0011,84.22725436899964,84.42895563999991,False,0.159200000000,0.153300000000,0.147400000000,0.140200000000,0.126900000000,0.123500000000,0.139700000000,0.150300000000,0.213100000000,0.221400000000,0.145400000000,0.147900000000,0.176100000000,0.153400000000,0.147300000000,0.140300000000,0.127000000000,0.123600000000,0.139800000000,0.150300000000,0.213100000000,0.221400000000,0.145300000000,0.148000000000,0.176000000000,0.169600000000,0.147300000000,0.140200000000,0.127000000000,0.123600000000,0.139700000000,0.150400000000,0.213000000000,0.221400000000,0.145300000000,0.147900000000,0.176100000000,0.169600000000,0.141700000000,0.140200000000,0.127000000000,0.123600000000,0.139700000000,0.150300000000,0.213100000000,0.221300000000,0.145300000000,0.147900000000,0.176000000000,0.169600000000,0.141600000000,0.147900000000,0.126900000000,0.123500000000,0.139600000000,0.150200000000,0.213100000000,0.221300000000,0.145300000000,0.147900000000,0.176100000000,0.169600000000,0.141700000000,0.148000000000,0.159100000000,0.123600000000,0.139600000000,0.150300000000,0.213000000000,0.221400000000,0.145300000000,0.147900000000,0.176000000000,0.169600000000,0.141700000000,0.147900000000,0.159200000000,0.153300000000,0.139600000000,0.150400000000,0.213100000000,0.221200000000,0.145400000000,0.147800000000,0.176000000000,0.169600000000,0.141600000000,0.147900000000,0.159200000000,0.153300000000,0.147300000000,0.150300000000,0.213100000000,0.221300000000,0.145400000000,0.147900000000,0.176000000000,0.169700000000,0.141600000000,0.147900000000,0.159200000000,0.153400000000,0.147300000000,0.140200000000,0.213100000000,0.221400000000,0.145200000000,0.148000000000,0.176100000000,0.169600000000,0.141800000000,0.147900000000,0.159100000000,0.153400000000,0.147400000000,0.140200000000,0.126800000000,0.221200000000,0.145300000000,0.147800000000,0.176100000000,0.169700000000,0.141600000000,0.147900000000,0.159200000000,0.153400000000,0.147300000000,0.140200000000,0.126800000000,0.123500000000,0.145200000000,0.147900000000,0.176100000000,0.169700000000,0.141600000000,0.147900000000,0.159200000000,0.153400000000,0.147500000000,0.140100000000,0.126900000000,0.123600000000,0.139500000000,0.148000000000,0.176100000000,0.169700000000,0.141600000000,0.147900000000,0.159100000000,0.153400000000,0.147300000000,0.140200000000,0.126800000000,0.123600000000,0.139500000000,0.150200000000,0.176000000000,0.169700000000,0.141700000000,0.148000000000,0.159100000000,0.153300000000,0.147400000000,0.140200000000,0.126900000000,0.123500000000,0.139500000000,0.150100000000,0.213100000000,0.169700000000,0.141700000000,0.148000000000,0.159200000000,0.153300000000,0.147400000000,0.140400000000,0.126800000000,0.123600000000,0.139600000000,0.150200000000,0.213100000000,0.221300000000,0.141700000000,0.148000000000,0.159100000000,0.153400000000,0.147400000000,0.140300000000,0.127000000000,0.123600000000,0.139500000000,0.150000000000,0.213100000000,0.221400000000,0.145300000000,0.148000000000,0.159100000000,0.153400000000,0.147500000000,0.140300000000,0.126900000000,0.123700000000,0.139600000000,0.150100000000,0.213100000000,0.221300000000,0.145400000000,0.147900000000
72,79.0,22.0,1.0,22.279999999999887,0.7200000000000004,-0.0006,84.73121653899943,84.86204879999968,False,0.159100000000,0.153300000000,0.147400000000,0.140200000000,0.126900000000,0.123600000000,0.139200000000,0.150000000000,0.213100000000,0.221400000000,0.145200000000,0.147900000000,0.176100000000,0.153400000000,0.147400000000,0.140200000000,0.127000000000,0.123600000000,0.139400000000,0.149800000000,0.213100000000,0.221300000000,0.145300000000,0.147800000000,0.176100000000,0.169700000000,0.147300000000,0.140300000000,0.127000000000,0.123600000000,0.139300000000,0.149900000000,0.213100000000,0.221400000000,0.145400000000,0.147900000000,0.176000000000,0.169700000000,0.141800000000,0.140300000000,0.127000000000,0.123600000000,0.139200000000,0.149900000000,0.213100000000,0.221300000000,0.145400000000,0.147900000000,0.176000000000,0.169700000000,0.141800000000,0.148000000000,0.126800000000,0.123600000000,0.139200000000,0.149900000000,0.213000000000,0.221300000000,0.145300000000,0.147800000000,0.176100000000,0.169700000000,0.141700000000,0.147900000000,0.159200000000,0.123800000000,0.139300000000,0.149700000000,0.213100000000,0.221300000000,0.145300000000,0.147900000000,0.176100000000,0.169700000000,0.141800000000,0.148100000000,0.159100000000,0.153400000000,0.139200000000,0.149800000000,0.213100000000,0.221300000000,0.145300000000,0.147900000000,0.176000000000,0.169600000000,0.141800000000,0.148100000000,0.159200000000,0.153300000000,0.147500000000,0.149800000000,0.213000000000,0.221400000000,0.145300000000,0.147900000000,0.176000000000,0.169700000000,0.141800000000,0.148000000000,0.159200000000,0.153300000000,0.147400000000,0.140200000000,0.213100000000,0.221300000000,0.145400000000,0.147800000000,0.176100000000,0.169700000000,0.141700000000,0.148100000000,0.159200000000,0.153400000000,0.147300000000,0.140200000000,0.127000000000,0.221400000000,0.145400000000,0.147900000000,0.176100000000,0.169700000000,0.141800000000,0.148000000000,0.159200000000,0.153400000000,0.147400000000,0.140200000000,0.127000000000,0.123600000000,0.145300000000,0.147900000000,0.176000000000,0.169700000000,0.141800000000,0.148000000000,0.159100000000,0.153400000000,0.147400000000,0.140200000000,0.126900000000,0.123700000000,0.139300000000,0.147900000000,0.176100000000,0.169700000000,0.141700000000,0.148000000000,0.159200000000,0.153400000000,0.147300000000,0.140300000000,0.126900000000,0.123600000000,0.139200000000,0.149800000000,0.176000000000,0.169700000000,0.141800000000,0.148000000000,0.159200000000,0.153400000000,0.147200000000,0.140300000000,0.127000000000,0.123600000000,0.139300000000,0.149800000000,0.213000000000,0.169700000000,0.141700000000,0.148100000000,0.159100000000,0.153300000000,0.147300000000,0.140200000000,0.127000000000,0.123700000000,0.139300000000,0.149900000000,0.213100000000,0.221300000000,0.141700000000,0.148000000000,0.159100000000,0.153300000000,0.147400000000,0.140300000000,0.127000000000,0.123700000000,0.139200000000,0.149800000000,0.213100000000,0.221300000000,0.145300000000,0.148000000000,0.159300000000,0.153400000000,0.147400000000,0.140200000000,0.126900000000,0.123500000000,0.139400000000,0.149800000000,0.213100000000,0.221300000000,0.145400000000,0.147900000000
73,79.0,22.0,1.0,22.269999999999886,0.7300000000000004,0.0001,85.23078505000012,85.29415930100004,False,0.159200000000,0.153300000000,0.147300000000,0.140100000000,0.126700000000,0.123600000000,0.138900000000,0.149600000000,0.213100000000,0.221300000000,0.145300000000,0.147900000000,0.175900000000,0.153300000000,0.147300000000,0.140100000000,0.126800000000,0.123600000000,0.139000000000,0.149500000000,0.213100000000,0.221300000000,0.145200000000,0.147800000000,0.176000000000,0.169700000000,0.147400000000,0.140000000000,0.126900000000,0.123600000000,0.139000000000,0.149500000000,0.213100000000,0.221300000000,0.145300000000,0.147900000000,0.176000000000,0.169700000000,0.141700000000,0.140100000000,0.126800000000,0.123700000000,0.138900000000,0.149500000000,0.213100000000,0.221300000000,0.145300000000,0.147900000000,0.176000000000,0.169600000000,0.141600000000,0.148000000000,0.126800000000,0.123700000000,0.139000000000,0.149600000000,0.213100000000,0.221300000000,0.145400000000,0.147800000000,0.176000000000,0.169700000000,0.141700000000,0.148100000000,0.159200000000,0.123700000000,0.138900000000,0.149600000000,0.213100000000,0.221400000000,0.145200000000,0.147900000000,0.176100000000,0.169600000000,0.141700000000,0.147900000000,0.159100000000,0.153400000000,0.138900000000,0.149600000000,0.213100000000,0.221300000000,0.145300000000,0.147900000000,0.176000000000,0.169800000000,0.141700000000,0.148100000000,0.159100000000,0.153300000000,0.147300000000,0.149600000000,0.213200000000,0.221400000000,0.145400000000,0.147900000000,0.176000000000,0.169700000000,0.141800000000,0.148000000000,0.159200000000,0.153300000000,0.147400000000,0.140100000000,0.213100000000,0.221400000000,0.145300000000,0.147800000000,0.176100000000,0.169700000000,0.141800000000,0.148000000000,0.159100000000,0.153300000000,0.147300000000,0.140000000000,0.126600000000,0.221300000000,0.145300000000,0.147800000000,0.176000000000,0.169600000000,0.141700000000,0.148000000000,0.159100000000,0.153400000000,0.147400000000,0.140000000000,0.126800000000,0.123700000000,0.145300000000,0.147900000000,0.176100000000,0.169700000000,0.141800000000,0.148000000000,0.159200000000,0.153300000000,0.147300000000,0.140100000000,0.126700000000,0.123600000000,0.138800000000,0.147900000000,0.176000000000,0.169600000000,0.141700000000,0.148000000000,0.159200000000,0.153300000000,0.147400000000,0.140000000000,0.126800000000,0.123600000000,0.139000000000,0.149500000000,0.176000000000,0.169700000000,0.141800000000,0.148000000000,0.159100000000,0.153300000000,0.147400000000,0.140000000000,0.126800000000,0.123600000000,0.138900000000,0.149600000000,0.213000000000,0.169600000000,0.141700000000,0.147900000000,0.159200000000,0.153300000000,0.147300000000,0.140000000000,0.126700000000,0.123500000000,0.138900000000,0.149600000000,0.213100000000,0.221200000000,0.141800000000,0.148000000000,0.159100000000,0.153300000000,0.147300000000,0.140000000000,0.126800000000,0.123600000000,0.138900000000,0.149500000000,0.213100000000,0.221400000000,0.145300000000,0.148100000000,0.159200000000,0.153400000000,0.147400000000,0.140100000000,0.126800000000,0.123600000000,0.139000000000,0.149500000000,0.213100000000,0.221200000000,0.145300000000,0.147900000000
74,79.0,22.0,1.0,22.259999999999884,0.7400000000000004,0.0043,85.73471178299951,85.94316336100019,False,0.159200000000,0.153300000000,0.147400000000,0.140300000000,0.127400000000,0.124200000000,0.139300000000,0.149800000000,0.213200000000,0.221500000000,0.145300000000,0.147900000000,0.176000000000,0.153400000000,0.147500000000,0.140300000000,0.127600000000,0.124300000000,0.139300000000,0.149700000000,0.213200000000,0.221400000000,0.145300000000,0.147900000000,0.176100000000,0.169700000000,0.147300000000,0.140300000000,0.127500000000,0.124300000000,0.139200000000,0.149800000000,0.213300000000,0.221400000000,0.145400000000,0.147900000000,0.176100000000,0.169700000000,0.141800000000,0.140300000000,0.127400000000,0.124200000000,0.139100000000,0.149600000000,0.213300000000,0.221500000000,0.145200000000,0.147900000000,0.176100000000,0.169600000000,0.141800000000,0.148100000000,0.127500000000,0.124300000000,0.139300000000,0.149700000000,0.213300000000,0.221400000000,0.145300000000,0.147800000000,0.176000000000,0.169600000000,0.141800000000,0.148000000000,0.159200000000,0.124200000000,0.139200000000,0.149700000000,0.213300000000,0.221400000000,0.145300000000,0.148000000000,0.176000000000,0.169600000000,0.141800000000,0.148200000000,0.159200000000,0.153300000000,0.139200000000,0.149700000000,0.213300000000,0.221500000000,0.145300000000,0.147800000000,0.176000000000,0.169600000000,0.141700000000,0.148100000000,0.159200000000,0.153400000000,0.147500000000,0.149900000000,0.213300000000,0.221500000000,0.145200000000,0.147800000000,0.176100000000,0.169600000000,0.141700000000,0.148100000000,0.159100000000,0.153300000000,0.147400000000,0.140300000000,0.213300000000,0.221500000000,0.145300000000,0.147900000000,0.176100000000,0.169700000000,0.141700000000,0.148100000000,0.159200000000,0.153400000000,0.147400000000,0.140300000000,0.127600000000,0.221400000000,0.145400000000,0.147900000000,0.176100000000,0.169700000000,0.141800000000,0.148200000000,0.159300000000,0.153400000000,0.147500000000,0.140500000000,0.127600000000,0.124400000000,0.145300000000,0.147800000000,0.176100000000,0.169800000000,0.141900000000,0.148000000000,0.159200000000,0.153400000000,0.147400000000,0.140400000000,0.127600000000,0.124300000000,0.139200000000,0.147900000000,0.176000000000,0.169700000000,0.141800000000,0.148100000000,0.159200000000,0.153400000000,0.147500000000,0.140300000000,0.127500000000,0.124300000000,0.139200000000,0.149900000000,0.176000000000,0.169700000000,0.141800000000,0.148000000000,0.159200000000,0.153500000000,0.147400000000,0.140500000000,0.127500000000,0.124300000000,0.139200000000,0.149800000000,0.213300000000,0.169600000000,0.141900000000,0.148100000000,0.159200000000,0.153300000000,0.147400000000,0.140300000000,0.127700000000,0.124400000000,0.139200000000,0.149700000000,0.213300000000,0.221500000000,0.141800000000,0.148200000000,0.159100000000,0.153300000000,0.147500000000,0.140300000000,0.127600000000,0.124400000000,0.139200000000,0.149700000000,0.213400000000,0.221400000000,0.145300000000,0.148100000000,0.159100000000,0.153300000000,0.147400000000,0.140300000000,0.127500000000,0.124400000000,0.139200000000,0.149700000000,0.213300000000,0.221400000000,0.145300000000,0.147900000000
75,79.0,22.0,1.0,22.249999999999883,0.7500000000000004,0.0082,86.23419399300019,86.37735761000022,False,0.159100000000,0.153200000000,0.147300000000,0.140300000000,0.127700000000,0.124400000000,0.139100000000,0.149600000000,0.213300000000,0.221500000000,0.145400000000,0.147900000000,0.176100000000,0.153300000000,0.147300000000,0.140300000000,0.127700000000,0.124400000000,0.139200000000,0.149600000000,0.213400000000,0.221500000000,0.145400000000,0.147900000000,0.176000000000,0.169700000000,0.147400000000,0.140400000000,0.127700000000,0.124400000000,0.139000000000,0.149700000000,0.213300000000,0.221500000000,0.145400000000,0.147800000000,0.176000000000,0.169600000000,0.141900000000,0.140400000000,0.127700000000,0.124500000000,0.139100000000,0.149700000000,0.213400000000,0.221400000000,0.145300000000,0.147800000000,0.176000000000,0.169500000000,0.141800000000,0.148100000000,0.127700000000,0.124400000000,0.138900000000,0.149600000000,0.213400000000,0.221500000000,0.145300000000,0.147900000000,0.176000000000,0.169600000000,0.141900000000,0.148200000000,0.159200000000,0.124400000000,0.138900000000,0.149600000000,0.213400000000,0.221500000000,0.145300000000,0.147800000000,0.176000000000,0.169700000000,0.141800000000,0.148200000000,0.159200000000,0.153300000000,0.139000000000,0.149600000000,0.213500000000,0.221400000000,0.145300000000,0.147700000000,0.176000000000,0.169600000000,0.142000000000,0.148100000000,0.159100000000,0.153400000000,0.147300000000,0.149600000000,0.213400000000,0.221500000000,0.145300000000,0.147900000000,0.176000000000,0.169700000000,0.141900000000,0.148100000000,0.159200000000,0.153300000000,0.147400000000,0.140400000000,0.213500000000,0.221500000000,0.145300000000,0.147900000000,0.176100000000,0.169700000000,0.141900000000,0.148100000000,0.159100000000,0.153300000000,0.147400000000,0.140300000000,0.127700000000,0.221400000000,0.145300000000,0.147800000000,0.176000000000,0.169700000000,0.141900000000,0.148100000000,0.159200000000,0.153300000000,0.147300000000,0.140400000000,0.127600000000,0.124300000000,0.145300000000,0.147900000000,0.176000000000,0.169600000000,0.141800000000,0.148100000000,0.159100000000,0.153300000000,0.147300000000,0.140300000000,0.127600000000,0.124400000000,0.139000000000,0.147800000000,0.176000000000,0.169600000000,0.141900000000,0.148100000000,0.159100000000,0.153300000000,0.147400000000,0.140300000000,0.127600000000,0.124200000000,0.139000000000,0.149600000000,0.176000000000,0.169600000000,0.141900000000,0.148200000000,0.159200000000,0.153400000000,0.147300000000,0.140300000000,0.127600000000,0.124300000000,0.139000000000,0.149700000000,0.213500000000,0.169600000000,0.141900000000,0.148200000000,0.159200000000,0.153400000000,0.147300000000,0.140400000000,0.127600000000,0.124300000000,0.139000000000,0.149700000000,0.213400000000,0.221500000000,0.141800000000,0.148100000000,0.159200000000,0.153300000000,0.147400000000,0.140300000000,0.127600000000,0.124300000000,0.139100000000,0.149600000000,0.213500000000,0.221500000000,0.145300000000,0.148200000000,0.159200000000,0.153400000000,0.147300000000,0.140400000000,0.127600000000,0.124400000000,0.139000000000,0.149700000000,0.213600000000,0.221500000000,0.145300000000,0.147900000000
76,79.0,22.0,1.0,22.23999999999988,0.7600000000000005,0.0132,86.73829367999952,86.8089935729995,False,0.159200000000,0.153300000000,0.147500000000,0.140500000000,0.129400000000,0.126400000000,0.140600000000,0.151500000000,0.213900000000,0.221600000000,0.145300000000,0.147900000000,0.176100000000,0.153400000000,0.147600000000,0.140500000000,0.129300000000,0.126200000000,0.140600000000,0.151300000000,0.214000000000,0.221500000000,0.145300000000,0.147900000000,0.176000000000,0.169600000000,0.147400000000,0.140400000000,0.129300000000,0.126200000000,0.140600000000,0.151300000000,0.213900000000,0.221600000000,0.145300000000,0.148000000000,0.176100000000,0.169700000000,0.141900000000,0.140400000000,0.129100000000,0.126300000000,0.140600000000,0.151300000000,0.213900000000,0.221600000000,0.145400000000,0.148000000000,0.176000000000,0.169700000000,0.141900000000,0.148200000000,0.129200000000,0.126200000000,0.140700000000,0.151300000000,0.213900000000,0.221600000000,0.145300000000,0.147900000000,0.176100000000,0.169600000000,0.142000000000,0.148200000000,0.159200000000,0.126200000000,0.140600000000,0.151300000000,0.213900000000,0.221600000000,0.145400000000,0.147900000000,0.176100000000,0.169600000000,0.141900000000,0.148300000000,0.159300000000,0.153400000000,0.140700000000,0.151400000000,0.214000000000,0.221700000000,0.145300000000,0.148000000000,0.176100000000,0.169700000000,0.142000000000,0.148300000000,0.159200000000,0.153400000000,0.147600000000,0.151400000000,0.214100000000,0.221600000000,0.145400000000,0.147900000000,0.176100000000,0.169800000000,0.142100000000,0.148200000000,0.159200000000,0.153400000000,0.147500000000,0.140500000000,0.214000000000,0.221600000000,0.145300000000,0.147900000000,0.176100000000,0.169600000000,0.141900000000,0.148200000000,0.159200000000,0.153300000000,0.147600000000,0.140500000000,0.129200000000,0.221600000000,0.145400000000,0.147800000000,0.176100000000,0.169600000000,0.142000000000,0.148200000000,0.159200000000,0.153400000000,0.147500000000,0.140500000000,0.129300000000,0.126000000000,0.145400000000,0.148000000000,0.176100000000,0.169700000000,0.141900000000,0.148200000000,0.159200000000,0.153400000000,0.147600000000,0.140600000000,0.129400000000,0.126200000000,0.140600000000,0.147900000000,0.176100000000,0.169700000000,0.142000000000,0.148300000000,0.159200000000,0.153300000000,0.147500000000,0.140500000000,0.129400000000,0.126100000000,0.140500000000,0.151300000000,0.176100000000,0.169700000000,0.142000000000,0.148200000000,0.159200000000,0.153400000000,0.147500000000,0.140600000000,0.129300000000,0.126200000000,0.140500000000,0.151200000000,0.213900000000,0.169700000000,0.142000000000,0.148300000000,0.159200000000,0.153300000000,0.147500000000,0.140500000000,0.129100000000,0.126100000000,0.140400000000,0.151200000000,0.213900000000,0.221600000000,0.142000000000,0.148400000000,0.159100000000,0.153300000000,0.147600000000,0.140500000000,0.129200000000,0.126200000000,0.140400000000,0.151200000000,0.214000000000,0.221600000000,0.145300000000,0.148300000000,0.159200000000,0.153300000000,0.147600000000,0.140600000000,0.129300000000,0.126100000000,0.140400000000,0.151200000000,0.213900000000,0.221600000000,0.145300000000,0.147900000000
77,79.0,22.0,1.0,22.22999999999988,0.7700000000000005,0.017,87.2376783869995,87.45809804100008,False,0.159200000000,0.153400000000,0.147500000000,0.140300000000,0.129100000000,0.126200000000,0.140600000000,0.151000000000,0.213700000000,0.221700000000,0.145400000000,0.147900000000,0.176100000000,0.153400000000,0.147700000000,0.140300000000,0.129100000000,0.126000000000,0.140600000000,0.151100000000,0.213600000000,0.221600000000,0.145400000000,0.147900000000,0.176200000000,0.169600000000,0.147600000000,0.140300000000,0.129000000000,0.126100000000,0.140600000000,0.151100000000,0.213700000000,0.221600000000,0.145400000000,0.147900000000,0.176000000000,0.169600000000,0.142000000000,0.140300000000,0.129000000000,0.126100000000,0.140600000000,0.151100000000,0.213700000000,0.221600000000,0.145400000000,0.147900000000,0.176100000000,0.169700000000,0.142000000000,0.148200000000,0.128900000000,0.126100000000,0.140500000000,0.151000000000,0.213700000000,0.221500000000,0.145400000000,0.147900000000,0.176200000000,0.169700000000,0.141900000000,0.148400000000,0.159200000000,0.126100000000,0.140600000000,0.151000000000,0.213800000000,0.221600000000,0.145300000000,0.147900000000,0.176100000000,0.169700000000,0.142100000000,0.148300000000,0.159200000000,0.153400000000,0.140500000000,0.151000000000,0.213700000000,0.221600000000,0.145400000000,0.147900000000,0.176100000000,0.169600000000,0.142000000000,0.148300000000,0.159100000000,0.153300000000,0.147600000000,0.151000000000,0.213700000000,0.221700000000,0.145400000000,0.147900000000,0.176100000000,0.169800000000,0.142100000000,0.148300000000,0.159200000000,0.153400000000,0.147400000000,0.140300000000,0.213700000000,0.221500000000,0.145300000000,0.147900000000,0.176200000000,0.169700000000,0.142000000000,0.148300000000,0.159100000000,0.153400000000,0.147600000000,0.140300000000,0.128800000000,0.221600000000,0.145300000000,0.147900000000,0.176000000000,0.169700000000,0.142000000000,0.148200000000,0.159200000000,0.153500000000,0.147500000000,0.140300000000,0.128800000000,0.126000000000,0.145300000000,0.147900000000,0.176100000000,0.169700000000,0.142000000000,0.148400000000,0.159100000000,0.153400000000,0.147500000000,0.140300000000,0.128800000000,0.125900000000,0.140400000000,0.147900000000,0.176100000000,0.169600000000,0.141900000000,0.148300000000,0.159100000000,0.153400000000,0.147500000000,0.140300000000,0.128700000000,0.125900000000,0.140500000000,0.150900000000,0.176200000000,0.169700000000,0.142100000000,0.148300000000,0.159300000000,0.153400000000,0.147500000000,0.140300000000,0.128900000000,0.125900000000,0.140500000000,0.150900000000,0.213600000000,0.169700000000,0.142000000000,0.148300000000,0.159100000000,0.153500000000,0.147600000000,0.140300000000,0.128800000000,0.126000000000,0.140500000000,0.150900000000,0.213700000000,0.221700000000,0.142000000000,0.148300000000,0.159200000000,0.153400000000,0.147500000000,0.140300000000,0.128800000000,0.125900000000,0.140400000000,0.150800000000,0.213700000000,0.221600000000,0.145400000000,0.148200000000,0.159200000000,0.153400000000,0.147400000000,0.140300000000,0.128900000000,0.125900000000,0.140400000000,0.150900000000,0.213700000000,0.221600000000,0.145300000000,0.147900000000
78,79.0,22.0,1.0,22.219999999999878,0.7800000000000005,0.0205,87.74155843300014,87.89169570400009,False,0.159200000000,0.153500000000,0.147700000000,0.140600000000,0.130500000000,0.127600000000,0.142000000000,0.152300000000,0.214000000000,0.221800000000,0.145500000000,0.147900000000,0.176200000000,0.153400000000,0.147800000000,0.140700000000,0.130400000000,0.127500000000,0.141900000000,0.152300000000,0.214000000000,0.221800000000,0.145400000000,0.147900000000,0.176200000000,0.169700000000,0.147800000000,0.140700000000,0.130400000000,0.127500000000,0.142000000000,0.152300000000,0.214000000000,0.221800000000,0.145500000000,0.148000000000,0.176200000000,0.169600000000,0.142100000000,0.140800000000,0.130400000000,0.127300000000,0.141900000000,0.152200000000,0.214000000000,0.221700000000,0.145500000000,0.148000000000,0.176100000000,0.169600000000,0.142100000000,0.148300000000,0.130400000000,0.127400000000,0.141800000000,0.152200000000,0.214000000000,0.221900000000,0.145400000000,0.148000000000,0.176200000000,0.169700000000,0.142200000000,0.148300000000,0.159200000000,0.127500000000,0.141800000000,0.152300000000,0.214000000000,0.221900000000,0.145400000000,0.148000000000,0.176100000000,0.169700000000,0.142100000000,0.148400000000,0.159200000000,0.153400000000,0.141800000000,0.152200000000,0.214100000000,0.221900000000,0.145500000000,0.147900000000,0.176200000000,0.169600000000,0.142000000000,0.148400000000,0.159300000000,0.153600000000,0.147800000000,0.152200000000,0.214100000000,0.221800000000,0.145500000000,0.147900000000,0.176200000000,0.169700000000,0.142000000000,0.148300000000,0.159200000000,0.153500000000,0.147700000000,0.140700000000,0.214100000000,0.221800000000,0.145400000000,0.148000000000,0.176200000000,0.169600000000,0.142100000000,0.148500000000,0.159200000000,0.153400000000,0.147700000000,0.140700000000,0.130400000000,0.221900000000,0.145500000000,0.148000000000,0.176200000000,0.169800000000,0.142100000000,0.148400000000,0.159300000000,0.153500000000,0.147800000000,0.140800000000,0.130600000000,0.127400000000,0.145500000000,0.148000000000,0.176100000000,0.169700000000,0.142100000000,0.148300000000,0.159200000000,0.153500000000,0.147800000000,0.140800000000,0.130600000000,0.127600000000,0.142100000000,0.148000000000,0.176200000000,0.169700000000,0.142100000000,0.148400000000,0.159200000000,0.153600000000,0.147700000000,0.140800000000,0.130500000000,0.127500000000,0.142000000000,0.152400000000,0.176200000000,0.169700000000,0.142100000000,0.148300000000,0.159200000000,0.153400000000,0.147700000000,0.140800000000,0.130600000000,0.127600000000,0.142000000000,0.152500000000,0.214200000000,0.169800000000,0.142100000000,0.148300000000,0.159200000000,0.153500000000,0.147700000000,0.140900000000,0.130500000000,0.127600000000,0.142100000000,0.152500000000,0.214300000000,0.221900000000,0.142100000000,0.148300000000,0.159200000000,0.153500000000,0.147800000000,0.140900000000,0.130700000000,0.127500000000,0.142100000000,0.152600000000,0.214300000000,0.221900000000,0.145400000000,0.148500000000,0.159300000000,0.153400000000,0.147800000000,0.140800000000,0.130600000000,0.127500000000,0.142000000000,0.152600000000,0.214200000000,0.222000000000,0.145500000000,0.148100000000
79,79.0,22.0,1.0,22.209999999999877,0.7900000000000005,0.0249,88.24119744600011,88.32354399399992,False,0.159100000000,0.153500000000,0.147700000000,0.140800000000,0.130600000000,0.127300000000,0.142000000000,0.152700000000,0.214400000000,0.222000000000,0.145500000000,0.148000000000,0.176400000000,0.153500000000,0.147700000000,0.140900000000,0.130600000000,0.127500000000,0.141900000000,0.152800000000,0.214400000000,0.221900000000,0.145500000000,0.148000000000,0.176300000000,0.169800000000,0.147700000000,0.140900000000,0.130600000000,0.127600000000,0.141900000000,0.152700000000,0.214500000000,0.222000000000,0.145500000000,0.148000000000,0.176300000000,0.169800000000,0.142100000000,0.140900000000,0.130600000000,0.127400000000,0.142000000000,0.153000000000,0.214500000000,0.222000000000,0.145600000000,0.148000000000,0.176300000000,0.169800000000,0.142200000000,0.148300000000,0.130600000000,0.127400000000,0.142100000000,0.152900000000,0.214500000000,0.222100000000,0.145600000000,0.148000000000,0.176400000000,0.169700000000,0.142100000000,0.148400000000,0.159200000000,0.127500000000,0.142100000000,0.152800000000,0.214600000000,0.222100000000,0.145500000000,0.148100000000,0.176400000000,0.169800000000,0.142200000000,0.148300000000,0.159200000000,0.153500000000,0.142000000000,0.152800000000,0.214500000000,0.222100000000,0.145500000000,0.147900000000,0.176400000000,0.169800000000,0.142100000000,0.148400000000,0.159300000000,0.153500000000,0.147800000000,0.152800000000,0.214600000000,0.222100000000,0.145500000000,0.148000000000,0.176400000000,0.169900000000,0.142100000000,0.148400000000,0.159300000000,0.153500000000,0.147800000000,0.140800000000,0.214600000000,0.222100000000,0.145500000000,0.148000000000,0.176400000000,0.169800000000,0.142100000000,0.148400000000,0.159200000000,0.153600000000,0.147800000000,0.140900000000,0.130500000000,0.222100000000,0.145500000000,0.148000000000,0.176400000000,0.169700000000,0.142100000000,0.148300000000,0.159300000000,0.153500000000,0.147800000000,0.140900000000,0.130500000000,0.127300000000,0.145500000000,0.148000000000,0.176400000000,0.169800000000,0.142200000000,0.148500000000,0.159200000000,0.153600000000,0.147600000000,0.140800000000,0.130300000000,0.127200000000,0.141900000000,0.148000000000,0.176400000000,0.169700000000,0.142200000000,0.148500000000,0.159300000000,0.153500000000,0.147800000000,0.140800000000,0.130300000000,0.127300000000,0.141800000000,0.152700000000,0.176400000000,0.169900000000,0.142100000000,0.148400000000,0.159400000000,0.153500000000,0.147700000000,0.140800000000,0.130300000000,0.127300000000,0.141800000000,0.152900000000,0.214600000000,0.169800000000,0.142200000000,0.148400000000,0.159200000000,0.153500000000,0.147700000000,0.140700000000,0.130300000000,0.127300000000,0.142000000000,0.152800000000,0.214700000000,0.222100000000,0.142200000000,0.148400000000,0.159200000000,0.153600000000,0.147800000000,0.140900000000,0.130300000000,0.127200000000,0.141800000000,0.152800000000,0.214600000000,0.222100000000,0.145500000000,0.148400000000,0.159300000000,0.153600000000,0.147800000000,0.140700000000,0.130200000000,0.127300000000,0.141900000000,0.152900000000,0.214600000000,0.222100000000,0.145500000000,0.148100000000
80,79.0,22.0,1.0,22.199999999999875,0.8000000000000005,0.0328,88.74500076899949,88.97222077300012,False,0.159300000000,0.154100000000,0.148300000000,0.141500000000,0.132900000000,0.130200000000,0.145300000000,0.158000000000,0.217500000000,0.223300000000,0.146100000000,0.148400000000,0.177200000000,0.154000000000,0.148200000000,0.141500000000,0.132900000000,0.130200000000,0.145100000000,0.157900000000,0.217500000000,0.223300000000,0.146100000000,0.148400000000,0.177100000000,0.169900000000,0.148200000000,0.141500000000,0.132900000000,0.130200000000,0.145200000000,0.157900000000,0.217500000000,0.223300000000,0.146100000000,0.148400000000,0.177100000000,0.170000000000,0.142300000000,0.141500000000,0.132900000000,0.130100000000,0.145100000000,0.157800000000,0.217400000000,0.223400000000,0.146100000000,0.148500000000,0.177100000000,0.169900000000,0.142200000000,0.148500000000,0.132800000000,0.130200000000,0.145100000000,0.157900000000,0.217500000000,0.223200000000,0.146100000000,0.148500000000,0.177100000000,0.169900000000,0.142200000000,0.148500000000,0.159400000000,0.130300000000,0.145100000000,0.157800000000,0.217400000000,0.223300000000,0.146100000000,0.148500000000,0.177100000000,0.169900000000,0.142300000000,0.148500000000,0.159200000000,0.154100000000,0.145100000000,0.157700000000,0.217500000000,0.223300000000,0.146100000000,0.148400000000,0.177100000000,0.169900000000,0.142300000000,0.148600000000,0.159300000000,0.154000000000,0.148200000000,0.157600000000,0.217400000000,0.223300000000,0.146100000000,0.148500000000,0.177100000000,0.169900000000,0.142200000000,0.148600000000,0.159300000000,0.154000000000,0.148200000000,0.141400000000,0.217400000000,0.223200000000,0.146000000000,0.148500000000,0.177100000000,0.169900000000,0.142200000000,0.148400000000,0.159300000000,0.154000000000,0.148100000000,0.141400000000,0.132500000000,0.223300000000,0.146100000000,0.148500000000,0.177100000000,0.169900000000,0.142200000000,0.148600000000,0.159300000000,0.154000000000,0.148200000000,0.141400000000,0.132500000000,0.129800000000,0.146100000000,0.148500000000,0.177100000000,0.170000000000,0.142300000000,0.148500000000,0.159200000000,0.154000000000,0.148100000000,0.141400000000,0.132500000000,0.129900000000,0.144900000000,0.148500000000,0.177200000000,0.169900000000,0.142300000000,0.148500000000,0.159200000000,0.154000000000,0.148100000000,0.141500000000,0.132500000000,0.129900000000,0.144900000000,0.157600000000,0.177100000000,0.169800000000,0.142300000000,0.148600000000,0.159300000000,0.154000000000,0.148200000000,0.141400000000,0.132500000000,0.129800000000,0.144800000000,0.157600000000,0.217500000000,0.169900000000,0.142300000000,0.148500000000,0.159300000000,0.153900000000,0.148100000000,0.141400000000,0.132400000000,0.129800000000,0.144900000000,0.157800000000,0.217400000000,0.223300000000,0.142200000000,0.148600000000,0.159300000000,0.154000000000,0.148200000000,0.141500000000,0.132500000000,0.129800000000,0.144800000000,0.157600000000,0.217500000000,0.223200000000,0.146000000000,0.148500000000,0.159300000000,0.154000000000,0.148100000000,0.141500000000,0.132500000000,0.129800000000,0.144900000000,0.157700000000,0.217400000000,0.223200000000,0.146000000000,0.148400000000
81,79.0,22.0,1.0,22.189999999999873,0.8100000000000005,0.0399,89.24863361200005,89.40544437599965,False,0.159400000000,0.154100000000,0.147900000000,0.141400000000,0.132200000000,0.129500000000,0.145000000000,0.157900000000,0.217600000000,0.223300000000,0.146000000000,0.148400000000,0.177200000000,0.154000000000,0.148100000000,0.141300000000,0.132300000000,0.129800000000,0.145100000000,0.157800000000,0.217400000000,0.223300000000,0.146100000000,0.148500000000,0.177200000000,0.169900000000,0.148000000000,0.141300000000,0.132200000000,0.129600000000,0.145000000000,0.157700000000,0.217400000000,0.223300000000,0.146000000000,0.148500000000,0.177100000000,0.169800000000,0.142300000000,0.141300000000,0.132300000000,0.129600000000,0.145000000000,0.157800000000,0.217500000000,0.223300000000,0.146000000000,0.148400000000,0.177100000000,0.169900000000,0.142200000000,0.148600000000,0.132300000000,0.129700000000,0.145000000000,0.157800000000,0.217600000000,0.223300000000,0.146100000000,0.148600000000,0.177100000000,0.169900000000,0.142200000000,0.148600000000,0.159300000000,0.129600000000,0.145000000000,0.157800000000,0.217400000000,0.223300000000,0.146000000000,0.148500000000,0.177100000000,0.169800000000,0.142200000000,0.148600000000,0.159200000000,0.154100000000,0.145000000000,0.157700000000,0.217500000000,0.223300000000,0.146100000000,0.148500000000,0.177200000000,0.169900000000,0.142400000000,0.148600000000,0.159300000000,0.154000000000,0.148100000000,0.157700000000,0.217500000000,0.223400000000,0.146100000000,0.148500000000,0.177100000000,0.169900000000,0.142300000000,0.148600000000,0.159400000000,0.154100000000,0.148100000000,0.141300000000,0.217500000000,0.223400000000,0.146100000000,0.148500000000,0.177100000000,0.169900000000,0.142200000000,0.148500000000,0.159400000000,0.154100000000,0.148100000000,0.141300000000,0.132300000000,0.223400000000,0.146100000000,0.148500000000,0.177100000000,0.169800000000,0.142400000000,0.148600000000,0.159300000000,0.154100000000,0.148100000000,0.141300000000,0.132300000000,0.129600000000,0.146100000000,0.148500000000,0.177100000000,0.169800000000,0.142300000000,0.148600000000,0.159300000000,0.154100000000,0.148100000000,0.141300000000,0.132300000000,0.129700000000,0.145200000000,0.148500000000,0.177200000000,0.169900000000,0.142200000000,0.148500000000,0.159300000000,0.153900000000,0.148000000000,0.141400000000,0.132400000000,0.129800000000,0.145200000000,0.157900000000,0.177100000000,0.169900000000,0.142400000000,0.148700000000,0.159400000000,0.154000000000,0.148000000000,0.141200000000,0.132300000000,0.129800000000,0.145100000000,0.157900000000,0.217400000000,0.169900000000,0.142300000000,0.148600000000,0.159400000000,0.154000000000,0.148000000000,0.141200000000,0.132400000000,0.129800000000,0.145200000000,0.157900000000,0.217600000000,0.223400000000,0.142400000000,0.148500000000,0.159400000000,0.154000000000,0.148000000000,0.141300000000,0.132400000000,0.129600000000,0.145200000000,0.157900000000,0.217500000000,0.223300000000,0.146100000000,0.148700000000,0.159400000000,0.154000000000,0.148100000000,0.141200000000,0.132600000000,0.129800000000,0.145300000000,0.157900000000,0.217500000000,0.223400000000,0.146000000000,0.148500000000
82,79.0,22.0,1.0,22.179999999999872,0.8200000000000005,0.0459,89.74852235199978,89.83870821500022,False,0.159400000000,0.154100000000,0.148400000000,0.141500000000,0.134300000000,0.131600000000,0.147300000000,0.159700000000,0.217700000000,0.223500000000,0.146000000000,0.148500000000,0.177200000000,0.154100000000,0.148200000000,0.141500000000,0.134100000000,0.131700000000,0.147100000000,0.159500000000,0.217700000000,0.223400000000,0.146100000000,0.148400000000,0.177200000000,0.169900000000,0.148300000000,0.141500000000,0.134300000000,0.131600000000,0.147300000000,0.159700000000,0.217800000000,0.223500000000,0.146100000000,0.148500000000,0.177200000000,0.169900000000,0.142400000000,0.141500000000,0.134200000000,0.131500000000,0.147200000000,0.159500000000,0.217800000000,0.223500000000,0.146100000000,0.148500000000,0.177200000000,0.169900000000,0.142300000000,0.148700000000,0.134000000000,0.131500000000,0.147000000000,0.159600000000,0.217700000000,0.223500000000,0.146200000000,0.148500000000,0.177200000000,0.169900000000,0.142400000000,0.148600000000,0.159400000000,0.131300000000,0.147000000000,0.159400000000,0.217800000000,0.223600000000,0.146200000000,0.148400000000,0.177200000000,0.170000000000,0.142500000000,0.148700000000,0.159400000000,0.154100000000,0.147000000000,0.159400000000,0.217700000000,0.223600000000,0.146100000000,0.148500000000,0.177200000000,0.169900000000,0.142400000000,0.148700000000,0.159300000000,0.154100000000,0.148300000000,0.159400000000,0.217700000000,0.223500000000,0.146200000000,0.148500000000,0.177300000000,0.170000000000,0.142400000000,0.148700000000,0.159300000000,0.154100000000,0.148200000000,0.141500000000,0.217700000000,0.223500000000,0.146100000000,0.148500000000,0.177200000000,0.170000000000,0.142400000000,0.148700000000,0.159300000000,0.154100000000,0.148300000000,0.141500000000,0.134000000000,0.223500000000,0.146100000000,0.148500000000,0.177200000000,0.169900000000,0.142400000000,0.148700000000,0.159400000000,0.154100000000,0.148300000000,0.141600000000,0.134100000000,0.131400000000,0.146100000000,0.148600000000,0.177200000000,0.169900000000,0.142400000000,0.148600000000,0.159400000000,0.154000000000,0.148300000000,0.141500000000,0.133900000000,0.131300000000,0.147000000000,0.148500000000,0.177200000000,0.170000000000,0.142300000000,0.148700000000,0.159300000000,0.154200000000,0.148300000000,0.141500000000,0.133900000000,0.131400000000,0.146900000000,0.159300000000,0.177200000000,0.169900000000,0.142400000000,0.148600000000,0.159300000000,0.154100000000,0.148200000000,0.141500000000,0.133900000000,0.131200000000,0.146900000000,0.159200000000,0.217700000000,0.170000000000,0.142400000000,0.148600000000,0.159400000000,0.154100000000,0.148200000000,0.141400000000,0.133800000000,0.131200000000,0.146800000000,0.159100000000,0.217700000000,0.223600000000,0.142500000000,0.148700000000,0.159400000000,0.154100000000,0.148300000000,0.141500000000,0.133800000000,0.131200000000,0.146700000000,0.159100000000,0.217700000000,0.223500000000,0.146200000000,0.148700000000,0.159400000000,0.154100000000,0.148100000000,0.141400000000,0.133700000000,0.131200000000,0.146700000000,0.159100000000,0.217700000000,0.223500000000,0.146000000000,0.148500000000
83,79.0,22.0,1.0,22.16999999999987,0.8300000000000005,0.0476,90.25223996400018,90.48682278100023,False,0.159400000000,0.154100000000,0.148000000000,0.141500000000,0.133500000000,0.130700000000,0.146600000000,0.159000000000,0.217600000000,0.223600000000,0.146100000000,0.148500000000,0.177200000000,0.154100000000,0.148100000000,0.141400000000,0.133400000000,0.130700000000,0.146500000000,0.159000000000,0.217700000000,0.223500000000,0.146100000000,0.148500000000,0.177200000000,0.169900000000,0.148000000000,0.141300000000,0.133500000000,0.130700000000,0.146500000000,0.158900000000,0.217700000000,0.223500000000,0.146100000000,0.148500000000,0.177100000000,0.169900000000,0.142300000000,0.141400000000,0.133400000000,0.130700000000,0.146600000000,0.158900000000,0.217700000000,0.223500000000,0.146100000000,0.148600000000,0.177200000000,0.169900000000,0.142300000000,0.148600000000,0.133400000000,0.130600000000,0.146500000000,0.158900000000,0.217700000000,0.223500000000,0.146100000000,0.148400000000,0.177100000000,0.169900000000,0.142300000000,0.148700000000,0.159400000000,0.130700000000,0.146500000000,0.158800000000,0.217700000000,0.223600000000,0.146100000000,0.148600000000,0.177200000000,0.170000000000,0.142300000000,0.148600000000,0.159400000000,0.154100000000,0.146400000000,0.158800000000,0.217600000000,0.223600000000,0.146100000000,0.148500000000,0.177100000000,0.170000000000,0.142400000000,0.148700000000,0.159300000000,0.154100000000,0.148100000000,0.158900000000,0.217600000000,0.223500000000,0.146100000000,0.148500000000,0.177100000000,0.169900000000,0.142400000000,0.148600000000,0.159400000000,0.154100000000,0.147900000000,0.141400000000,0.217600000000,0.223500000000,0.146100000000,0.148600000000,0.177200000000,0.169900000000,0.142300000000,0.148600000000,0.159400000000,0.154100000000,0.147900000000,0.141400000000,0.133400000000,0.223600000000,0.146200000000,0.148400000000,0.177200000000,0.169900000000,0.142400000000,0.148600000000,0.159400000000,0.154100000000,0.148000000000,0.141400000000,0.133500000000,0.130600000000,0.146100000000,0.148400000000,0.177100000000,0.169900000000,0.142400000000,0.148600000000,0.159300000000,0.154100000000,0.148000000000,0.141300000000,0.133500000000,0.130500000000,0.146400000000,0.148500000000,0.177200000000,0.169900000000,0.142400000000,0.148600000000,0.159400000000,0.154000000000,0.148000000000,0.141500000000,0.133400000000,0.130600000000,0.146500000000,0.158900000000,0.177100000000,0.170000000000,0.142300000000,0.148600000000,0.159300000000,0.154000000000,0.148100000000,0.141400000000,0.133400000000,0.130700000000,0.146600000000,0.158900000000,0.217700000000,0.169900000000,0.142400000000,0.148600000000,0.159400000000,0.154000000000,0.148100000000,0.141500000000,0.133500000000,0.130700000000,0.146400000000,0.159000000000,0.217700000000,0.223500000000,0.142200000000,0.148600000000,0.159400000000,0.154100000000,0.147900000000,0.141400000000,0.133400000000,0.130600000000,0.146400000000,0.158900000000,0.217600000000,0.223600000000,0.146100000000,0.148700000000,0.159300000000,0.154100000000,0.148000000000,0.141400000000,0.133400000000,0.130500000000,0.146400000000,0.158900000000,0.217600000000,0.223500000000,0.146100000000,0.148500000000
84,79.0,22.0,1.0,22.15999999999987,0.8400000000000005,0.0506,90.75196158200015,90.91940564600009,False,0.159400000000,0.154100000000,0.148500000000,0.141900000000,0.135200000000,0.132300000000,0.148300000000,0.160300000000,0.217900000000,0.223700000000,0.146100000000,0.148500000000,0.177100000000,0.154100000000,0.148300000000,0.141800000000,0.135000000000,0.132100000000,0.148100000000,0.160200000000,0.217800000000,0.223700000000,0.146100000000,0.148600000000,0.177100000000,0.169800000000,0.148300000000,0.141800000000,0.135000000000,0.132100000000,0.148300000000,0.160400000000,0.217900000000,0.223900000000,0.146100000000,0.148400000000,0.177100000000,0.170000000000,0.142400000000,0.141900000000,0.135000000000,0.132100000000,0.148200000000,0.160200000000,0.217900000000,0.223700000000,0.146100000000,0.148500000000,0.177200000000,0.170000000000,0.142400000000,0.148600000000,0.134900000000,0.132200000000,0.148200000000,0.160300000000,0.217900000000,0.223700000000,0.146000000000,0.148500000000,0.177200000000,0.169900000000,0.142300000000,0.148600000000,0.159400000000,0.132000000000,0.148200000000,0.160400000000,0.217900000000,0.223700000000,0.146100000000,0.148500000000,0.177200000000,0.169900000000,0.142400000000,0.148700000000,0.159500000000,0.154200000000,0.148100000000,0.160400000000,0.218000000000,0.223700000000,0.146100000000,0.148500000000,0.177100000000,0.169900000000,0.142400000000,0.148600000000,0.159400000000,0.154200000000,0.148300000000,0.160400000000,0.217900000000,0.223700000000,0.146200000000,0.148600000000,0.177100000000,0.169900000000,0.142400000000,0.148600000000,0.159400000000,0.154200000000,0.148300000000,0.141900000000,0.218000000000,0.223800000000,0.146100000000,0.148500000000,0.177100000000,0.169900000000,0.142300000000,0.148600000000,0.159300000000,0.154100000000,0.148300000000,0.141700000000,0.135000000000,0.223800000000,0.146200000000,0.148500000000,0.177200000000,0.169900000000,0.142300000000,0.148600000000,0.159300000000,0.154200000000,0.148400000000,0.141800000000,0.134900000000,0.132000000000,0.146100000000,0.148600000000,0.177200000000,0.170000000000,0.142400000000,0.148600000000,0.159500000000,0.154200000000,0.148400000000,0.141700000000,0.135000000000,0.131900000000,0.148200000000,0.148500000000,0.177100000000,0.170000000000,0.142300000000,0.148600000000,0.159400000000,0.154200000000,0.148500000000,0.141800000000,0.135000000000,0.132000000000,0.148300000000,0.160200000000,0.177200000000,0.169900000000,0.142400000000,0.148600000000,0.159400000000,0.154200000000,0.148300000000,0.141800000000,0.135000000000,0.131900000000,0.148100000000,0.160300000000,0.217900000000,0.169900000000,0.142400000000,0.148500000000,0.159400000000,0.154100000000,0.148300000000,0.141700000000,0.134800000000,0.131900000000,0.148200000000,0.160300000000,0.218000000000,0.223700000000,0.142300000000,0.148600000000,0.159400000000,0.154300000000,0.148300000000,0.141800000000,0.134700000000,0.131800000000,0.148100000000,0.160300000000,0.217900000000,0.223800000000,0.146200000000,0.148500000000,0.159400000000,0.154200000000,0.148300000000,0.141800000000,0.134600000000,0.131700000000,0.148000000000,0.160200000000,0.217900000000,0.223600000000,0.146100000000,0.148500000000
85,79.0,22.0,1.0,22.149999999999867,0.8500000000000005,0.0565,91.25569325099968,91.35349566999957,False,0.159300000000,0.154000000000,0.148300000000,0.141600000000,0.134200000000,0.131300000000,0.147800000000,0.160100000000,0.217900000000,0.223600000000,0.146000000000,0.148500000000,0.177200000000,0.154200000000,0.148200000000,0.141800000000,0.134100000000,0.131300000000,0.147700000000,0.160000000000,0.217900000000,0.223700000000,0.146200000000,0.148600000000,0.177200000000,0.170000000000,0.148200000000,0.141500000000,0.134200000000,0.131200000000,0.147900000000,0.160000000000,0.217900000000,0.223800000000,0.146100000000,0.148600000000,0.177200000000,0.169900000000,0.142300000000,0.141700000000,0.134100000000,0.131200000000,0.147800000000,0.160000000000,0.217900000000,0.223700000000,0.146200000000,0.148500000000,0.177100000000,0.169900000000,0.142300000000,0.148500000000,0.134000000000,0.131200000000,0.147700000000,0.160000000000,0.217900000000,0.223700000000,0.146100000000,0.148500000000,0.177100000000,0.169900000000,0.142300000000,0.148500000000,0.159400000000,0.131100000000,0.147700000000,0.160000000000,0.217900000000,0.223800000000,0.146100000000,0.148500000000,0.177100000000,0.169900000000,0.142200000000,0.148600000000,0.159400000000,0.154100000000,0.147800000000,0.160000000000,0.217900000000,0.223800000000,0.146300000000,0.148500000000,0.177100000000,0.169900000000,0.142300000000,0.148600000000,0.159400000000,0.154100000000,0.148200000000,0.160000000000,0.217900000000,0.223700000000,0.146200000000,0.148600000000,0.177100000000,0.169900000000,0.142300000000,0.148600000000,0.159400000000,0.154100000000,0.148100000000,0.141600000000,0.217900000000,0.223800000000,0.146200000000,0.148500000000,0.177100000000,0.169900000000,0.142300000000,0.148600000000,0.159400000000,0.154200000000,0.148200000000,0.141600000000,0.134000000000,0.223700000000,0.146200000000,0.148500000000,0.177100000000,0.169900000000,0.142200000000,0.148500000000,0.159300000000,0.154200000000,0.148200000000,0.141600000000,0.134000000000,0.131200000000,0.146100000000,0.148400000000,0.177100000000,0.169900000000,0.142200000000,0.148500000000,0.159400000000,0.154200000000,0.148200000000,0.141600000000,0.134000000000,0.131100000000,0.147800000000,0.148500000000,0.177100000000,0.170000000000,0.142200000000,0.148500000000,0.159300000000,0.154200000000,0.148200000000,0.141700000000,0.134100000000,0.131100000000,0.147900000000,0.160100000000,0.177200000000,0.169900000000,0.142300000000,0.148500000000,0.159500000000,0.154100000000,0.148200000000,0.141600000000,0.134100000000,0.131100000000,0.147800000000,0.160100000000,0.217900000000,0.169900000000,0.142200000000,0.148400000000,0.159400000000,0.154100000000,0.148300000000,0.141600000000,0.133900000000,0.131100000000,0.147800000000,0.160000000000,0.217900000000,0.223700000000,0.142300000000,0.148500000000,0.159400000000,0.154100000000,0.148200000000,0.141600000000,0.134100000000,0.131100000000,0.147800000000,0.160100000000,0.217900000000,0.223600000000,0.146200000000,0.148500000000,0.159300000000,0.154100000000,0.148200000000,0.141600000000,0.134100000000,0.131200000000,0.147700000000,0.160000000000,0.217900000000,0.223700000000,0.146100000000,0.148500000000
86,79.0,22.0,1.0,22.139999999999866,0.8600000000000005,0.0639,91.75559216900001,92.00136904400006,False,0.159400000000,0.154300000000,0.148500000000,0.142000000000,0.135300000000,0.132500000000,0.149400000000,0.161500000000,0.218000000000,0.223800000000,0.146200000000,0.148600000000,0.177200000000,0.154200000000,0.148400000000,0.141900000000,0.135200000000,0.132300000000,0.149400000000,0.161500000000,0.218200000000,0.223800000000,0.146300000000,0.148600000000,0.177200000000,0.170000000000,0.148500000000,0.142000000000,0.135200000000,0.132400000000,0.149400000000,0.161600000000,0.218100000000,0.223900000000,0.146200000000,0.148700000000,0.177300000000,0.170000000000,0.142400000000,0.142000000000,0.135200000000,0.132200000000,0.149400000000,0.161500000000,0.218200000000,0.223900000000,0.146200000000,0.148600000000,0.177200000000,0.170000000000,0.142200000000,0.148500000000,0.135100000000,0.132300000000,0.149300000000,0.161500000000,0.218100000000,0.223800000000,0.146200000000,0.148600000000,0.177300000000,0.170000000000,0.142200000000,0.148500000000,0.159400000000,0.132200000000,0.149400000000,0.161500000000,0.218100000000,0.223800000000,0.146200000000,0.148600000000,0.177200000000,0.170000000000,0.142300000000,0.148600000000,0.159400000000,0.154300000000,0.149300000000,0.161500000000,0.218100000000,0.223800000000,0.146200000000,0.148700000000,0.177300000000,0.170000000000,0.142300000000,0.148500000000,0.159400000000,0.154300000000,0.148400000000,0.161400000000,0.218200000000,0.223800000000,0.146300000000,0.148600000000,0.177200000000,0.169900000000,0.142300000000,0.148500000000,0.159500000000,0.154100000000,0.148400000000,0.142000000000,0.218200000000,0.223900000000,0.146200000000,0.148700000000,0.177300000000,0.169900000000,0.142200000000,0.148400000000,0.159500000000,0.154100000000,0.148400000000,0.142000000000,0.135000000000,0.223900000000,0.146200000000,0.148600000000,0.177300000000,0.169900000000,0.142200000000,0.148500000000,0.159400000000,0.154200000000,0.148500000000,0.142000000000,0.135100000000,0.132000000000,0.146200000000,0.148600000000,0.177200000000,0.169900000000,0.142200000000,0.148400000000,0.159400000000,0.154300000000,0.148500000000,0.142000000000,0.135100000000,0.132200000000,0.149300000000,0.148700000000,0.177200000000,0.170000000000,0.142300000000,0.148600000000,0.159400000000,0.154100000000,0.148600000000,0.142000000000,0.135000000000,0.132100000000,0.149300000000,0.161400000000,0.177300000000,0.170000000000,0.142200000000,0.148500000000,0.159400000000,0.154200000000,0.148500000000,0.142000000000,0.135000000000,0.132000000000,0.149100000000,0.161300000000,0.218100000000,0.169900000000,0.142200000000,0.148500000000,0.159400000000,0.154300000000,0.148500000000,0.142000000000,0.135000000000,0.131900000000,0.149100000000,0.161200000000,0.218100000000,0.223900000000,0.142200000000,0.148400000000,0.159500000000,0.154100000000,0.148500000000,0.142000000000,0.134900000000,0.132000000000,0.149300000000,0.161300000000,0.218100000000,0.223800000000,0.146200000000,0.148500000000,0.159400000000,0.154300000000,0.148400000000,0.141900000000,0.134900000000,0.131900000000,0.149200000000,0.161200000000,0.218100000000,0.223900000000,0.146300000000,0.148600000000
87,79.0,22.0,1.0,22.129999999999864,0.8700000000000006,0.0698,92.25917439800014,92.4341139219996,False,0.159300000000,0.154300000000,0.148300000000,0.141800000000,0.134900000000,0.131900000000,0.149300000000,0.161400000000,0.218100000000,0.223900000000,0.146200000000,0.148600000000,0.177100000000,0.154200000000,0.148500000000,0.141900000000,0.134800000000,0.131800000000,0.149400000000,0.161500000000,0.218200000000,0.223900000000,0.146200000000,0.148600000000,0.177100000000,0.169800000000,0.148500000000,0.141800000000,0.134800000000,0.131800000000,0.149300000000,0.161600000000,0.218100000000,0.223900000000,0.146300000000,0.148700000000,0.177200000000,0.169900000000,0.142200000000,0.141900000000,0.134900000000,0.131700000000,0.149200000000,0.161500000000,0.218100000000,0.223800000000,0.146300000000,0.148600000000,0.177200000000,0.169900000000,0.142100000000,0.148400000000,0.134900000000,0.131700000000,0.149300000000,0.161400000000,0.218100000000,0.223900000000,0.146300000000,0.148600000000,0.177100000000,0.169900000000,0.142200000000,0.148400000000,0.159400000000,0.131700000000,0.149300000000,0.161600000000,0.218100000000,0.223800000000,0.146200000000,0.148600000000,0.177200000000,0.170000000000,0.142200000000,0.148400000000,0.159400000000,0.154100000000,0.149300000000,0.161500000000,0.218200000000,0.223900000000,0.146300000000,0.148700000000,0.177200000000,0.169900000000,0.142200000000,0.148500000000,0.159300000000,0.154200000000,0.148400000000,0.161500000000,0.218300000000,0.223800000000,0.146200000000,0.148700000000,0.177200000000,0.169900000000,0.142100000000,0.148500000000,0.159400000000,0.154100000000,0.148300000000,0.141800000000,0.218200000000,0.223800000000,0.146200000000,0.148600000000,0.177100000000,0.169900000000,0.142100000000,0.148500000000,0.159400000000,0.154200000000,0.148400000000,0.141900000000,0.134800000000,0.223800000000,0.146200000000,0.148600000000,0.177200000000,0.169900000000,0.142200000000,0.148500000000,0.159500000000,0.154200000000,0.148400000000,0.142000000000,0.134700000000,0.131700000000,0.146200000000,0.148600000000,0.177200000000,0.169900000000,0.142200000000,0.148400000000,0.159400000000,0.154200000000,0.148400000000,0.142000000000,0.134800000000,0.131800000000,0.149300000000,0.148600000000,0.177200000000,0.169900000000,0.142200000000,0.148600000000,0.159400000000,0.154200000000,0.148400000000,0.141900000000,0.134900000000,0.131800000000,0.149400000000,0.161500000000,0.177200000000,0.169800000000,0.142300000000,0.148500000000,0.159300000000,0.154300000000,0.148300000000,0.141900000000,0.134800000000,0.131700000000,0.149400000000,0.161500000000,0.218200000000,0.169900000000,0.142200000000,0.148400000000,0.159500000000,0.154200000000,0.148500000000,0.141900000000,0.134800000000,0.131600000000,0.149500000000,0.161600000000,0.218200000000,0.223900000000,0.142200000000,0.148400000000,0.159400000000,0.154200000000,0.148400000000,0.141900000000,0.134800000000,0.131800000000,0.149400000000,0.161600000000,0.218200000000,0.223800000000,0.146200000000,0.148500000000,0.159400000000,0.154200000000,0.148500000000,0.141900000000,0.134800000000,0.131600000000,0.149400000000,0.161600000000,0.218200000000,0.223900000000,0.146300000000,0.148700000000
88,79.0,22.0,1.0,22.119999999999862,0.8800000000000006,0.0757,92.75893490899944,92.86811970799954,False,0.159400000000,0.154200000000,0.148900000000,0.142400000000,0.136100000000,0.133000000000,0.151100000000,0.163400000000,0.219000000000,0.224200000000,0.146200000000,0.148700000000,0.177200000000,0.154200000000,0.148900000000,0.142500000000,0.136000000000,0.132900000000,0.151000000000,0.163300000000,0.219000000000,0.224200000000,0.146300000000,0.148600000000,0.177300000000,0.170000000000,0.148900000000,0.142600000000,0.136100000000,0.132900000000,0.150900000000,0.163400000000,0.218900000000,0.224200000000,0.146400000000,0.148700000000,0.177300000000,0.170000000000,0.142100000000,0.142400000000,0.136000000000,0.132800000000,0.150800000000,0.163200000000,0.219000000000,0.224100000000,0.146200000000,0.148600000000,0.177300000000,0.169900000000,0.142100000000,0.148400000000,0.136100000000,0.132900000000,0.150900000000,0.163300000000,0.218900000000,0.224200000000,0.146200000000,0.148700000000,0.177200000000,0.169900000000,0.142200000000,0.148500000000,0.159500000000,0.132800000000,0.151000000000,0.163300000000,0.219000000000,0.224100000000,0.146200000000,0.148700000000,0.177300000000,0.170000000000,0.142300000000,0.148500000000,0.159500000000,0.154300000000,0.151000000000,0.163300000000,0.219000000000,0.224100000000,0.146300000000,0.148700000000,0.177300000000,0.170000000000,0.142200000000,0.148500000000,0.159400000000,0.154200000000,0.149000000000,0.163300000000,0.219100000000,0.224100000000,0.146300000000,0.148600000000,0.177300000000,0.169900000000,0.142200000000,0.148500000000,0.159400000000,0.154200000000,0.148900000000,0.142400000000,0.219000000000,0.224200000000,0.146300000000,0.148700000000,0.177200000000,0.170000000000,0.142300000000,0.148500000000,0.159500000000,0.154200000000,0.148900000000,0.142400000000,0.135900000000,0.224100000000,0.146300000000,0.148600000000,0.177200000000,0.170000000000,0.142300000000,0.148500000000,0.159300000000,0.154200000000,0.149000000000,0.142400000000,0.135800000000,0.132700000000,0.146200000000,0.148600000000,0.177200000000,0.170000000000,0.142300000000,0.148500000000,0.159500000000,0.154200000000,0.149000000000,0.142400000000,0.135800000000,0.132700000000,0.150800000000,0.148700000000,0.177200000000,0.170000000000,0.142200000000,0.148400000000,0.159400000000,0.154200000000,0.148900000000,0.142400000000,0.135800000000,0.132700000000,0.150800000000,0.163200000000,0.177200000000,0.170100000000,0.142200000000,0.148500000000,0.159400000000,0.154200000000,0.149000000000,0.142400000000,0.135700000000,0.132700000000,0.150900000000,0.163100000000,0.218900000000,0.170000000000,0.142300000000,0.148500000000,0.159500000000,0.154200000000,0.149000000000,0.142300000000,0.135600000000,0.132700000000,0.150800000000,0.163000000000,0.218800000000,0.224100000000,0.142100000000,0.148500000000,0.159400000000,0.154100000000,0.148900000000,0.142400000000,0.135600000000,0.132800000000,0.151000000000,0.163100000000,0.219000000000,0.224200000000,0.146300000000,0.148500000000,0.159500000000,0.154200000000,0.148900000000,0.142400000000,0.135700000000,0.132700000000,0.150900000000,0.163200000000,0.218900000000,0.224100000000,0.146400000000,0.148600000000
89,79.0,22.0,1.0,22.10999999999986,0.8900000000000006,0.0801,93.26265312199939,93.30003980299989,False,0.159400000000,0.154200000000,0.148800000000,0.142100000000,0.135300000000,0.132400000000,0.150900000000,0.163200000000,0.218700000000,0.224000000000,0.146200000000,0.148600000000,0.177300000000,0.154100000000,0.148900000000,0.142000000000,0.135100000000,0.132200000000,0.150800000000,0.163200000000,0.218800000000,0.223900000000,0.146300000000,0.148600000000,0.177200000000,0.170000000000,0.148900000000,0.142100000000,0.135200000000,0.132200000000,0.150900000000,0.163200000000,0.218700000000,0.224000000000,0.146200000000,0.148600000000,0.177300000000,0.170100000000,0.142100000000,0.142100000000,0.135200000000,0.132400000000,0.150800000000,0.163100000000,0.218600000000,0.224000000000,0.146200000000,0.148700000000,0.177300000000,0.170100000000,0.142200000000,0.148500000000,0.135200000000,0.132100000000,0.150800000000,0.163100000000,0.218600000000,0.224000000000,0.146300000000,0.148600000000,0.177300000000,0.170100000000,0.142200000000,0.148400000000,0.159300000000,0.132300000000,0.150800000000,0.163100000000,0.218600000000,0.224000000000,0.146300000000,0.148600000000,0.177300000000,0.170100000000,0.142100000000,0.148500000000,0.159300000000,0.154200000000,0.150800000000,0.163200000000,0.218600000000,0.223900000000,0.146300000000,0.148600000000,0.177300000000,0.170100000000,0.142100000000,0.148400000000,0.159400000000,0.154200000000,0.148800000000,0.163200000000,0.218700000000,0.223900000000,0.146300000000,0.148600000000,0.177300000000,0.170100000000,0.142100000000,0.148500000000,0.159500000000,0.154100000000,0.148700000000,0.141900000000,0.218600000000,0.224000000000,0.146200000000,0.148700000000,0.177300000000,0.170000000000,0.142200000000,0.148400000000,0.159400000000,0.154200000000,0.148800000000,0.142000000000,0.135200000000,0.223900000000,0.146400000000,0.148700000000,0.177200000000,0.170000000000,0.142100000000,0.148400000000,0.159400000000,0.154100000000,0.148800000000,0.141900000000,0.135200000000,0.132200000000,0.146200000000,0.148600000000,0.177300000000,0.170000000000,0.142200000000,0.148400000000,0.159400000000,0.154100000000,0.148500000000,0.141500000000,0.134700000000,0.132000000000,0.150600000000,0.148700000000,0.177300000000,0.170000000000,0.142100000000,0.148400000000,0.159400000000,0.154100000000,0.148400000000,0.141500000000,0.134800000000,0.131800000000,0.150600000000,0.163100000000,0.177200000000,0.170100000000,0.142200000000,0.148300000000,0.159400000000,0.154000000000,0.148500000000,0.141600000000,0.134700000000,0.132000000000,0.150600000000,0.163100000000,0.218600000000,0.170100000000,0.142200000000,0.148500000000,0.159500000000,0.154000000000,0.148500000000,0.141500000000,0.135000000000,0.132100000000,0.150800000000,0.163300000000,0.218600000000,0.224000000000,0.142200000000,0.148400000000,0.159500000000,0.154100000000,0.148500000000,0.141700000000,0.135200000000,0.132400000000,0.151100000000,0.163300000000,0.218700000000,0.223900000000,0.146300000000,0.148400000000,0.159500000000,0.154200000000,0.148700000000,0.141900000000,0.135200000000,0.132400000000,0.151100000000,0.163400000000,0.218600000000,0.224000000000,0.146300000000,0.148600000000
90,79.0,22.0,1.0,22.09999999999986,0.9000000000000006,0.0897,93.76648301400019,93.94956400599949,False,0.159400000000,0.154100000000,0.148600000000,0.141800000000,0.136000000000,0.133200000000,0.152200000000,0.164300000000,0.218600000000,0.224100000000,0.146200000000,0.148600000000,0.177400000000,0.154200000000,0.148600000000,0.141800000000,0.136000000000,0.133100000000,0.152300000000,0.164300000000,0.218500000000,0.224100000000,0.146300000000,0.148500000000,0.177300000000,0.170200000000,0.148600000000,0.141900000000,0.136100000000,0.133200000000,0.152300000000,0.164300000000,0.218500000000,0.224100000000,0.146200000000,0.148600000000,0.177400000000,0.170300000000,0.142200000000,0.141800000000,0.136000000000,0.133200000000,0.152300000000,0.164300000000,0.218500000000,0.224100000000,0.146200000000,0.148600000000,0.177300000000,0.170200000000,0.142200000000,0.148500000000,0.136100000000,0.133200000000,0.152400000000,0.164100000000,0.218400000000,0.224100000000,0.146200000000,0.148600000000,0.177300000000,0.170300000000,0.142200000000,0.148400000000,0.159500000000,0.133100000000,0.152400000000,0.164300000000,0.218400000000,0.224100000000,0.146300000000,0.148600000000,0.177400000000,0.170200000000,0.142100000000,0.148400000000,0.159500000000,0.154100000000,0.152400000000,0.164200000000,0.218500000000,0.224100000000,0.146200000000,0.148700000000,0.177300000000,0.170100000000,0.142100000000,0.148400000000,0.159400000000,0.154000000000,0.148600000000,0.164200000000,0.218400000000,0.224000000000,0.146200000000,0.148600000000,0.177400000000,0.170200000000,0.142100000000,0.148400000000,0.159500000000,0.154000000000,0.148600000000,0.141800000000,0.218400000000,0.224000000000,0.146200000000,0.148600000000,0.177400000000,0.170200000000,0.142100000000,0.148500000000,0.159400000000,0.154100000000,0.148700000000,0.141800000000,0.135900000000,0.224000000000,0.146200000000,0.148700000000,0.177300000000,0.170200000000,0.142100000000,0.148400000000,0.159500000000,0.154100000000,0.148600000000,0.141700000000,0.135900000000,0.133300000000,0.146200000000,0.148600000000,0.177300000000,0.170100000000,0.142200000000,0.148400000000,0.159500000000,0.154100000000,0.148700000000,0.141600000000,0.135800000000,0.133100000000,0.152100000000,0.148500000000,0.177400000000,0.170200000000,0.142200000000,0.148400000000,0.159400000000,0.154100000000,0.148600000000,0.141700000000,0.135800000000,0.133100000000,0.152300000000,0.164000000000,0.177400000000,0.170200000000,0.142200000000,0.148300000000,0.159400000000,0.154100000000,0.148400000000,0.141600000000,0.135700000000,0.133000000000,0.152100000000,0.163900000000,0.218500000000,0.170100000000,0.142100000000,0.148400000000,0.159500000000,0.154100000000,0.148500000000,0.141700000000,0.135700000000,0.133000000000,0.152100000000,0.163900000000,0.218400000000,0.224100000000,0.142100000000,0.148400000000,0.159500000000,0.154100000000,0.148600000000,0.141600000000,0.135800000000,0.133000000000,0.152200000000,0.164100000000,0.218400000000,0.224100000000,0.146200000000,0.148400000000,0.159400000000,0.154100000000,0.148400000000,0.141600000000,0.135900000000,0.133100000000,0.152100000000,0.164000000000,0.218400000000,0.224100000000,0.146100000000,0.148400000000
91,79.0,22.0,1.0,22.089999999999858,0.9100000000000006,0.0929,94.26610976400025,94.38207330299974,False,0.159500000000,0.154100000000,0.148400000000,0.141600000000,0.135700000000,0.132800000000,0.151800000000,0.163800000000,0.218300000000,0.224000000000,0.146300000000,0.148500000000,0.177400000000,0.154100000000,0.148500000000,0.141700000000,0.135800000000,0.132800000000,0.151900000000,0.163800000000,0.218400000000,0.224000000000,0.146200000000,0.148500000000,0.177400000000,0.170200000000,0.148500000000,0.141600000000,0.135700000000,0.132800000000,0.151900000000,0.163900000000,0.218300000000,0.224000000000,0.146200000000,0.148600000000,0.177300000000,0.170100000000,0.142100000000,0.141600000000,0.135600000000,0.132800000000,0.151900000000,0.163800000000,0.218300000000,0.224100000000,0.146200000000,0.148600000000,0.177300000000,0.170300000000,0.142200000000,0.148400000000,0.135700000000,0.132700000000,0.151900000000,0.163700000000,0.218300000000,0.224000000000,0.146200000000,0.148600000000,0.177400000000,0.170200000000,0.142200000000,0.148500000000,0.159400000000,0.132800000000,0.151900000000,0.163800000000,0.218300000000,0.224100000000,0.146200000000,0.148500000000,0.177300000000,0.170100000000,0.142200000000,0.148300000000,0.159500000000,0.154100000000,0.152000000000,0.163700000000,0.218300000000,0.224000000000,0.146200000000,0.148500000000,0.177300000000,0.170100000000,0.142200000000,0.148400000000,0.159400000000,0.154100000000,0.148400000000,0.163700000000,0.218400000000,0.224100000000,0.146200000000,0.148500000000,0.177300000000,0.170200000000,0.142100000000,0.148300000000,0.159400000000,0.154000000000,0.148300000000,0.141600000000,0.218200000000,0.224000000000,0.146200000000,0.148600000000,0.177400000000,0.170100000000,0.142100000000,0.148400000000,0.159400000000,0.154100000000,0.148300000000,0.141500000000,0.135600000000,0.224000000000,0.146200000000,0.148600000000,0.177300000000,0.170200000000,0.142100000000,0.148400000000,0.159400000000,0.154100000000,0.148400000000,0.141600000000,0.135600000000,0.132800000000,0.146300000000,0.148600000000,0.177400000000,0.170200000000,0.142200000000,0.148500000000,0.159500000000,0.154000000000,0.148400000000,0.141600000000,0.135600000000,0.132600000000,0.151800000000,0.148500000000,0.177300000000,0.170200000000,0.142200000000,0.148500000000,0.159500000000,0.154100000000,0.148400000000,0.141500000000,0.135700000000,0.132700000000,0.151900000000,0.163500000000,0.177300000000,0.170100000000,0.142200000000,0.148400000000,0.159500000000,0.154100000000,0.148400000000,0.141600000000,0.135600000000,0.132700000000,0.151900000000,0.163600000000,0.218200000000,0.170100000000,0.142100000000,0.148400000000,0.159400000000,0.154000000000,0.148400000000,0.141600000000,0.135600000000,0.132600000000,0.151900000000,0.163700000000,0.218300000000,0.224000000000,0.142100000000,0.148300000000,0.159400000000,0.154000000000,0.148300000000,0.141500000000,0.135600000000,0.132800000000,0.151900000000,0.163600000000,0.218300000000,0.224000000000,0.146200000000,0.148400000000,0.159400000000,0.154100000000,0.148300000000,0.141600000000,0.135600000000,0.132700000000,0.151800000000,0.163700000000,0.218300000000,0.224100000000,0.146100000000,0.148600000000
92,79.0,22.0,1.0,22.079999999999856,0.9200000000000006,0.1019,94.77045725399967,94.81513514400012,False,0.159500000000,0.154200000000,0.148800000000,0.142000000000,0.136600000000,0.133900000000,0.152500000000,0.164100000000,0.218300000000,0.224200000000,0.146200000000,0.148600000000,0.177500000000,0.154200000000,0.148800000000,0.142000000000,0.136700000000,0.133900000000,0.152500000000,0.164000000000,0.218300000000,0.224100000000,0.146300000000,0.148600000000,0.177500000000,0.170400000000,0.148700000000,0.141900000000,0.136600000000,0.133800000000,0.152600000000,0.164200000000,0.218200000000,0.224100000000,0.146300000000,0.148600000000,0.177500000000,0.170300000000,0.142300000000,0.142000000000,0.136500000000,0.133600000000,0.152400000000,0.163900000000,0.218300000000,0.224100000000,0.146300000000,0.148600000000,0.177500000000,0.170300000000,0.142200000000,0.148500000000,0.136400000000,0.133700000000,0.152500000000,0.163900000000,0.218300000000,0.224000000000,0.146200000000,0.148600000000,0.177500000000,0.170400000000,0.142100000000,0.148400000000,0.159400000000,0.133600000000,0.152200000000,0.163900000000,0.218300000000,0.224000000000,0.146300000000,0.148700000000,0.177500000000,0.170300000000,0.142300000000,0.148500000000,0.159500000000,0.154200000000,0.152200000000,0.163700000000,0.218300000000,0.224100000000,0.146200000000,0.148600000000,0.177400000000,0.170300000000,0.142200000000,0.148500000000,0.159600000000,0.154100000000,0.148800000000,0.163800000000,0.218200000000,0.224100000000,0.146300000000,0.148600000000,0.177500000000,0.170300000000,0.142300000000,0.148400000000,0.159600000000,0.154100000000,0.148800000000,0.142000000000,0.218200000000,0.224000000000,0.146300000000,0.148500000000,0.177400000000,0.170300000000,0.142200000000,0.148300000000,0.159600000000,0.154100000000,0.148800000000,0.142000000000,0.136400000000,0.224000000000,0.146200000000,0.148600000000,0.177400000000,0.170200000000,0.142200000000,0.148400000000,0.159400000000,0.154200000000,0.148700000000,0.142100000000,0.136500000000,0.133500000000,0.146200000000,0.148600000000,0.177400000000,0.170300000000,0.142200000000,0.148400000000,0.159500000000,0.154100000000,0.148700000000,0.142000000000,0.136300000000,0.133600000000,0.152000000000,0.148700000000,0.177400000000,0.170300000000,0.142300000000,0.148500000000,0.159500000000,0.154200000000,0.148800000000,0.142000000000,0.136400000000,0.133500000000,0.152000000000,0.163500000000,0.177400000000,0.170200000000,0.142300000000,0.148400000000,0.159500000000,0.154200000000,0.148700000000,0.142100000000,0.136200000000,0.133400000000,0.151800000000,0.163400000000,0.218300000000,0.170300000000,0.142300000000,0.148500000000,0.159600000000,0.154200000000,0.148700000000,0.141900000000,0.136200000000,0.133300000000,0.151800000000,0.163400000000,0.218300000000,0.224000000000,0.142200000000,0.148400000000,0.159600000000,0.154200000000,0.148700000000,0.141900000000,0.136100000000,0.133200000000,0.151900000000,0.163300000000,0.218200000000,0.224000000000,0.146200000000,0.148500000000,0.159400000000,0.154200000000,0.148600000000,0.141900000000,0.136000000000,0.133100000000,0.151700000000,0.163200000000,0.218200000000,0.224100000000,0.146300000000,0.148600000000
93,79.0,22.0,1.0,22.069999999999855,0.9300000000000006,0.1064,95.26971413299998,95.46378397999979,False,0.159500000000,0.154200000000,0.148600000000,0.141900000000,0.135800000000,0.132800000000,0.151300000000,0.162800000000,0.218000000000,0.224000000000,0.146300000000,0.148700000000,0.177400000000,0.154100000000,0.148600000000,0.141900000000,0.135700000000,0.132800000000,0.151200000000,0.162800000000,0.218100000000,0.224000000000,0.146300000000,0.148700000000,0.177500000000,0.170300000000,0.148600000000,0.141800000000,0.135800000000,0.132700000000,0.151200000000,0.162700000000,0.218000000000,0.223900000000,0.146300000000,0.148700000000,0.177500000000,0.170200000000,0.142100000000,0.142000000000,0.135800000000,0.132700000000,0.151300000000,0.162700000000,0.218100000000,0.224000000000,0.146300000000,0.148700000000,0.177400000000,0.170200000000,0.142200000000,0.148300000000,0.135800000000,0.132800000000,0.151300000000,0.162700000000,0.217900000000,0.223900000000,0.146400000000,0.148700000000,0.177400000000,0.170200000000,0.142100000000,0.148400000000,0.159500000000,0.132800000000,0.151200000000,0.162600000000,0.218000000000,0.223900000000,0.146400000000,0.148700000000,0.177400000000,0.170300000000,0.142100000000,0.148400000000,0.159400000000,0.154100000000,0.151100000000,0.162800000000,0.218000000000,0.224000000000,0.146400000000,0.148700000000,0.177500000000,0.170200000000,0.142200000000,0.148400000000,0.159500000000,0.154100000000,0.148500000000,0.162800000000,0.218000000000,0.223800000000,0.146400000000,0.148700000000,0.177300000000,0.170200000000,0.142100000000,0.148400000000,0.159400000000,0.154100000000,0.148600000000,0.141700000000,0.217900000000,0.223900000000,0.146300000000,0.148600000000,0.177500000000,0.170200000000,0.142200000000,0.148400000000,0.159500000000,0.154100000000,0.148600000000,0.141700000000,0.135600000000,0.223900000000,0.146400000000,0.148700000000,0.177400000000,0.170200000000,0.142100000000,0.148400000000,0.159500000000,0.154200000000,0.148600000000,0.141800000000,0.135700000000,0.132800000000,0.146300000000,0.148600000000,0.177400000000,0.170300000000,0.142200000000,0.148300000000,0.159500000000,0.154200000000,0.148600000000,0.141700000000,0.135600000000,0.132900000000,0.151000000000,0.148700000000,0.177400000000,0.170200000000,0.142100000000,0.148400000000,0.159500000000,0.154200000000,0.148500000000,0.141700000000,0.135700000000,0.132900000000,0.151200000000,0.162600000000,0.177400000000,0.170300000000,0.142100000000,0.148300000000,0.159600000000,0.154100000000,0.148600000000,0.141800000000,0.135500000000,0.132800000000,0.151000000000,0.162600000000,0.218000000000,0.170300000000,0.142100000000,0.148400000000,0.159500000000,0.154100000000,0.148600000000,0.141700000000,0.135600000000,0.132700000000,0.151000000000,0.162600000000,0.217800000000,0.223900000000,0.142100000000,0.148400000000,0.159500000000,0.154000000000,0.148600000000,0.141600000000,0.135500000000,0.132600000000,0.151000000000,0.162600000000,0.217900000000,0.223800000000,0.146400000000,0.148300000000,0.159500000000,0.154200000000,0.148600000000,0.141600000000,0.135600000000,0.132700000000,0.151000000000,0.162600000000,0.218000000000,0.223900000000,0.146400000000,0.148800000000
94,79.0,22.0,1.0,22.059999999999853,0.9400000000000006,0.1125,95.77347001599992,95.89759288699952,False,0.159600000000,0.154300000000,0.149100000000,0.142300000000,0.136800000000,0.133700000000,0.152100000000,0.163500000000,0.218300000000,0.224100000000,0.146400000000,0.148800000000,0.177500000000,0.154200000000,0.149200000000,0.142400000000,0.136800000000,0.133800000000,0.152100000000,0.163500000000,0.218200000000,0.224100000000,0.146400000000,0.148900000000,0.177500000000,0.170300000000,0.149000000000,0.142300000000,0.136800000000,0.133900000000,0.152100000000,0.163400000000,0.218200000000,0.224100000000,0.146400000000,0.148800000000,0.177500000000,0.170200000000,0.142200000000,0.142400000000,0.136800000000,0.133800000000,0.152100000000,0.163400000000,0.218100000000,0.224000000000,0.146400000000,0.148800000000,0.177400000000,0.170200000000,0.142200000000,0.148400000000,0.136900000000,0.133800000000,0.152200000000,0.163500000000,0.218300000000,0.224100000000,0.146400000000,0.148800000000,0.177500000000,0.170200000000,0.142200000000,0.148400000000,0.159500000000,0.133800000000,0.152000000000,0.163400000000,0.218200000000,0.224000000000,0.146500000000,0.148800000000,0.177500000000,0.170200000000,0.142300000000,0.148400000000,0.159500000000,0.154200000000,0.152000000000,0.163400000000,0.218100000000,0.224000000000,0.146500000000,0.148800000000,0.177600000000,0.170200000000,0.142200000000,0.148400000000,0.159500000000,0.154200000000,0.149000000000,0.163500000000,0.218200000000,0.224100000000,0.146400000000,0.148800000000,0.177400000000,0.170200000000,0.142200000000,0.148500000000,0.159600000000,0.154200000000,0.149000000000,0.142200000000,0.218200000000,0.224100000000,0.146300000000,0.148800000000,0.177400000000,0.170100000000,0.142200000000,0.148400000000,0.159500000000,0.154200000000,0.149000000000,0.142300000000,0.136900000000,0.224100000000,0.146400000000,0.148800000000,0.177400000000,0.170200000000,0.142200000000,0.148400000000,0.159600000000,0.154200000000,0.149000000000,0.142400000000,0.136900000000,0.133900000000,0.146400000000,0.148800000000,0.177400000000,0.170200000000,0.142100000000,0.148400000000,0.159600000000,0.154200000000,0.149100000000,0.142300000000,0.136900000000,0.133800000000,0.152000000000,0.148700000000,0.177400000000,0.170100000000,0.142200000000,0.148400000000,0.159500000000,0.154300000000,0.149000000000,0.142300000000,0.137000000000,0.133900000000,0.151900000000,0.163500000000,0.177400000000,0.170300000000,0.142100000000,0.148400000000,0.159700000000,0.154200000000,0.149000000000,0.142500000000,0.136900000000,0.133700000000,0.152000000000,0.163300000000,0.218300000000,0.170200000000,0.142200000000,0.148400000000,0.159600000000,0.154200000000,0.149000000000,0.142200000000,0.136800000000,0.133700000000,0.152000000000,0.163400000000,0.218200000000,0.224000000000,0.142200000000,0.148400000000,0.159500000000,0.154300000000,0.149100000000,0.142300000000,0.136800000000,0.133800000000,0.152000000000,0.163400000000,0.218100000000,0.224100000000,0.146400000000,0.148500000000,0.159500000000,0.154200000000,0.149000000000,0.142300000000,0.136700000000,0.133600000000,0.151900000000,0.163300000000,0.218300000000,0.224200000000,0.146500000000,0.148800000000
95,79.0,22.0,1.0,22.04999999999985,0.9500000000000006,0.1173,96.27311533099964,96.32965718200012,False,0.159400000000,0.154300000000,0.148800000000,0.142100000000,0.136200000000,0.133200000000,0.151300000000,0.162700000000,0.218200000000,0.224000000000,0.146400000000,0.148800000000,0.177500000000,0.154300000000,0.148900000000,0.142100000000,0.136200000000,0.133200000000,0.151300000000,0.162700000000,0.218100000000,0.224100000000,0.146500000000,0.148800000000,0.177400000000,0.170200000000,0.148800000000,0.142000000000,0.136300000000,0.133100000000,0.151200000000,0.162700000000,0.218100000000,0.224000000000,0.146400000000,0.148800000000,0.177500000000,0.170200000000,0.142200000000,0.142100000000,0.136200000000,0.133300000000,0.151100000000,0.162800000000,0.218000000000,0.224100000000,0.146400000000,0.148800000000,0.177500000000,0.170200000000,0.142200000000,0.148400000000,0.136100000000,0.133200000000,0.151200000000,0.162700000000,0.218100000000,0.224000000000,0.146400000000,0.148800000000,0.177400000000,0.170200000000,0.142300000000,0.148400000000,0.159500000000,0.133300000000,0.151100000000,0.162600000000,0.218000000000,0.224100000000,0.146400000000,0.148900000000,0.177500000000,0.170300000000,0.142200000000,0.148400000000,0.159500000000,0.154300000000,0.151100000000,0.162600000000,0.218100000000,0.224000000000,0.146400000000,0.148800000000,0.177500000000,0.170100000000,0.142200000000,0.148400000000,0.159500000000,0.154200000000,0.148900000000,0.162600000000,0.218100000000,0.224100000000,0.146400000000,0.148800000000,0.177400000000,0.170200000000,0.142200000000,0.148400000000,0.159600000000,0.154200000000,0.148900000000,0.142200000000,0.218100000000,0.224000000000,0.146500000000,0.148800000000,0.177400000000,0.170100000000,0.142200000000,0.148500000000,0.159400000000,0.154200000000,0.148900000000,0.142100000000,0.136300000000,0.224000000000,0.146400000000,0.148800000000,0.177400000000,0.170200000000,0.142200000000,0.148500000000,0.159500000000,0.154300000000,0.148900000000,0.142100000000,0.136200000000,0.133200000000,0.146400000000,0.148900000000,0.177300000000,0.170200000000,0.142200000000,0.148400000000,0.159400000000,0.154200000000,0.148900000000,0.142100000000,0.136200000000,0.133100000000,0.150900000000,0.148800000000,0.177400000000,0.170100000000,0.142300000000,0.148400000000,0.159400000000,0.154200000000,0.148800000000,0.142100000000,0.136200000000,0.133100000000,0.150800000000,0.162300000000,0.177500000000,0.170100000000,0.142100000000,0.148500000000,0.159500000000,0.154300000000,0.148900000000,0.142100000000,0.136100000000,0.133100000000,0.150900000000,0.162300000000,0.218100000000,0.170100000000,0.142200000000,0.148400000000,0.159400000000,0.154200000000,0.148800000000,0.142000000000,0.136200000000,0.133100000000,0.150900000000,0.162300000000,0.218000000000,0.224000000000,0.142300000000,0.148400000000,0.159600000000,0.154200000000,0.148800000000,0.142000000000,0.136100000000,0.133000000000,0.150700000000,0.162200000000,0.218100000000,0.223900000000,0.146500000000,0.148500000000,0.159500000000,0.154200000000,0.148800000000,0.142100000000,0.136200000000,0.133200000000,0.150700000000,0.162200000000,0.218000000000,0.224000000000,0.146400000000,0.148700000000
96,79.0,22.0,1.0,22.03999999999985,0.9600000000000006,0.1343,96.77681121200021,96.978364607,False,0.159500000000,0.154300000000,0.149300000000,0.142500000000,0.137200000000,0.134100000000,0.150600000000,0.162000000000,0.218500000000,0.224400000000,0.146500000000,0.148900000000,0.177500000000,0.154100000000,0.149200000000,0.142400000000,0.137300000000,0.134200000000,0.150500000000,0.162000000000,0.218600000000,0.224500000000,0.146400000000,0.148800000000,0.177500000000,0.170400000000,0.149100000000,0.142500000000,0.137200000000,0.134200000000,0.150500000000,0.161800000000,0.218600000000,0.224600000000,0.146400000000,0.148900000000,0.177600000000,0.170300000000,0.142400000000,0.142400000000,0.137300000000,0.134100000000,0.150500000000,0.161800000000,0.218600000000,0.224500000000,0.146400000000,0.148800000000,0.177500000000,0.170300000000,0.142400000000,0.148500000000,0.137400000000,0.134200000000,0.150500000000,0.161800000000,0.218600000000,0.224500000000,0.146400000000,0.148900000000,0.177600000000,0.170400000000,0.142300000000,0.148500000000,0.159500000000,0.134100000000,0.150300000000,0.161700000000,0.218500000000,0.224600000000,0.146500000000,0.148800000000,0.177600000000,0.170200000000,0.142300000000,0.148500000000,0.159600000000,0.154200000000,0.150500000000,0.161900000000,0.218600000000,0.224600000000,0.146500000000,0.148900000000,0.177600000000,0.170400000000,0.142300000000,0.148600000000,0.159500000000,0.154200000000,0.149200000000,0.161800000000,0.218600000000,0.224500000000,0.146500000000,0.148900000000,0.177500000000,0.170300000000,0.142300000000,0.148600000000,0.159600000000,0.154300000000,0.149300000000,0.142400000000,0.218600000000,0.224600000000,0.146500000000,0.148800000000,0.177600000000,0.170300000000,0.142300000000,0.148500000000,0.159600000000,0.154200000000,0.149200000000,0.142400000000,0.137200000000,0.224600000000,0.146500000000,0.148800000000,0.177500000000,0.170300000000,0.142400000000,0.148500000000,0.159400000000,0.154200000000,0.149200000000,0.142300000000,0.137400000000,0.134300000000,0.146500000000,0.148800000000,0.177500000000,0.170200000000,0.142300000000,0.148600000000,0.159600000000,0.154300000000,0.149200000000,0.142300000000,0.137300000000,0.134100000000,0.150400000000,0.148900000000,0.177500000000,0.170300000000,0.142300000000,0.148500000000,0.159600000000,0.154300000000,0.149200000000,0.142400000000,0.137200000000,0.134200000000,0.150400000000,0.161900000000,0.177600000000,0.170400000000,0.142300000000,0.148500000000,0.159600000000,0.154300000000,0.149200000000,0.142300000000,0.137000000000,0.134200000000,0.150300000000,0.161900000000,0.218800000000,0.170300000000,0.142400000000,0.148500000000,0.159500000000,0.154300000000,0.149200000000,0.142400000000,0.137000000000,0.134100000000,0.150200000000,0.161700000000,0.218700000000,0.224600000000,0.142300000000,0.148500000000,0.159500000000,0.154200000000,0.149100000000,0.142300000000,0.137000000000,0.134100000000,0.150200000000,0.161700000000,0.218700000000,0.224700000000,0.146400000000,0.148500000000,0.159500000000,0.154300000000,0.149200000000,0.142300000000,0.137000000000,0.134000000000,0.150200000000,0.161700000000,0.218600000000,0.224600000000,0.146500000000,0.148800000000
97,79.0,22.0,1.0,22.02999999999985,0.9700000000000006,0.1488,97.27658252299989,97.41063255300014,False,0.159600000000,0.154300000000,0.149000000000,0.142300000000,0.136900000000,0.133800000000,0.150000000000,0.161400000000,0.218800000000,0.224700000000,0.146500000000,0.148900000000,0.177400000000,0.154200000000,0.149100000000,0.142200000000,0.136900000000,0.133800000000,0.150000000000,0.161400000000,0.218700000000,0.224600000000,0.146600000000,0.148900000000,0.177500000000,0.170200000000,0.149000000000,0.142200000000,0.136900000000,0.133900000000,0.150000000000,0.161400000000,0.218600000000,0.224700000000,0.146400000000,0.148900000000,0.177400000000,0.170200000000,0.142300000000,0.142300000000,0.136900000000,0.133900000000,0.149900000000,0.161400000000,0.218700000000,0.224700000000,0.146500000000,0.148900000000,0.177500000000,0.170100000000,0.142300000000,0.148600000000,0.137000000000,0.133900000000,0.150000000000,0.161400000000,0.218600000000,0.224600000000,0.146500000000,0.148900000000,0.177500000000,0.170200000000,0.142300000000,0.148600000000,0.159500000000,0.133900000000,0.149900000000,0.161300000000,0.218700000000,0.224700000000,0.146500000000,0.148800000000,0.177400000000,0.170100000000,0.142300000000,0.148600000000,0.159500000000,0.154300000000,0.149700000000,0.161300000000,0.218700000000,0.224700000000,0.146600000000,0.148900000000,0.177400000000,0.170200000000,0.142300000000,0.148500000000,0.159500000000,0.154200000000,0.148900000000,0.161300000000,0.218700000000,0.224600000000,0.146500000000,0.148900000000,0.177500000000,0.170200000000,0.142400000000,0.148400000000,0.159600000000,0.154200000000,0.149000000000,0.142200000000,0.218700000000,0.224500000000,0.146500000000,0.148900000000,0.177400000000,0.170200000000,0.142300000000,0.148500000000,0.159500000000,0.154200000000,0.149000000000,0.142100000000,0.137000000000,0.224600000000,0.146500000000,0.148900000000,0.177400000000,0.170200000000,0.142300000000,0.148500000000,0.159500000000,0.154300000000,0.148900000000,0.142100000000,0.137000000000,0.133900000000,0.146500000000,0.148900000000,0.177400000000,0.170200000000,0.142200000000,0.148400000000,0.159500000000,0.154300000000,0.148900000000,0.142100000000,0.136900000000,0.133900000000,0.149700000000,0.148900000000,0.177400000000,0.170200000000,0.142200000000,0.148600000000,0.159500000000,0.154200000000,0.148900000000,0.142100000000,0.136900000000,0.133800000000,0.149700000000,0.161100000000,0.177500000000,0.170200000000,0.142300000000,0.148500000000,0.159600000000,0.154200000000,0.148800000000,0.142000000000,0.136900000000,0.133800000000,0.149600000000,0.161100000000,0.218600000000,0.170200000000,0.142300000000,0.148500000000,0.159500000000,0.154300000000,0.149000000000,0.142100000000,0.136900000000,0.133800000000,0.149700000000,0.161200000000,0.218700000000,0.224700000000,0.142200000000,0.148500000000,0.159500000000,0.154300000000,0.148800000000,0.142100000000,0.136900000000,0.133800000000,0.149600000000,0.161100000000,0.218600000000,0.224600000000,0.146500000000,0.148500000000,0.159700000000,0.154200000000,0.148900000000,0.142100000000,0.136800000000,0.133800000000,0.149700000000,0.161000000000,0.218500000000,0.224500000000,0.146500000000,0.148900000000
98,79.0,22.0,1.0,22.019999999999847,0.9800000000000006,0.1658,97.78035723199991,97.84406531700006,False,0.159500000000,0.154300000000,0.148900000000,0.142300000000,0.137500000000,0.134400000000,0.150100000000,0.161500000000,0.218800000000,0.224700000000,0.146500000000,0.148800000000,0.177500000000,0.154300000000,0.149100000000,0.142400000000,0.137400000000,0.134200000000,0.150000000000,0.161200000000,0.218800000000,0.224800000000,0.146400000000,0.148900000000,0.177500000000,0.170200000000,0.149000000000,0.142200000000,0.137300000000,0.134300000000,0.149900000000,0.161400000000,0.218700000000,0.224700000000,0.146400000000,0.148900000000,0.177500000000,0.170200000000,0.142400000000,0.142400000000,0.137400000000,0.134200000000,0.150000000000,0.161300000000,0.218800000000,0.224700000000,0.146400000000,0.148900000000,0.177500000000,0.170200000000,0.142300000000,0.148600000000,0.137400000000,0.134200000000,0.150000000000,0.161200000000,0.218800000000,0.224700000000,0.146400000000,0.148800000000,0.177400000000,0.170200000000,0.142300000000,0.148500000000,0.159500000000,0.134400000000,0.149900000000,0.161100000000,0.218800000000,0.224700000000,0.146500000000,0.148800000000,0.177500000000,0.170300000000,0.142300000000,0.148500000000,0.159600000000,0.154200000000,0.149800000000,0.161200000000,0.218700000000,0.224600000000,0.146400000000,0.148800000000,0.177500000000,0.170200000000,0.142300000000,0.148500000000,0.159600000000,0.154200000000,0.149000000000,0.161100000000,0.218700000000,0.224800000000,0.146400000000,0.148900000000,0.177500000000,0.170300000000,0.142300000000,0.148600000000,0.159600000000,0.154200000000,0.148800000000,0.142200000000,0.218700000000,0.224600000000,0.146400000000,0.148800000000,0.177400000000,0.170200000000,0.142400000000,0.148600000000,0.159600000000,0.154300000000,0.148800000000,0.142100000000,0.137100000000,0.224800000000,0.146400000000,0.148900000000,0.177400000000,0.170300000000,0.142200000000,0.148600000000,0.159500000000,0.154200000000,0.148900000000,0.142200000000,0.137100000000,0.134000000000,0.146400000000,0.148900000000,0.177500000000,0.170300000000,0.142300000000,0.148500000000,0.159600000000,0.154200000000,0.148800000000,0.142200000000,0.137100000000,0.134000000000,0.149700000000,0.148800000000,0.177500000000,0.170200000000,0.142300000000,0.148500000000,0.159500000000,0.154200000000,0.148800000000,0.142200000000,0.137000000000,0.133800000000,0.149400000000,0.160900000000,0.177500000000,0.170300000000,0.142400000000,0.148500000000,0.159600000000,0.154200000000,0.148900000000,0.142200000000,0.136900000000,0.133900000000,0.149400000000,0.160800000000,0.218700000000,0.170300000000,0.142300000000,0.148500000000,0.159600000000,0.154200000000,0.148900000000,0.142100000000,0.137000000000,0.133700000000,0.149400000000,0.160800000000,0.218700000000,0.224700000000,0.142300000000,0.148700000000,0.159500000000,0.154200000000,0.148900000000,0.142100000000,0.137000000000,0.133700000000,0.149300000000,0.160700000000,0.218800000000,0.224700000000,0.146500000000,0.148500000000,0.159500000000,0.154300000000,0.148800000000,0.142100000000,0.136800000000,0.133700000000,0.149400000000,0.160700000000,0.218800000000,0.224700000000,0.146400000000,0.148900000000
99,79.0,22.0,1.0,22.009999999999845,0.9900000000000007,0.1686,98.27996923399951,98.49285195099947,False,0.159400000000,0.154300000000,0.148800000000,0.141900000000,0.136600000000,0.133600000000,0.149100000000,0.160500000000,0.218700000000,0.224600000000,0.146600000000,0.148900000000,0.177500000000,0.154200000000,0.148800000000,0.141800000000,0.136700000000,0.133700000000,0.148900000000,0.160500000000,0.218700000000,0.224700000000,0.146400000000,0.148900000000,0.177600000000,0.170300000000,0.148800000000,0.141900000000,0.136700000000,0.133700000000,0.149000000000,0.160500000000,0.218700000000,0.224600000000,0.146600000000,0.148900000000,0.177500000000,0.170200000000,0.142400000000,0.141900000000,0.136700000000,0.133600000000,0.149000000000,0.160600000000,0.218600000000,0.224600000000,0.146400000000,0.148900000000,0.177500000000,0.170200000000,0.142400000000,0.148600000000,0.136800000000,0.133700000000,0.149000000000,0.160400000000,0.218700000000,0.224600000000,0.146600000000,0.148900000000,0.177600000000,0.170300000000,0.142400000000,0.148600000000,0.159500000000,0.133600000000,0.149000000000,0.160400000000,0.218600000000,0.224600000000,0.146500000000,0.148900000000,0.177600000000,0.170200000000,0.142300000000,0.148600000000,0.159500000000,0.154200000000,0.149000000000,0.160400000000,0.218600000000,0.224600000000,0.146500000000,0.148900000000,0.177500000000,0.170200000000,0.142400000000,0.148600000000,0.159500000000,0.154300000000,0.148700000000,0.160500000000,0.218600000000,0.224700000000,0.146500000000,0.148900000000,0.177500000000,0.170200000000,0.142400000000,0.148600000000,0.159400000000,0.154100000000,0.148800000000,0.141900000000,0.218600000000,0.224600000000,0.146500000000,0.148900000000,0.177600000000,0.170400000000,0.142300000000,0.148600000000,0.159400000000,0.154100000000,0.148700000000,0.141900000000,0.136500000000,0.224600000000,0.146500000000,0.148800000000,0.177600000000,0.170300000000,0.142400000000,0.148600000000,0.159400000000,0.154100000000,0.148700000000,0.142000000000,0.136600000000,0.133500000000,0.146500000000,0.148900000000,0.177500000000,0.170400000000,0.142400000000,0.148600000000,0.159500000000,0.154300000000,0.148800000000,0.141900000000,0.136500000000,0.133600000000,0.148800000000,0.148900000000,0.177500000000,0.170200000000,0.142300000000,0.148600000000,0.159400000000,0.154100000000,0.148900000000,0.141900000000,0.136500000000,0.133500000000,0.148800000000,0.160200000000,0.177600000000,0.170300000000,0.142400000000,0.148600000000,0.159500000000,0.154100000000,0.148700000000,0.142000000000,0.136500000000,0.133400000000,0.148700000000,0.160200000000,0.218700000000,0.170300000000,0.142300000000,0.148600000000,0.159500000000,0.154200000000,0.148800000000,0.141800000000,0.136600000000,0.133400000000,0.148700000000,0.160300000000,0.218600000000,0.224600000000,0.142400000000,0.148600000000,0.159500000000,0.154200000000,0.148700000000,0.141800000000,0.136600000000,0.133400000000,0.148700000000,0.160100000000,0.218600000000,0.224500000000,0.146500000000,0.148600000000,0.159500000000,0.154200000000,0.148700000000,0.142000000000,0.136500000000,0.133500000000,0.148600000000,0.160100000000,0.218600000000,0.224600000000,0.146500000000,0.148800000000
100,79.0,22.0,1.0,21.999999999999844,1.0000000000000007,0.1754,98.78451375299937,98.9253249100002,False,0.159500000000,0.154300000000,0.149000000000,0.142100000000,0.137500000000,0.134300000000,0.149700000000,0.161200000000,0.218800000000,0.224800000000,0.146600000000,0.148900000000,0.177600000000,0.154200000000,0.149000000000,0.142300000000,0.137200000000,0.134200000000,0.149500000000,0.161000000000,0.218800000000,0.224700000000,0.146500000000,0.148900000000,0.177500000000,0.170300000000,0.149200000000,0.142100000000,0.137300000000,0.134200000000,0.149600000000,0.161100000000,0.218800000000,0.224800000000,0.146600000000,0.148900000000,0.177500000000,0.170300000000,0.142500000000,0.142200000000,0.137200000000,0.133900000000,0.149500000000,0.161000000000,0.218800000000,0.224700000000,0.146600000000,0.149000000000,0.177500000000,0.170200000000,0.142400000000,0.148600000000,0.137300000000,0.134000000000,0.149500000000,0.161000000000,0.218700000000,0.224800000000,0.146600000000,0.148900000000,0.177500000000,0.170300000000,0.142400000000,0.148700000000,0.159400000000,0.134100000000,0.149500000000,0.161000000000,0.218800000000,0.224800000000,0.146600000000,0.148900000000,0.177500000000,0.170300000000,0.142300000000,0.148500000000,0.159600000000,0.154200000000,0.149400000000,0.160800000000,0.218800000000,0.224800000000,0.146500000000,0.148900000000,0.177500000000,0.170200000000,0.142400000000,0.148600000000,0.159500000000,0.154200000000,0.149200000000,0.160900000000,0.218900000000,0.224800000000,0.146600000000,0.148900000000,0.177400000000,0.170200000000,0.142500000000,0.148600000000,0.159500000000,0.154100000000,0.149100000000,0.142300000000,0.218800000000,0.224700000000,0.146600000000,0.148900000000,0.177500000000,0.170200000000,0.142500000000,0.148600000000,0.159500000000,0.154200000000,0.149100000000,0.142300000000,0.137100000000,0.224700000000,0.146600000000,0.149000000000,0.177500000000,0.170200000000,0.142500000000,0.148700000000,0.159500000000,0.154200000000,0.149000000000,0.142200000000,0.137000000000,0.133900000000,0.146700000000,0.148900000000,0.177500000000,0.170300000000,0.142400000000,0.148600000000,0.159500000000,0.154200000000,0.149000000000,0.142200000000,0.136900000000,0.134000000000,0.149200000000,0.148900000000,0.177500000000,0.170200000000,0.142400000000,0.148600000000,0.159600000000,0.154200000000,0.149100000000,0.142300000000,0.137000000000,0.133900000000,0.149300000000,0.160800000000,0.177500000000,0.170300000000,0.142500000000,0.148600000000,0.159500000000,0.154200000000,0.149100000000,0.142200000000,0.137100000000,0.133900000000,0.149300000000,0.160800000000,0.218800000000,0.170300000000,0.142400000000,0.148700000000,0.159500000000,0.154100000000,0.149000000000,0.142100000000,0.137000000000,0.134000000000,0.149300000000,0.160700000000,0.218800000000,0.224700000000,0.142500000000,0.148700000000,0.159500000000,0.154300000000,0.149100000000,0.142100000000,0.137100000000,0.134100000000,0.149200000000,0.160700000000,0.218800000000,0.224800000000,0.146600000000,0.148700000000,0.159500000000,0.154200000000,0.149000000000,0.142300000000,0.137100000000,0.134100000000,0.149400000000,0.160800000000,0.218800000000,0.224700000000,0.146600000000,0.149000000000
101,79.0,22.0,1.0,21.989999999999842,1.0100000000000007,0.1919,99.28746830799992,99.3598497969997,False,0.159500000000,0.154200000000,0.149000000000,0.142000000000,0.137300000000,0.134200000000,0.149300000000,0.160800000000,0.218800000000,0.224700000000,0.146500000000,0.149000000000,0.177500000000,0.154200000000,0.149000000000,0.142000000000,0.137300000000,0.134200000000,0.149300000000,0.160900000000,0.218900000000,0.224700000000,0.146600000000,0.149000000000,0.177500000000,0.170300000000,0.149000000000,0.142000000000,0.137200000000,0.134200000000,0.149300000000,0.160800000000,0.218800000000,0.224800000000,0.146600000000,0.149000000000,0.177600000000,0.170300000000,0.142500000000,0.142000000000,0.137100000000,0.134300000000,0.149200000000,0.160800000000,0.218800000000,0.224700000000,0.146600000000,0.149000000000,0.177500000000,0.170300000000,0.142500000000,0.148800000000,0.137200000000,0.134200000000,0.149300000000,0.160800000000,0.218800000000,0.224700000000,0.146600000000,0.149000000000,0.177500000000,0.170400000000,0.142600000000,0.148800000000,0.159500000000,0.134200000000,0.149300000000,0.160800000000,0.218800000000,0.224800000000,0.146500000000,0.148900000000,0.177500000000,0.170300000000,0.142500000000,0.148700000000,0.159500000000,0.154200000000,0.149200000000,0.160800000000,0.218700000000,0.224700000000,0.146700000000,0.149000000000,0.177500000000,0.170300000000,0.142400000000,0.148700000000,0.159600000000,0.154300000000,0.149000000000,0.160800000000,0.218800000000,0.224700000000,0.146600000000,0.148900000000,0.177500000000,0.170300000000,0.142600000000,0.148700000000,0.159500000000,0.154200000000,0.149100000000,0.142000000000,0.218700000000,0.224700000000,0.146600000000,0.149000000000,0.177500000000,0.170300000000,0.142500000000,0.148800000000,0.159500000000,0.154200000000,0.149000000000,0.142000000000,0.137200000000,0.224700000000,0.146600000000,0.149000000000,0.177400000000,0.170200000000,0.142500000000,0.148700000000,0.159500000000,0.154300000000,0.149000000000,0.141900000000,0.137200000000,0.134200000000,0.146700000000,0.149100000000,0.177400000000,0.170300000000,0.142400000000,0.148700000000,0.159600000000,0.154200000000,0.148900000000,0.142000000000,0.137100000000,0.134100000000,0.149100000000,0.149000000000,0.177600000000,0.170400000000,0.142500000000,0.148700000000,0.159600000000,0.154100000000,0.149000000000,0.141900000000,0.137200000000,0.134100000000,0.149200000000,0.160700000000,0.177400000000,0.170300000000,0.142400000000,0.148900000000,0.159500000000,0.154100000000,0.149000000000,0.142000000000,0.137100000000,0.134200000000,0.149200000000,0.160800000000,0.218800000000,0.170400000000,0.142600000000,0.148700000000,0.159500000000,0.154100000000,0.148900000000,0.142000000000,0.137000000000,0.134100000000,0.149200000000,0.160800000000,0.218700000000,0.224700000000,0.142400000000,0.148800000000,0.159500000000,0.154200000000,0.148900000000,0.141900000000,0.137200000000,0.134200000000,0.149200000000,0.160700000000,0.218700000000,0.224700000000,0.146600000000,0.148700000000,0.159500000000,0.154200000000,0.149000000000,0.141900000000,0.137200000000,0.134100000000,0.149200000000,0.160700000000,0.218800000000,0.224600000000,0.146600000000,0.149100000000
102,79.0,22.0,1.0,21.97999999999984,1.0200000000000007,0.2344,99.78750032700009,100.00893959799942,False,0.159500000000,0.154100000000,0.148900000000,0.142100000000,0.136700000000,0.133600000000,0.148800000000,0.160500000000,0.218700000000,0.224700000000,0.146700000000,0.149000000000,0.177500000000,0.154200000000,0.149000000000,0.142000000000,0.136700000000,0.133500000000,0.148700000000,0.160500000000,0.218800000000,0.224700000000,0.146600000000,0.149000000000,0.177500000000,0.170200000000,0.149100000000,0.142000000000,0.136600000000,0.133600000000,0.148700000000,0.160500000000,0.218600000000,0.224700000000,0.146600000000,0.148900000000,0.177500000000,0.170200000000,0.142500000000,0.141900000000,0.136700000000,0.133500000000,0.148700000000,0.160500000000,0.218800000000,0.224800000000,0.146500000000,0.149000000000,0.177500000000,0.170300000000,0.142500000000,0.148700000000,0.136800000000,0.133500000000,0.148700000000,0.160500000000,0.218700000000,0.224700000000,0.146600000000,0.149000000000,0.177500000000,0.170300000000,0.142600000000,0.148800000000,0.159400000000,0.133500000000,0.148700000000,0.160500000000,0.218700000000,0.224700000000,0.146600000000,0.149100000000,0.177500000000,0.170300000000,0.142600000000,0.148900000000,0.159400000000,0.154000000000,0.148600000000,0.160500000000,0.218800000000,0.224700000000,0.146700000000,0.149000000000,0.177500000000,0.170300000000,0.142600000000,0.148800000000,0.159500000000,0.154200000000,0.149000000000,0.160500000000,0.218800000000,0.224800000000,0.146700000000,0.148900000000,0.177500000000,0.170300000000,0.142500000000,0.148800000000,0.159500000000,0.154100000000,0.149000000000,0.142100000000,0.218800000000,0.224800000000,0.146600000000,0.149000000000,0.177500000000,0.170300000000,0.142500000000,0.148800000000,0.159500000000,0.154200000000,0.149000000000,0.142000000000,0.136700000000,0.224800000000,0.146600000000,0.149000000000,0.177500000000,0.170300000000,0.142600000000,0.148700000000,0.159400000000,0.154100000000,0.149000000000,0.142000000000,0.136600000000,0.133500000000,0.146600000000,0.149000000000,0.177600000000,0.170300000000,0.142400000000,0.148800000000,0.159500000000,0.154100000000,0.149000000000,0.142000000000,0.136600000000,0.133500000000,0.148700000000,0.149000000000,0.177600000000,0.170400000000,0.142600000000,0.148800000000,0.159500000000,0.154100000000,0.149000000000,0.142100000000,0.136600000000,0.133400000000,0.148700000000,0.160500000000,0.177500000000,0.170400000000,0.142600000000,0.148900000000,0.159600000000,0.154000000000,0.149000000000,0.142000000000,0.136600000000,0.133500000000,0.148700000000,0.160500000000,0.218700000000,0.170300000000,0.142600000000,0.148800000000,0.159400000000,0.154200000000,0.149100000000,0.142000000000,0.136500000000,0.133300000000,0.148700000000,0.160500000000,0.218700000000,0.224700000000,0.142600000000,0.148700000000,0.159500000000,0.154200000000,0.148900000000,0.142000000000,0.136500000000,0.133400000000,0.148600000000,0.160400000000,0.218600000000,0.224600000000,0.146600000000,0.148800000000,0.159400000000,0.154100000000,0.149100000000,0.141900000000,0.136400000000,0.133200000000,0.148600000000,0.160400000000,0.218600000000,0.224700000000,0.146700000000,0.149000000000
103,79.0,22.0,1.0,21.96999999999984,1.0300000000000007,0.2763,100.29108064199954,100.44113655099954,False,0.159400000000,0.154100000000,0.149000000000,0.142000000000,0.136300000000,0.133100000000,0.148500000000,0.160300000000,0.218500000000,0.224600000000,0.146600000000,0.149000000000,0.177500000000,0.154100000000,0.148900000000,0.142000000000,0.136400000000,0.133200000000,0.148600000000,0.160400000000,0.218600000000,0.224600000000,0.146700000000,0.149000000000,0.177600000000,0.170300000000,0.149000000000,0.141900000000,0.136400000000,0.133300000000,0.148500000000,0.160500000000,0.218600000000,0.224600000000,0.146600000000,0.149000000000,0.177500000000,0.170300000000,0.142400000000,0.142000000000,0.136500000000,0.133300000000,0.148600000000,0.160400000000,0.218600000000,0.224500000000,0.146500000000,0.149000000000,0.177500000000,0.170200000000,0.142600000000,0.148700000000,0.136500000000,0.133300000000,0.148400000000,0.160300000000,0.218600000000,0.224600000000,0.146600000000,0.149000000000,0.177500000000,0.170300000000,0.142500000000,0.148900000000,0.159500000000,0.133200000000,0.148500000000,0.160400000000,0.218600000000,0.224600000000,0.146600000000,0.149000000000,0.177500000000,0.170300000000,0.142600000000,0.148800000000,0.159500000000,0.154200000000,0.148500000000,0.160300000000,0.218400000000,0.224700000000,0.146600000000,0.149000000000,0.177600000000,0.170300000000,0.142600000000,0.148800000000,0.159500000000,0.154100000000,0.149000000000,0.160300000000,0.218600000000,0.224500000000,0.146600000000,0.149000000000,0.177600000000,0.170300000000,0.142500000000,0.148800000000,0.159400000000,0.154200000000,0.149000000000,0.142000000000,0.218600000000,0.224600000000,0.146600000000,0.149100000000,0.177600000000,0.170400000000,0.142600000000,0.148800000000,0.159500000000,0.154000000000,0.149000000000,0.142000000000,0.136300000000,0.224700000000,0.146600000000,0.149000000000,0.177600000000,0.170300000000,0.142600000000,0.148800000000,0.159400000000,0.154100000000,0.148900000000,0.141900000000,0.136300000000,0.133200000000,0.146600000000,0.149000000000,0.177500000000,0.170200000000,0.142500000000,0.148800000000,0.159500000000,0.154100000000,0.148900000000,0.141900000000,0.136200000000,0.133100000000,0.148400000000,0.149000000000,0.177500000000,0.170300000000,0.142500000000,0.148800000000,0.159400000000,0.154100000000,0.148800000000,0.142000000000,0.136300000000,0.133000000000,0.148400000000,0.160300000000,0.177500000000,0.170300000000,0.142500000000,0.148800000000,0.159500000000,0.154000000000,0.149000000000,0.142100000000,0.136300000000,0.133100000000,0.148300000000,0.160400000000,0.218600000000,0.170200000000,0.142600000000,0.148800000000,0.159500000000,0.154000000000,0.149000000000,0.141900000000,0.136300000000,0.133100000000,0.148500000000,0.160400000000,0.218500000000,0.224700000000,0.142500000000,0.148800000000,0.159400000000,0.154100000000,0.149000000000,0.142000000000,0.136200000000,0.133000000000,0.148300000000,0.160300000000,0.218600000000,0.224600000000,0.146600000000,0.148800000000,0.159400000000,0.154100000000,0.149000000000,0.142000000000,0.136200000000,0.133100000000,0.148400000000,0.160300000000,0.218600000000,0.224600000000,0.146700000000,0.149000000000
104,79.0,22.0,1.0,21.959999999999837,1.0400000000000007,0.3185,100.79087512600017,100.87381974300024,False,0.159400000000,0.154100000000,0.149100000000,0.142100000000,0.137000000000,0.133800000000,0.149100000000,0.161100000000,0.218700000000,0.224700000000,0.146600000000,0.149000000000,0.177600000000,0.154200000000,0.149000000000,0.141900000000,0.137100000000,0.133900000000,0.149100000000,0.161000000000,0.218800000000,0.224700000000,0.146700000000,0.149000000000,0.177600000000,0.170400000000,0.149000000000,0.142000000000,0.137000000000,0.133800000000,0.149200000000,0.161100000000,0.218700000000,0.224700000000,0.146700000000,0.149100000000,0.177500000000,0.170300000000,0.142600000000,0.141900000000,0.137100000000,0.134000000000,0.149100000000,0.161000000000,0.218700000000,0.224600000000,0.146700000000,0.149000000000,0.177600000000,0.170200000000,0.142600000000,0.148800000000,0.137000000000,0.133900000000,0.149200000000,0.161000000000,0.218600000000,0.224600000000,0.146600000000,0.149000000000,0.177600000000,0.170300000000,0.142600000000,0.148800000000,0.159500000000,0.134000000000,0.149200000000,0.161000000000,0.218700000000,0.224600000000,0.146700000000,0.149100000000,0.177600000000,0.170300000000,0.142600000000,0.148800000000,0.159500000000,0.154200000000,0.149100000000,0.161000000000,0.218600000000,0.224600000000,0.146600000000,0.149000000000,0.177600000000,0.170300000000,0.142500000000,0.148700000000,0.159500000000,0.154200000000,0.149100000000,0.161000000000,0.218700000000,0.224600000000,0.146600000000,0.149000000000,0.177600000000,0.170400000000,0.142600000000,0.148900000000,0.159400000000,0.154100000000,0.149100000000,0.142000000000,0.218700000000,0.224600000000,0.146700000000,0.149000000000,0.177500000000,0.170300000000,0.142600000000,0.148800000000,0.159600000000,0.154200000000,0.149000000000,0.141900000000,0.137100000000,0.224700000000,0.146700000000,0.149100000000,0.177500000000,0.170300000000,0.142600000000,0.148800000000,0.159600000000,0.154200000000,0.149100000000,0.141900000000,0.137000000000,0.134000000000,0.146600000000,0.149100000000,0.177500000000,0.170300000000,0.142600000000,0.148700000000,0.159500000000,0.154100000000,0.149000000000,0.142000000000,0.137100000000,0.133900000000,0.149100000000,0.149100000000,0.177500000000,0.170300000000,0.142600000000,0.148800000000,0.159500000000,0.154100000000,0.148900000000,0.141900000000,0.137000000000,0.133900000000,0.148900000000,0.160800000000,0.177400000000,0.170300000000,0.142600000000,0.148900000000,0.159500000000,0.154200000000,0.149100000000,0.141900000000,0.137000000000,0.133800000000,0.149000000000,0.160700000000,0.218600000000,0.170300000000,0.142600000000,0.148800000000,0.159500000000,0.154200000000,0.149000000000,0.142000000000,0.136900000000,0.133800000000,0.148900000000,0.160900000000,0.218600000000,0.224700000000,0.142500000000,0.148800000000,0.159500000000,0.154100000000,0.148900000000,0.141900000000,0.136900000000,0.133900000000,0.148900000000,0.160800000000,0.218600000000,0.224600000000,0.146700000000,0.148700000000,0.159500000000,0.154100000000,0.149100000000,0.141900000000,0.137000000000,0.133900000000,0.148900000000,0.160900000000,0.218700000000,0.224700000000,0.146600000000,0.149000000000
105,79.0,22.0,1.0,21.949999999999836,1.0500000000000007,0.3656,101.29454953699951,101.52184951100026,False,0.159500000000,0.154100000000,0.149100000000,0.141900000000,0.136300000000,0.133300000000,0.148200000000,0.160300000000,0.218700000000,0.224600000000,0.146700000000,0.149100000000,0.177500000000,0.154100000000,0.149100000000,0.141900000000,0.136400000000,0.133400000000,0.148200000000,0.160300000000,0.218700000000,0.224500000000,0.146700000000,0.149000000000,0.177500000000,0.170200000000,0.149000000000,0.141900000000,0.136400000000,0.133300000000,0.148300000000,0.160300000000,0.218700000000,0.224700000000,0.146700000000,0.149100000000,0.177500000000,0.170300000000,0.142600000000,0.141800000000,0.136400000000,0.133200000000,0.148200000000,0.160200000000,0.218700000000,0.224600000000,0.146700000000,0.149100000000,0.177500000000,0.170200000000,0.142500000000,0.148900000000,0.136300000000,0.133200000000,0.148200000000,0.160300000000,0.218700000000,0.224600000000,0.146600000000,0.149100000000,0.177500000000,0.170300000000,0.142500000000,0.148900000000,0.159400000000,0.133300000000,0.148200000000,0.160400000000,0.218600000000,0.224700000000,0.146700000000,0.149100000000,0.177500000000,0.170300000000,0.142700000000,0.148900000000,0.159500000000,0.154100000000,0.148200000000,0.160200000000,0.218800000000,0.224600000000,0.146600000000,0.149000000000,0.177500000000,0.170200000000,0.142700000000,0.148900000000,0.159500000000,0.154100000000,0.149100000000,0.160200000000,0.218800000000,0.224600000000,0.146700000000,0.149100000000,0.177500000000,0.170200000000,0.142600000000,0.148800000000,0.159500000000,0.154100000000,0.149100000000,0.141800000000,0.218700000000,0.224600000000,0.146700000000,0.149100000000,0.177400000000,0.170300000000,0.142600000000,0.148800000000,0.159500000000,0.154100000000,0.149100000000,0.141900000000,0.136400000000,0.224700000000,0.146600000000,0.149100000000,0.177500000000,0.170200000000,0.142600000000,0.148900000000,0.159500000000,0.154200000000,0.149100000000,0.141900000000,0.136300000000,0.133300000000,0.146800000000,0.149100000000,0.177500000000,0.170200000000,0.142600000000,0.148800000000,0.159500000000,0.154200000000,0.149000000000,0.141800000000,0.136300000000,0.133300000000,0.148200000000,0.149100000000,0.177500000000,0.170200000000,0.142700000000,0.148900000000,0.159400000000,0.154200000000,0.149000000000,0.141800000000,0.136300000000,0.133200000000,0.148100000000,0.160100000000,0.177500000000,0.170300000000,0.142600000000,0.148800000000,0.159500000000,0.154000000000,0.148900000000,0.141900000000,0.136200000000,0.133100000000,0.148000000000,0.160100000000,0.218700000000,0.170200000000,0.142600000000,0.148900000000,0.159500000000,0.154100000000,0.149000000000,0.141800000000,0.136400000000,0.133200000000,0.148100000000,0.160200000000,0.218700000000,0.224700000000,0.142700000000,0.148800000000,0.159400000000,0.154100000000,0.149000000000,0.141900000000,0.136300000000,0.133100000000,0.148100000000,0.160200000000,0.218700000000,0.224600000000,0.146600000000,0.148800000000,0.159500000000,0.154100000000,0.149100000000,0.141900000000,0.136200000000,0.133200000000,0.148100000000,0.160200000000,0.218700000000,0.224700000000,0.146600000000,0.149000000000
106,79.0,22.0,1.0,21.939999999999834,1.0600000000000007,0.418,101.7942680289998,101.95544503000019,False,0.159500000000,0.154100000000,0.149200000000,0.142100000000,0.136700000000,0.133600000000,0.148300000000,0.160400000000,0.218600000000,0.224600000000,0.146600000000,0.149000000000,0.177500000000,0.154100000000,0.149200000000,0.142000000000,0.136700000000,0.133600000000,0.148400000000,0.160300000000,0.218600000000,0.224500000000,0.146600000000,0.149100000000,0.177500000000,0.170300000000,0.149100000000,0.142000000000,0.136800000000,0.133700000000,0.148400000000,0.160400000000,0.218600000000,0.224600000000,0.146600000000,0.149100000000,0.177600000000,0.170200000000,0.142600000000,0.142000000000,0.136700000000,0.133600000000,0.148400000000,0.160400000000,0.218500000000,0.224600000000,0.146600000000,0.149000000000,0.177500000000,0.170200000000,0.142600000000,0.148800000000,0.136700000000,0.133600000000,0.148400000000,0.160400000000,0.218600000000,0.224500000000,0.146700000000,0.149200000000,0.177500000000,0.170300000000,0.142600000000,0.148800000000,0.159500000000,0.133700000000,0.148400000000,0.160400000000,0.218600000000,0.224600000000,0.146700000000,0.149100000000,0.177700000000,0.170300000000,0.142600000000,0.148900000000,0.159400000000,0.154100000000,0.148500000000,0.160500000000,0.218500000000,0.224600000000,0.146700000000,0.149000000000,0.177500000000,0.170200000000,0.142500000000,0.148800000000,0.159500000000,0.154100000000,0.149200000000,0.160400000000,0.218600000000,0.224600000000,0.146700000000,0.149100000000,0.177500000000,0.170200000000,0.142500000000,0.148800000000,0.159500000000,0.154100000000,0.149100000000,0.142000000000,0.218600000000,0.224500000000,0.146600000000,0.149100000000,0.177500000000,0.170300000000,0.142600000000,0.148900000000,0.159400000000,0.154100000000,0.149100000000,0.142100000000,0.136800000000,0.224600000000,0.146700000000,0.149100000000,0.177600000000,0.170300000000,0.142600000000,0.148900000000,0.159400000000,0.154200000000,0.149100000000,0.142000000000,0.136800000000,0.133700000000,0.146700000000,0.149100000000,0.177500000000,0.170300000000,0.142600000000,0.148900000000,0.159400000000,0.154100000000,0.149100000000,0.142000000000,0.136700000000,0.133700000000,0.148500000000,0.149000000000,0.177600000000,0.170300000000,0.142600000000,0.148800000000,0.159400000000,0.154100000000,0.149200000000,0.142100000000,0.136800000000,0.133600000000,0.148400000000,0.160500000000,0.177500000000,0.170200000000,0.142700000000,0.148800000000,0.159500000000,0.154100000000,0.149200000000,0.142000000000,0.136800000000,0.133600000000,0.148500000000,0.160400000000,0.218600000000,0.170200000000,0.142600000000,0.148800000000,0.159500000000,0.154100000000,0.149200000000,0.142100000000,0.136700000000,0.133600000000,0.148400000000,0.160500000000,0.218600000000,0.224600000000,0.142600000000,0.148800000000,0.159500000000,0.154200000000,0.149200000000,0.142100000000,0.136700000000,0.133500000000,0.148400000000,0.160400000000,0.218600000000,0.224500000000,0.146600000000,0.148900000000,0.159400000000,0.154100000000,0.149200000000,0.142100000000,0.136800000000,0.133500000000,0.148400000000,0.160400000000,0.218500000000,0.224600000000,0.146800000000,0.149000000000
107,79.0,22.0,1.0,21.929999999999833,1.0700000000000007,0.4837,102.29805629299972,102.3880571689997,False,0.159500000000,0.154200000000,0.149300000000,0.142300000000,0.136700000000,0.133400000000,0.148200000000,0.160100000000,0.218600000000,0.224600000000,0.146700000000,0.149100000000,0.177500000000,0.154100000000,0.149200000000,0.142300000000,0.136800000000,0.133400000000,0.148200000000,0.160200000000,0.218600000000,0.224600000000,0.146600000000,0.149100000000,0.177500000000,0.170300000000,0.149300000000,0.142200000000,0.136700000000,0.133400000000,0.148200000000,0.160200000000,0.218700000000,0.224600000000,0.146700000000,0.149100000000,0.177600000000,0.170400000000,0.142700000000,0.142300000000,0.136700000000,0.133400000000,0.148200000000,0.160300000000,0.218600000000,0.224600000000,0.146700000000,0.149100000000,0.177600000000,0.170300000000,0.142700000000,0.148900000000,0.136600000000,0.133400000000,0.148300000000,0.160200000000,0.218600000000,0.224600000000,0.146700000000,0.149100000000,0.177500000000,0.170300000000,0.142700000000,0.149000000000,0.159500000000,0.133500000000,0.148100000000,0.160100000000,0.218600000000,0.224500000000,0.146700000000,0.149000000000,0.177600000000,0.170300000000,0.142800000000,0.148900000000,0.159500000000,0.154100000000,0.148200000000,0.160100000000,0.218600000000,0.224600000000,0.146700000000,0.149000000000,0.177500000000,0.170300000000,0.142600000000,0.148900000000,0.159500000000,0.154300000000,0.149100000000,0.160100000000,0.218600000000,0.224600000000,0.146700000000,0.149100000000,0.177600000000,0.170300000000,0.142800000000,0.148900000000,0.159500000000,0.154100000000,0.149100000000,0.142200000000,0.218500000000,0.224600000000,0.146700000000,0.149100000000,0.177600000000,0.170300000000,0.142600000000,0.148900000000,0.159500000000,0.154200000000,0.149100000000,0.142100000000,0.136600000000,0.224600000000,0.146600000000,0.149100000000,0.177600000000,0.170300000000,0.142600000000,0.148900000000,0.159500000000,0.154200000000,0.149200000000,0.142100000000,0.136600000000,0.133400000000,0.146700000000,0.149100000000,0.177600000000,0.170300000000,0.142700000000,0.148900000000,0.159500000000,0.154200000000,0.149300000000,0.142200000000,0.136600000000,0.133300000000,0.148200000000,0.149200000000,0.177700000000,0.170400000000,0.142700000000,0.149000000000,0.159600000000,0.154100000000,0.149100000000,0.142100000000,0.136600000000,0.133400000000,0.148100000000,0.160000000000,0.177600000000,0.170300000000,0.142700000000,0.148900000000,0.159600000000,0.154100000000,0.149100000000,0.142200000000,0.136700000000,0.133600000000,0.148200000000,0.160000000000,0.218600000000,0.170300000000,0.142600000000,0.148900000000,0.159500000000,0.154200000000,0.149200000000,0.142100000000,0.136700000000,0.133400000000,0.148100000000,0.160100000000,0.218700000000,0.224600000000,0.142600000000,0.148900000000,0.159500000000,0.154200000000,0.149100000000,0.142100000000,0.136800000000,0.133500000000,0.148000000000,0.160000000000,0.218700000000,0.224600000000,0.146700000000,0.148900000000,0.159500000000,0.154200000000,0.149200000000,0.142100000000,0.136700000000,0.133500000000,0.148100000000,0.160200000000,0.218700000000,0.224600000000,0.146700000000,0.149000000000
108,79.0,22.0,1.0,21.91999999999983,1.0800000000000007,0.562,102.79774962699958,103.0363974869997,False,0.159500000000,0.154200000000,0.149200000000,0.142300000000,0.136800000000,0.133500000000,0.147900000000,0.160000000000,0.218600000000,0.224600000000,0.146700000000,0.149000000000,0.177600000000,0.154300000000,0.149300000000,0.142300000000,0.136900000000,0.133500000000,0.147900000000,0.159900000000,0.218500000000,0.224600000000,0.146700000000,0.149000000000,0.177600000000,0.170400000000,0.149400000000,0.142200000000,0.136900000000,0.133500000000,0.147800000000,0.160000000000,0.218600000000,0.224700000000,0.146600000000,0.149000000000,0.177500000000,0.170300000000,0.142800000000,0.142300000000,0.136800000000,0.133600000000,0.147900000000,0.160000000000,0.218600000000,0.224700000000,0.146700000000,0.149000000000,0.177600000000,0.170300000000,0.142700000000,0.148900000000,0.136800000000,0.133400000000,0.147800000000,0.160000000000,0.218500000000,0.224600000000,0.146700000000,0.149000000000,0.177600000000,0.170400000000,0.142900000000,0.149000000000,0.159500000000,0.133400000000,0.147800000000,0.159900000000,0.218600000000,0.224600000000,0.146700000000,0.149100000000,0.177600000000,0.170300000000,0.142700000000,0.149000000000,0.159600000000,0.154200000000,0.147800000000,0.160000000000,0.218500000000,0.224600000000,0.146600000000,0.149100000000,0.177700000000,0.170400000000,0.142800000000,0.149000000000,0.159600000000,0.154300000000,0.149400000000,0.159900000000,0.218600000000,0.224700000000,0.146800000000,0.149100000000,0.177600000000,0.170400000000,0.142800000000,0.149000000000,0.159500000000,0.154200000000,0.149300000000,0.142300000000,0.218500000000,0.224700000000,0.146700000000,0.149100000000,0.177600000000,0.170300000000,0.142700000000,0.148900000000,0.159500000000,0.154300000000,0.149300000000,0.142100000000,0.136600000000,0.224600000000,0.146600000000,0.149100000000,0.177600000000,0.170400000000,0.142800000000,0.149100000000,0.159600000000,0.154100000000,0.149300000000,0.142300000000,0.136600000000,0.133400000000,0.146600000000,0.149100000000,0.177600000000,0.170300000000,0.142700000000,0.149000000000,0.159600000000,0.154200000000,0.149300000000,0.142200000000,0.136700000000,0.133500000000,0.147800000000,0.149100000000,0.177600000000,0.170300000000,0.142800000000,0.149000000000,0.159600000000,0.154200000000,0.149200000000,0.142200000000,0.136700000000,0.133200000000,0.147800000000,0.159900000000,0.177600000000,0.170400000000,0.142700000000,0.149000000000,0.159700000000,0.154200000000,0.149300000000,0.142200000000,0.136700000000,0.133400000000,0.147700000000,0.159900000000,0.218600000000,0.170400000000,0.142800000000,0.148800000000,0.159600000000,0.154100000000,0.149200000000,0.142200000000,0.136800000000,0.133400000000,0.147700000000,0.159900000000,0.218500000000,0.224600000000,0.142700000000,0.149000000000,0.159600000000,0.154100000000,0.149400000000,0.142200000000,0.136600000000,0.133400000000,0.147800000000,0.159800000000,0.218500000000,0.224600000000,0.146700000000,0.149000000000,0.159600000000,0.154200000000,0.149200000000,0.142100000000,0.136600000000,0.133300000000,0.147700000000,0.159900000000,0.218600000000,0.224600000000,0.146700000000,0.149100000000
109,79.0,22.0,1.0,21.90999999999983,1.0900000000000007,0.647,103.30155794799975,103.46921228500014,False,0.159500000000,0.154000000000,0.149300000000,0.142000000000,0.136800000000,0.133500000000,0.147600000000,0.159900000000,0.218500000000,0.224600000000,0.146700000000,0.149100000000,0.177600000000,0.154100000000,0.149200000000,0.142200000000,0.136700000000,0.133500000000,0.147800000000,0.159900000000,0.218500000000,0.224600000000,0.146700000000,0.149100000000,0.177600000000,0.170300000000,0.149200000000,0.142200000000,0.136700000000,0.133400000000,0.147700000000,0.159900000000,0.218600000000,0.224600000000,0.146700000000,0.149000000000,0.177600000000,0.170300000000,0.142800000000,0.142000000000,0.136700000000,0.133500000000,0.147700000000,0.159900000000,0.218500000000,0.224600000000,0.146700000000,0.149000000000,0.177600000000,0.170300000000,0.142900000000,0.149000000000,0.136800000000,0.133500000000,0.147600000000,0.159800000000,0.218600000000,0.224600000000,0.146600000000,0.149000000000,0.177500000000,0.170200000000,0.142700000000,0.149000000000,0.159500000000,0.133500000000,0.147700000000,0.159800000000,0.218600000000,0.224600000000,0.146700000000,0.149000000000,0.177600000000,0.170400000000,0.142800000000,0.149000000000,0.159500000000,0.154100000000,0.147700000000,0.159800000000,0.218600000000,0.224600000000,0.146700000000,0.149000000000,0.177600000000,0.170300000000,0.142800000000,0.149000000000,0.159600000000,0.154100000000,0.149100000000,0.159700000000,0.218600000000,0.224600000000,0.146700000000,0.149000000000,0.177600000000,0.170300000000,0.142900000000,0.149100000000,0.159500000000,0.154100000000,0.149300000000,0.142100000000,0.218600000000,0.224500000000,0.146700000000,0.149100000000,0.177600000000,0.170300000000,0.142900000000,0.149100000000,0.159500000000,0.154100000000,0.149100000000,0.142100000000,0.136900000000,0.224600000000,0.146700000000,0.149100000000,0.177500000000,0.170300000000,0.142800000000,0.148900000000,0.159500000000,0.154200000000,0.149100000000,0.142100000000,0.136900000000,0.133600000000,0.146700000000,0.149100000000,0.177500000000,0.170300000000,0.142800000000,0.149100000000,0.159600000000,0.154100000000,0.149200000000,0.142100000000,0.136900000000,0.133500000000,0.147600000000,0.149100000000,0.177600000000,0.170400000000,0.142800000000,0.149100000000,0.159500000000,0.154200000000,0.149200000000,0.142200000000,0.136700000000,0.133400000000,0.147600000000,0.159800000000,0.177600000000,0.170400000000,0.142900000000,0.149200000000,0.159600000000,0.154100000000,0.149200000000,0.142000000000,0.136700000000,0.133400000000,0.147500000000,0.159700000000,0.218500000000,0.170400000000,0.142900000000,0.149000000000,0.159500000000,0.154100000000,0.149200000000,0.142100000000,0.136800000000,0.133500000000,0.147500000000,0.159700000000,0.218600000000,0.224600000000,0.142800000000,0.149200000000,0.159500000000,0.154100000000,0.149300000000,0.142100000000,0.136800000000,0.133400000000,0.147500000000,0.159700000000,0.218600000000,0.224600000000,0.146700000000,0.149000000000,0.159500000000,0.154200000000,0.149100000000,0.142100000000,0.136700000000,0.133400000000,0.147500000000,0.159800000000,0.218600000000,0.224600000000,0.146700000000,0.149000000000
110,79.0,22.0,1.0,21.899999999999828,1.1000000000000008,0.7224,103.80122544499955,103.90358117100004,False,0.159600000000,0.154200000000,0.149200000000,0.142000000000,0.137100000000,0.133900000000,0.147800000000,0.160100000000,0.218600000000,0.224700000000,0.146700000000,0.149000000000,0.177500000000,0.154200000000,0.149100000000,0.142000000000,0.137200000000,0.133700000000,0.147800000000,0.160100000000,0.218700000000,0.224600000000,0.146700000000,0.149100000000,0.177600000000,0.170400000000,0.149100000000,0.142100000000,0.137200000000,0.133800000000,0.147700000000,0.160200000000,0.218700000000,0.224600000000,0.146700000000,0.149100000000,0.177600000000,0.170300000000,0.142900000000,0.142000000000,0.137200000000,0.133800000000,0.147800000000,0.160200000000,0.218500000000,0.224700000000,0.146700000000,0.149100000000,0.177500000000,0.170300000000,0.142900000000,0.149000000000,0.137200000000,0.133900000000,0.147800000000,0.160100000000,0.218700000000,0.224600000000,0.146700000000,0.149100000000,0.177600000000,0.170400000000,0.142900000000,0.149100000000,0.159500000000,0.133800000000,0.147800000000,0.160100000000,0.218600000000,0.224600000000,0.146700000000,0.149100000000,0.177600000000,0.170400000000,0.143000000000,0.149100000000,0.159500000000,0.154200000000,0.147800000000,0.160100000000,0.218600000000,0.224700000000,0.146700000000,0.149000000000,0.177600000000,0.170300000000,0.143000000000,0.149100000000,0.159600000000,0.154100000000,0.149200000000,0.160100000000,0.218600000000,0.224700000000,0.146600000000,0.149100000000,0.177500000000,0.170200000000,0.142900000000,0.149100000000,0.159600000000,0.154100000000,0.149200000000,0.142100000000,0.218600000000,0.224700000000,0.146600000000,0.149100000000,0.177600000000,0.170300000000,0.142900000000,0.149100000000,0.159600000000,0.154200000000,0.149200000000,0.142100000000,0.137300000000,0.224600000000,0.146700000000,0.149100000000,0.177600000000,0.170400000000,0.143000000000,0.149100000000,0.159500000000,0.154000000000,0.149100000000,0.142200000000,0.137300000000,0.134000000000,0.146700000000,0.149000000000,0.177700000000,0.170300000000,0.142900000000,0.149200000000,0.159500000000,0.154100000000,0.149200000000,0.142100000000,0.137100000000,0.133900000000,0.147900000000,0.149100000000,0.177600000000,0.170200000000,0.142800000000,0.149100000000,0.159500000000,0.154000000000,0.149200000000,0.142100000000,0.137300000000,0.134000000000,0.147900000000,0.160100000000,0.177600000000,0.170400000000,0.142900000000,0.149100000000,0.159500000000,0.154100000000,0.149200000000,0.142200000000,0.137300000000,0.133800000000,0.147900000000,0.160100000000,0.218600000000,0.170300000000,0.143000000000,0.149200000000,0.159600000000,0.154200000000,0.149100000000,0.142200000000,0.137200000000,0.133900000000,0.147800000000,0.160100000000,0.218700000000,0.224700000000,0.142900000000,0.149300000000,0.159500000000,0.154000000000,0.149100000000,0.142100000000,0.137400000000,0.133800000000,0.147700000000,0.160100000000,0.218600000000,0.224600000000,0.146600000000,0.149200000000,0.159400000000,0.154200000000,0.149100000000,0.142100000000,0.137100000000,0.133900000000,0.147700000000,0.160000000000,0.218500000000,0.224600000000,0.146700000000,0.149000000000
111,79.0,22.0,1.0,21.889999999999826,1.1100000000000008,0.7783,104.30492228799994,104.33579455499967,False,0.159400000000,0.154100000000,0.149100000000,0.142300000000,0.137200000000,0.133900000000,0.147700000000,0.160000000000,0.218600000000,0.224600000000,0.146700000000,0.149100000000,0.177500000000,0.154200000000,0.149000000000,0.142200000000,0.137300000000,0.133800000000,0.147800000000,0.160100000000,0.218600000000,0.224600000000,0.146700000000,0.149100000000,0.177500000000,0.170400000000,0.149100000000,0.142200000000,0.137200000000,0.133700000000,0.147700000000,0.160000000000,0.218600000000,0.224600000000,0.146700000000,0.149100000000,0.177600000000,0.170200000000,0.143000000000,0.142100000000,0.137200000000,0.133700000000,0.147800000000,0.159900000000,0.218600000000,0.224700000000,0.146700000000,0.149100000000,0.177600000000,0.170300000000,0.143000000000,0.149200000000,0.137300000000,0.133700000000,0.147700000000,0.159900000000,0.218600000000,0.224700000000,0.146800000000,0.149100000000,0.177600000000,0.170300000000,0.142900000000,0.149200000000,0.159500000000,0.133700000000,0.147700000000,0.159900000000,0.218600000000,0.224700000000,0.146700000000,0.149000000000,0.177600000000,0.170300000000,0.143000000000,0.149200000000,0.159500000000,0.154100000000,0.147700000000,0.160000000000,0.218700000000,0.224600000000,0.146700000000,0.149100000000,0.177600000000,0.170400000000,0.143000000000,0.149100000000,0.159500000000,0.154100000000,0.149100000000,0.159900000000,0.218600000000,0.224700000000,0.146700000000,0.149000000000,0.177600000000,0.170400000000,0.143000000000,0.149200000000,0.159500000000,0.154100000000,0.149200000000,0.142300000000,0.218700000000,0.224700000000,0.146700000000,0.149100000000,0.177500000000,0.170300000000,0.143000000000,0.149200000000,0.159500000000,0.154100000000,0.149100000000,0.142200000000,0.137000000000,0.224600000000,0.146700000000,0.149100000000,0.177600000000,0.170300000000,0.142800000000,0.149200000000,0.159500000000,0.154100000000,0.149100000000,0.142200000000,0.137000000000,0.133600000000,0.146700000000,0.149100000000,0.177600000000,0.170300000000,0.143000000000,0.149200000000,0.159500000000,0.154100000000,0.149100000000,0.142200000000,0.137100000000,0.133600000000,0.147600000000,0.149100000000,0.177600000000,0.170300000000,0.143000000000,0.149200000000,0.159500000000,0.154100000000,0.149100000000,0.142100000000,0.137100000000,0.133400000000,0.147400000000,0.159800000000,0.177700000000,0.170400000000,0.143000000000,0.149100000000,0.159500000000,0.154000000000,0.149100000000,0.142200000000,0.137000000000,0.133600000000,0.147400000000,0.159800000000,0.218700000000,0.170300000000,0.143000000000,0.149200000000,0.159400000000,0.154100000000,0.149100000000,0.142200000000,0.137200000000,0.133500000000,0.147500000000,0.159800000000,0.218700000000,0.224800000000,0.143000000000,0.149300000000,0.159500000000,0.154000000000,0.149100000000,0.142200000000,0.137100000000,0.133500000000,0.147500000000,0.159800000000,0.218600000000,0.224700000000,0.146700000000,0.149200000000,0.159500000000,0.154000000000,0.149200000000,0.142400000000,0.137200000000,0.133500000000,0.147500000000,0.159800000000,0.218600000000,0.224600000000,0.146700000000,0.149000000000
112,79.0,22.0,1.0,21.879999999999825,1.1200000000000008,0.8823,104.80862133600021,104.98470979899957,False,0.159500000000,0.154100000000,0.149300000000,0.142200000000,0.137000000000,0.133400000000,0.147300000000,0.159600000000,0.218700000000,0.224700000000,0.146700000000,0.149000000000,0.177600000000,0.154100000000,0.149300000000,0.142100000000,0.136800000000,0.133600000000,0.147300000000,0.159600000000,0.218700000000,0.224700000000,0.146700000000,0.149000000000,0.177500000000,0.170200000000,0.149300000000,0.142300000000,0.136900000000,0.133500000000,0.147500000000,0.159600000000,0.218600000000,0.224700000000,0.146700000000,0.149100000000,0.177500000000,0.170300000000,0.142900000000,0.142300000000,0.136900000000,0.133600000000,0.147400000000,0.159600000000,0.218600000000,0.224700000000,0.146700000000,0.149100000000,0.177500000000,0.170300000000,0.142800000000,0.149200000000,0.136900000000,0.133500000000,0.147400000000,0.159500000000,0.218700000000,0.224700000000,0.146600000000,0.149000000000,0.177500000000,0.170200000000,0.142900000000,0.149200000000,0.159600000000,0.133500000000,0.147400000000,0.159700000000,0.218600000000,0.224700000000,0.146600000000,0.149100000000,0.177400000000,0.170300000000,0.142900000000,0.149200000000,0.159600000000,0.154100000000,0.147500000000,0.159700000000,0.218600000000,0.224700000000,0.146700000000,0.149000000000,0.177600000000,0.170300000000,0.142900000000,0.149300000000,0.159600000000,0.154100000000,0.149300000000,0.159700000000,0.218700000000,0.224600000000,0.146800000000,0.149100000000,0.177500000000,0.170200000000,0.142900000000,0.149200000000,0.159500000000,0.154000000000,0.149300000000,0.142200000000,0.218600000000,0.224700000000,0.146700000000,0.149100000000,0.177500000000,0.170300000000,0.143000000000,0.149100000000,0.159400000000,0.154100000000,0.149200000000,0.142100000000,0.137000000000,0.224700000000,0.146700000000,0.149100000000,0.177500000000,0.170300000000,0.143000000000,0.149200000000,0.159500000000,0.154200000000,0.149200000000,0.142100000000,0.137000000000,0.133600000000,0.146700000000,0.149000000000,0.177500000000,0.170200000000,0.142900000000,0.149300000000,0.159600000000,0.154100000000,0.149200000000,0.142000000000,0.136800000000,0.133600000000,0.147200000000,0.149000000000,0.177600000000,0.170300000000,0.143000000000,0.149200000000,0.159500000000,0.154100000000,0.149100000000,0.142100000000,0.136900000000,0.133500000000,0.147400000000,0.159600000000,0.177500000000,0.170200000000,0.143000000000,0.149200000000,0.159600000000,0.154200000000,0.149100000000,0.142100000000,0.136800000000,0.133500000000,0.147300000000,0.159600000000,0.218600000000,0.170300000000,0.143000000000,0.149200000000,0.159500000000,0.154200000000,0.149200000000,0.142100000000,0.136900000000,0.133500000000,0.147300000000,0.159600000000,0.218600000000,0.224700000000,0.142900000000,0.149200000000,0.159600000000,0.154000000000,0.149200000000,0.142100000000,0.136700000000,0.133500000000,0.147300000000,0.159600000000,0.218600000000,0.224600000000,0.146700000000,0.149200000000,0.159400000000,0.154100000000,0.149100000000,0.142100000000,0.136800000000,0.133700000000,0.147500000000,0.159700000000,0.218500000000,0.224600000000,0.146600000000,0.149000000000
113,79.0,22.0,1.0,21.869999999999823,1.1300000000000008,0.967,105.30848326599971,105.41683956599991,False,0.159600000000,0.154100000000,0.149300000000,0.142100000000,0.137000000000,0.133600000000,0.147200000000,0.159500000000,0.218500000000,0.224600000000,0.146700000000,0.149100000000,0.177500000000,0.154100000000,0.149100000000,0.142000000000,0.137000000000,0.133600000000,0.147300000000,0.159500000000,0.218500000000,0.224500000000,0.146700000000,0.149100000000,0.177500000000,0.170300000000,0.149100000000,0.142100000000,0.137000000000,0.133500000000,0.147300000000,0.159400000000,0.218500000000,0.224600000000,0.146700000000,0.149100000000,0.177400000000,0.170300000000,0.143000000000,0.141900000000,0.136900000000,0.133600000000,0.147100000000,0.159500000000,0.218400000000,0.224500000000,0.146700000000,0.149000000000,0.177400000000,0.170200000000,0.142900000000,0.149200000000,0.136900000000,0.133500000000,0.147200000000,0.159500000000,0.218500000000,0.224500000000,0.146700000000,0.149100000000,0.177500000000,0.170300000000,0.143000000000,0.149200000000,0.159500000000,0.133500000000,0.147200000000,0.159400000000,0.218400000000,0.224600000000,0.146600000000,0.149000000000,0.177400000000,0.170300000000,0.142800000000,0.149100000000,0.159600000000,0.154100000000,0.147100000000,0.159500000000,0.218400000000,0.224500000000,0.146700000000,0.149000000000,0.177500000000,0.170300000000,0.142900000000,0.149200000000,0.159500000000,0.154200000000,0.149200000000,0.159500000000,0.218500000000,0.224500000000,0.146700000000,0.149000000000,0.177500000000,0.170200000000,0.142900000000,0.149100000000,0.159500000000,0.154000000000,0.149200000000,0.142100000000,0.218400000000,0.224500000000,0.146600000000,0.149000000000,0.177600000000,0.170200000000,0.142900000000,0.149200000000,0.159600000000,0.154100000000,0.149100000000,0.142000000000,0.136900000000,0.224600000000,0.146700000000,0.149000000000,0.177500000000,0.170200000000,0.142900000000,0.149200000000,0.159500000000,0.154100000000,0.149100000000,0.142000000000,0.136900000000,0.133500000000,0.146700000000,0.149000000000,0.177500000000,0.170100000000,0.142900000000,0.149100000000,0.159600000000,0.154000000000,0.149100000000,0.142100000000,0.136800000000,0.133600000000,0.147100000000,0.149000000000,0.177400000000,0.170200000000,0.142900000000,0.149200000000,0.159600000000,0.154100000000,0.149300000000,0.142100000000,0.136900000000,0.133400000000,0.147200000000,0.159300000000,0.177500000000,0.170200000000,0.143100000000,0.149300000000,0.159600000000,0.154200000000,0.149100000000,0.142100000000,0.136900000000,0.133600000000,0.147100000000,0.159500000000,0.218500000000,0.170200000000,0.143000000000,0.149100000000,0.159500000000,0.154200000000,0.149100000000,0.142000000000,0.136900000000,0.133500000000,0.147100000000,0.159400000000,0.218600000000,0.224600000000,0.143000000000,0.149300000000,0.159500000000,0.154200000000,0.149100000000,0.142200000000,0.136800000000,0.133400000000,0.147100000000,0.159300000000,0.218600000000,0.224600000000,0.146600000000,0.149300000000,0.159500000000,0.154100000000,0.149100000000,0.142100000000,0.136800000000,0.133500000000,0.147000000000,0.159300000000,0.218500000000,0.224600000000,0.146700000000,0.149100000000
114,79.0,22.0,1.0,21.859999999999822,1.1400000000000008,1.0691,105.81226428599985,105.84931500899984,False,0.159600000000,0.154100000000,0.149200000000,0.142000000000,0.137000000000,0.133500000000,0.147000000000,0.159300000000,0.218400000000,0.224500000000,0.146600000000,0.149000000000,0.177500000000,0.154100000000,0.149100000000,0.142100000000,0.137000000000,0.133700000000,0.147000000000,0.159400000000,0.218400000000,0.224500000000,0.146700000000,0.149000000000,0.177500000000,0.170300000000,0.149200000000,0.142200000000,0.137000000000,0.133700000000,0.147000000000,0.159300000000,0.218500000000,0.224500000000,0.146700000000,0.149000000000,0.177500000000,0.170300000000,0.143100000000,0.142100000000,0.137100000000,0.133700000000,0.147000000000,0.159300000000,0.218400000000,0.224500000000,0.146700000000,0.149000000000,0.177500000000,0.170300000000,0.143000000000,0.149300000000,0.137200000000,0.133800000000,0.147100000000,0.159300000000,0.218400000000,0.224500000000,0.146600000000,0.149000000000,0.177500000000,0.170200000000,0.143000000000,0.149300000000,0.159600000000,0.133800000000,0.147000000000,0.159200000000,0.218400000000,0.224500000000,0.146700000000,0.149100000000,0.177500000000,0.170200000000,0.143000000000,0.149300000000,0.159600000000,0.154100000000,0.147000000000,0.159300000000,0.218400000000,0.224600000000,0.146600000000,0.149000000000,0.177500000000,0.170200000000,0.143100000000,0.149300000000,0.159700000000,0.154100000000,0.149000000000,0.159200000000,0.218400000000,0.224500000000,0.146700000000,0.149100000000,0.177400000000,0.170300000000,0.143100000000,0.149300000000,0.159600000000,0.154200000000,0.149300000000,0.142200000000,0.218400000000,0.224400000000,0.146700000000,0.149000000000,0.177500000000,0.170200000000,0.143000000000,0.149100000000,0.159600000000,0.154200000000,0.149100000000,0.142200000000,0.137000000000,0.224600000000,0.146700000000,0.149100000000,0.177600000000,0.170300000000,0.143000000000,0.149300000000,0.159500000000,0.154200000000,0.149200000000,0.142100000000,0.137100000000,0.133700000000,0.146600000000,0.149000000000,0.177500000000,0.170100000000,0.142900000000,0.149200000000,0.159600000000,0.154000000000,0.149100000000,0.142100000000,0.137200000000,0.133700000000,0.146900000000,0.149100000000,0.177500000000,0.170200000000,0.143200000000,0.149300000000,0.159700000000,0.154200000000,0.149200000000,0.142200000000,0.137100000000,0.133600000000,0.147100000000,0.159200000000,0.177500000000,0.170200000000,0.143100000000,0.149400000000,0.159600000000,0.154200000000,0.149200000000,0.142100000000,0.137000000000,0.133700000000,0.146800000000,0.159300000000,0.218300000000,0.170200000000,0.143000000000,0.149300000000,0.159600000000,0.154100000000,0.149200000000,0.142100000000,0.137000000000,0.133700000000,0.146900000000,0.159300000000,0.218300000000,0.224500000000,0.143100000000,0.149200000000,0.159500000000,0.154100000000,0.149200000000,0.142200000000,0.137000000000,0.133700000000,0.146900000000,0.159300000000,0.218400000000,0.224400000000,0.146700000000,0.149200000000,0.159600000000,0.154200000000,0.149100000000,0.142200000000,0.136900000000,0.133700000000,0.146900000000,0.159200000000,0.218400000000,0.224400000000,0.146600000000,0.149100000000
