row_type,measurement_index,target_x_mm,target_y_mm,target_force_N,actual_x_mm,actual_y_mm,position_time_s,actual_force_N,force_time_s,eit_0,eit_1,eit_2,eit_3,eit_4,eit_5,eit_6,eit_7,eit_8,eit_9,eit_10,eit_11,eit_12,eit_13,eit_14,eit_15,eit_16,eit_17,eit_18,eit_19,eit_20,eit_21,eit_22,eit_23,eit_24,eit_25,eit_26,eit_27,eit_28,eit_29,eit_30,eit_31,eit_32,eit_33,eit_34,eit_35,eit_36,eit_37,eit_38,eit_39,eit_40,eit_41,eit_42,eit_43,eit_44,eit_45,eit_46,eit_47,eit_48,eit_49,eit_50,eit_51,eit_52,eit_53,eit_54,eit_55,eit_56,eit_57,eit_58,eit_59,eit_60,eit_61,eit_62,eit_63,eit_64,eit_65,eit_66,eit_67,eit_68,eit_69,eit_70,eit_71,eit_72,eit_73,eit_74,eit_75,eit_76,eit_77,eit_78,eit_79,eit_80,eit_81,eit_82,eit_83,eit_84,eit_85,eit_86,eit_87,eit_88,eit_89,eit_90,eit_91,eit_92,eit_93,eit_94,eit_95,eit_96,eit_97,eit_98,eit_99,eit_100,eit_101,eit_102,eit_103,eit_104,eit_105,eit_106,eit_107,eit_108,eit_109,eit_110,eit_111,eit_112,eit_113,eit_114,eit_115,eit_116,eit_117,eit_118,eit_119,eit_120,eit_121,eit_122,eit_123,eit_124,eit_125,eit_126,eit_127,eit_128,eit_129,eit_130,eit_131,eit_132,eit_133,eit_134,eit_135,eit_136,eit_137,eit_138,eit_139,eit_140,eit_141,eit_142,eit_143,eit_144,eit_145,eit_146,eit_147,eit_148,eit_149,eit_150,eit_151,eit_152,eit_153,eit_154,eit_155,eit_156,eit_157,eit_158,eit_159,eit_160,eit_161,eit_162,eit_163,eit_164,eit_165,eit_166,eit_167,eit_168,eit_169,eit_170,eit_171,eit_172,eit_173,eit_174,eit_175,eit_176,eit_177,eit_178,eit_179,eit_180,eit_181,eit_182,eit_183,eit_184,eit_185,eit_186,eit_187,eit_188,eit_189,eit_190,eit_191,eit_192,eit_193,eit_194,eit_195,eit_196,eit_197,eit_198,eit_199,eit_200,eit_201,eit_202,eit_203,eit_204,eit_205,eit_206,eit_207,eit_time_s
baseline,,,,,,,0.26525017600033607,,,0.147900000000,0.147500000000,0.313100000000,0.301600000000,0.224300000000,0.221400000000,0.133300000000,0.138200000000,0.210300000000,0.222800000000,0.254600000000,0.255800000000,0.182900000000,0.147400000000,0.312900000000,0.301900000000,0.224200000000,0.221300000000,0.133200000000,0.138200000000,0.210300000000,0.222800000000,0.253000000000,0.255500000000,0.182900000000,0.180100000000,0.313200000000,0.302000000000,0.224200000000,0.221400000000,0.133200000000,0.138200000000,0.210300000000,0.222800000000,0.252800000000,0.254700000000,0.182900000000,0.180000000000,0.147100000000,0.302200000000,0.224300000000,0.221200000000,0.133300000000,0.138200000000,0.210400000000,0.222800000000,0.251900000000,0.254300000000,0.182900000000,0.180100000000,0.147100000000,0.149700000000,0.224200000000,0.221300000000,0.133300000000,0.138200000000,0.210300000000,0.222800000000,0.251800000000,0.254300000000,0.182900000000,0.180100000000,0.147000000000,0.149800000000,0.147900000000,0.221200000000,0.133300000000,0.138100000000,0.210300000000,0.222800000000,0.251900000000,0.255100000000,0.182900000000,0.180100000000,0.147100000000,0.149700000000,0.147900000000,0.147500000000,0.133300000000,0.138200000000,0.210300000000,0.222800000000,0.252300000000,0.255100000000,0.183000000000,0.180000000000,0.147100000000,0.149800000000,0.147800000000,0.147500000000,0.313500000000,0.138200000000,0.210300000000,0.222800000000,0.252200000000,0.254200000000,0.182900000000,0.180100000000,0.147000000000,0.149700000000,0.147800000000,0.147500000000,0.313800000000,0.302500000000,0.210300000000,0.222800000000,0.251500000000,0.253700000000,0.182900000000,0.180000000000,0.147100000000,0.149700000000,0.147900000000,0.147500000000,0.313800000000,0.302700000000,0.224300000000,0.222800000000,0.251100000000,0.253600000000,0.182900000000,0.180100000000,0.147100000000,0.149700000000,0.147900000000,0.147500000000,0.313800000000,0.302700000000,0.224200000000,0.221300000000,0.251200000000,0.254600000000,0.182900000000,0.180100000000,0.147000000000,0.149700000000,0.147900000000,0.147500000000,0.313500000000,0.302000000000,0.224300000000,0.221300000000,0.133200000000,0.253900000000,0.182900000000,0.180100000000,0.147100000000,0.149800000000,0.147900000000,0.147500000000,0.313200000000,0.302200000000,0.224300000000,0.221300000000,0.133300000000,0.138200000000,0.182900000000,0.180000000000,0.147100000000,0.149700000000,0.147900000000,0.147400000000,0.313400000000,0.302300000000,0.224200000000,0.221400000000,0.133200000000,0.138200000000,0.210300000000,0.180100000000,0.147100000000,0.149700000000,0.147900000000,0.147500000000,0.313200000000,0.301900000000,0.224300000000,0.221300000000,0.133300000000,0.138200000000,0.210400000000,0.222800000000,0.147100000000,0.149700000000,0.147900000000,0.147500000000,0.313700000000,0.302600000000,0.224300000000,0.221300000000,0.133300000000,0.138200000000,0.210400000000,0.222900000000,0.251100000000,0.149700000000,0.147900000000,0.147400000000,0.313700000000,0.302500000000,0.224300000000,0.221300000000,0.133200000000,0.138100000000,0.210300000000,0.222800000000,0.253000000000,0.254300000000,0.26525017600033607
baseline,1,81.461538,21.119658,1.0,81.46,21.12,38.611669089000316,0,,0.156800000000,0.153800000000,0.206700000000,0.197700000000,0.175900000000,0.172900000000,0.135700000000,0.141300000000,0.218200000000,0.227700000000,0.331500000000,0.339800000000,0.182200000000,0.153700000000,0.206700000000,0.197800000000,0.176200000000,0.173200000000,0.135500000000,0.141100000000,0.218000000000,0.227900000000,0.334100000000,0.339000000000,0.182000000000,0.178700000000,0.206600000000,0.197600000000,0.176600000000,0.173600000000,0.135100000000,0.141100000000,0.218100000000,0.227900000000,0.341200000000,0.358100000000,0.182000000000,0.178600000000,0.150900000000,0.197400000000,0.183000000000,0.179800000000,0.135200000000,0.141000000000,0.218000000000,0.228100000000,0.328700000000,0.301200000000,0.181700000000,0.178400000000,0.151000000000,0.153700000000,0.183200000000,0.181200000000,0.137100000000,0.146000000000,0.222500000000,0.229400000000,0.294800000000,0.296100000000,0.182600000000,0.178500000000,0.151000000000,0.153700000000,0.157000000000,0.180400000000,0.135500000000,0.141000000000,0.217900000000,0.228100000000,0.295600000000,0.296600000000,0.182100000000,0.178700000000,0.150900000000,0.153700000000,0.157200000000,0.154300000000,0.135300000000,0.141500000000,0.218700000000,0.227900000000,0.295600000000,0.303400000000,0.182300000000,0.178700000000,0.150900000000,0.153800000000,0.156900000000,0.154300000000,0.207000000000,0.141700000000,0.218600000000,0.228000000000,0.305100000000,0.306100000000,0.182300000000,0.178800000000,0.150900000000,0.153700000000,0.156800000000,0.154100000000,0.206800000000,0.198500000000,0.218400000000,0.228100000000,0.310000000000,0.312200000000,0.182300000000,0.178900000000,0.150800000000,0.153800000000,0.156800000000,0.153900000000,0.206800000000,0.198300000000,0.188800000000,0.227700000000,0.306500000000,0.309400000000,0.182400000000,0.179200000000,0.151100000000,0.153900000000,0.156900000000,0.154100000000,0.206900000000,0.198300000000,0.188700000000,0.185400000000,0.303100000000,0.312700000000,0.182600000000,0.179000000000,0.150900000000,0.153800000000,0.156800000000,0.154200000000,0.207100000000,0.198700000000,0.188800000000,0.185500000000,0.135400000000,0.308400000000,0.182400000000,0.178800000000,0.151100000000,0.153800000000,0.156600000000,0.154100000000,0.207000000000,0.198800000000,0.189300000000,0.187100000000,0.137400000000,0.141200000000,0.182300000000,0.178700000000,0.151100000000,0.154000000000,0.156900000000,0.153800000000,0.207000000000,0.198300000000,0.189000000000,0.186400000000,0.136500000000,0.141200000000,0.218200000000,0.178700000000,0.151100000000,0.153900000000,0.156600000000,0.153700000000,0.206800000000,0.198100000000,0.188900000000,0.185900000000,0.135800000000,0.141000000000,0.218100000000,0.227100000000,0.151100000000,0.153800000000,0.156400000000,0.153600000000,0.206600000000,0.197900000000,0.188600000000,0.185800000000,0.135500000000,0.141000000000,0.217900000000,0.227000000000,0.311100000000,0.153600000000,0.156200000000,0.153100000000,0.206400000000,0.197500000000,0.188400000000,0.186700000000,0.135800000000,0.140900000000,0.217900000000,0.227100000000,0.312400000000,0.313900000000,38.77568992800025
contact,1,81.461538,21.119658,1.0,81.46,21.12,38.611669089000316,1.1027,56.65180504199998,0.141500000000,0.140400000000,0.208400000000,0.199500000000,0.307700000000,0.303500000000,0.135100000000,0.136700000000,0.220100000000,0.231800000000,0.258400000000,0.260100000000,0.184700000000,0.140500000000,0.208200000000,0.199400000000,0.307400000000,0.303800000000,0.135000000000,0.136700000000,0.220000000000,0.231800000000,0.258500000000,0.260100000000,0.184700000000,0.181900000000,0.208200000000,0.199400000000,0.308200000000,0.303400000000,0.135000000000,0.136700000000,0.219900000000,0.231700000000,0.258400000000,0.260100000000,0.184700000000,0.181900000000,0.142400000000,0.199500000000,0.307700000000,0.304500000000,0.135200000000,0.136800000000,0.219900000000,0.231800000000,0.258600000000,0.260200000000,0.184800000000,0.181900000000,0.142400000000,0.145000000000,0.308600000000,0.304800000000,0.135100000000,0.136900000000,0.219900000000,0.231900000000,0.258600000000,0.260200000000,0.184700000000,0.181900000000,0.142400000000,0.145100000000,0.141600000000,0.304900000000,0.135100000000,0.136800000000,0.220000000000,0.231900000000,0.258700000000,0.260100000000,0.184800000000,0.181800000000,0.142300000000,0.145000000000,0.141600000000,0.140400000000,0.135000000000,0.136800000000,0.220000000000,0.231900000000,0.258500000000,0.260000000000,0.184800000000,0.181800000000,0.142300000000,0.145100000000,0.141600000000,0.140400000000,0.208300000000,0.136800000000,0.220100000000,0.231900000000,0.258500000000,0.260000000000,0.184800000000,0.181900000000,0.142300000000,0.145000000000,0.141600000000,0.140300000000,0.208300000000,0.199500000000,0.220100000000,0.231800000000,0.258500000000,0.260100000000,0.184800000000,0.181900000000,0.142400000000,0.145000000000,0.141600000000,0.140500000000,0.208300000000,0.199500000000,0.309300000000,0.231800000000,0.258600000000,0.260100000000,0.184800000000,0.181800000000,0.142400000000,0.144900000000,0.141600000000,0.140300000000,0.208300000000,0.199400000000,0.309500000000,0.304100000000,0.258500000000,0.260100000000,0.184800000000,0.181900000000,0.142600000000,0.145000000000,0.141600000000,0.140400000000,0.208300000000,0.199400000000,0.308800000000,0.304200000000,0.134700000000,0.260200000000,0.184800000000,0.181900000000,0.142400000000,0.145000000000,0.141600000000,0.140400000000,0.208200000000,0.199400000000,0.309200000000,0.304700000000,0.134700000000,0.136600000000,0.184700000000,0.181800000000,0.142300000000,0.145000000000,0.141600000000,0.140400000000,0.208300000000,0.199600000000,0.309400000000,0.305200000000,0.134700000000,0.136700000000,0.219900000000,0.181900000000,0.142300000000,0.145000000000,0.141700000000,0.140400000000,0.208300000000,0.199500000000,0.309400000000,0.304400000000,0.134700000000,0.136700000000,0.220000000000,0.231700000000,0.142400000000,0.145000000000,0.141500000000,0.140500000000,0.208400000000,0.199500000000,0.308900000000,0.305000000000,0.134600000000,0.136600000000,0.220000000000,0.231800000000,0.258700000000,0.144900000000,0.141500000000,0.140500000000,0.208300000000,0.199500000000,0.309200000000,0.304300000000,0.134600000000,0.136700000000,0.220000000000,0.231700000000,0.258700000000,0.260300000000,57.81550045299991
baseline,2,68.333333,26.62963,2.0,68.33,26.63,60.347351402000186,0,,0.142400000000,0.142600000000,0.308300000000,0.288600000000,0.321800000000,0.318800000000,0.144500000000,0.151900000000,0.228000000000,0.233000000000,0.233100000000,0.235100000000,0.191300000000,0.142600000000,0.244800000000,0.233600000000,0.321300000000,0.318700000000,0.144700000000,0.152000000000,0.228000000000,0.233400000000,0.234000000000,0.235300000000,0.191100000000,0.186900000000,0.254400000000,0.227900000000,0.321000000000,0.320100000000,0.144700000000,0.152100000000,0.227900000000,0.233200000000,0.234900000000,0.236600000000,0.191100000000,0.186800000000,0.143600000000,0.232400000000,0.322100000000,0.319800000000,0.144500000000,0.152200000000,0.227800000000,0.233100000000,0.235900000000,0.238000000000,0.191100000000,0.186900000000,0.143600000000,0.146100000000,0.320600000000,0.319700000000,0.144200000000,0.151900000000,0.227700000000,0.233000000000,0.238300000000,0.239800000000,0.191100000000,0.186900000000,0.143400000000,0.146100000000,0.142500000000,0.318900000000,0.144200000000,0.151600000000,0.227600000000,0.232400000000,0.239200000000,0.241700000000,0.190900000000,0.186500000000,0.143400000000,0.146100000000,0.142400000000,0.142100000000,0.143600000000,0.151500000000,0.227300000000,0.231600000000,0.241400000000,0.244500000000,0.190600000000,0.186400000000,0.143600000000,0.146000000000,0.142500000000,0.142500000000,0.226800000000,0.147400000000,0.222200000000,0.230600000000,0.244700000000,0.247300000000,0.190300000000,0.186800000000,0.143600000000,0.146200000000,0.142500000000,0.141500000000,0.220800000000,0.211700000000,0.221300000000,0.230300000000,0.247600000000,0.250700000000,0.190400000000,0.186900000000,0.143600000000,0.146200000000,0.142500000000,0.142700000000,0.221300000000,0.213600000000,0.323300000000,0.231300000000,0.252200000000,0.254700000000,0.192900000000,0.188600000000,0.143700000000,0.146300000000,0.142600000000,0.142400000000,0.219900000000,0.212300000000,0.321100000000,0.319500000000,0.253700000000,0.256000000000,0.190500000000,0.186900000000,0.143600000000,0.146400000000,0.142600000000,0.142100000000,0.219300000000,0.210700000000,0.320200000000,0.317400000000,0.142100000000,0.259200000000,0.191300000000,0.187900000000,0.143800000000,0.146400000000,0.142700000000,0.142100000000,0.218600000000,0.210200000000,0.320200000000,0.319000000000,0.142100000000,0.147000000000,0.193700000000,0.190300000000,0.143800000000,0.146600000000,0.142900000000,0.141900000000,0.218600000000,0.210100000000,0.321100000000,0.317300000000,0.141300000000,0.146600000000,0.221800000000,0.190000000000,0.143500000000,0.146300000000,0.142600000000,0.141500000000,0.218000000000,0.209100000000,0.320100000000,0.317000000000,0.141000000000,0.146700000000,0.221800000000,0.230000000000,0.143800000000,0.146600000000,0.142800000000,0.141500000000,0.218000000000,0.209200000000,0.319600000000,0.315700000000,0.140200000000,0.145500000000,0.220800000000,0.229600000000,0.261600000000,0.146500000000,0.142800000000,0.141500000000,0.217900000000,0.209200000000,0.319900000000,0.314700000000,0.140100000000,0.145300000000,0.220800000000,0.229500000000,0.256100000000,0.256300000000,60.41245016400035
contact,2,68.333333,26.62963,2.0,68.33,26.63,60.347351402000186,2.4907,69.69455445600033,0.142100000000,0.139400000000,0.213000000000,0.210300000000,0.285000000000,0.282200000000,0.136200000000,0.141200000000,0.219900000000,0.227300000000,0.172700000000,0.176100000000,0.186400000000,0.139400000000,0.213100000000,0.210400000000,0.284500000000,0.281900000000,0.136200000000,0.141300000000,0.219800000000,0.227300000000,0.172700000000,0.176100000000,0.186300000000,0.185300000000,0.212900000000,0.210000000000,0.284100000000,0.281800000000,0.136200000000,0.141200000000,0.219800000000,0.227300000000,0.172800000000,0.176100000000,0.186300000000,0.185200000000,0.145400000000,0.209900000000,0.284300000000,0.281700000000,0.136200000000,0.141200000000,0.219900000000,0.227300000000,0.172800000000,0.176200000000,0.186300000000,0.185300000000,0.145300000000,0.148200000000,0.284200000000,0.281800000000,0.136300000000,0.141200000000,0.219800000000,0.227200000000,0.172800000000,0.176200000000,0.186200000000,0.185200000000,0.145400000000,0.148000000000,0.142000000000,0.281800000000,0.136200000000,0.141200000000,0.219800000000,0.227200000000,0.172800000000,0.176100000000,0.186200000000,0.185200000000,0.145300000000,0.148000000000,0.142000000000,0.139400000000,0.136200000000,0.141200000000,0.219900000000,0.227200000000,0.172800000000,0.176200000000,0.186100000000,0.185200000000,0.145400000000,0.148100000000,0.142100000000,0.139400000000,0.212300000000,0.141200000000,0.219800000000,0.227400000000,0.172700000000,0.176100000000,0.186200000000,0.185200000000,0.145300000000,0.148000000000,0.142100000000,0.139400000000,0.212400000000,0.209600000000,0.219800000000,0.227200000000,0.172800000000,0.176100000000,0.186300000000,0.185100000000,0.145400000000,0.148100000000,0.142000000000,0.139500000000,0.212300000000,0.209700000000,0.284400000000,0.227200000000,0.172800000000,0.176100000000,0.186200000000,0.185300000000,0.145300000000,0.148000000000,0.142000000000,0.139500000000,0.212400000000,0.209800000000,0.284200000000,0.282100000000,0.172800000000,0.176100000000,0.186200000000,0.185200000000,0.145300000000,0.148100000000,0.142000000000,0.139400000000,0.212700000000,0.209900000000,0.284300000000,0.281600000000,0.136300000000,0.176100000000,0.186200000000,0.185200000000,0.145400000000,0.148100000000,0.142000000000,0.139400000000,0.212700000000,0.210200000000,0.284300000000,0.282000000000,0.136400000000,0.141300000000,0.186300000000,0.185300000000,0.145400000000,0.148200000000,0.142000000000,0.139500000000,0.212800000000,0.210600000000,0.284400000000,0.282300000000,0.136200000000,0.141400000000,0.219900000000,0.185300000000,0.145400000000,0.148100000000,0.142000000000,0.139400000000,0.212300000000,0.209700000000,0.284500000000,0.282300000000,0.136300000000,0.141300000000,0.219900000000,0.227300000000,0.145300000000,0.148100000000,0.142000000000,0.139400000000,0.212400000000,0.209700000000,0.284400000000,0.282400000000,0.136400000000,0.141300000000,0.219900000000,0.227300000000,0.172800000000,0.148000000000,0.142100000000,0.139500000000,0.212300000000,0.209600000000,0.284500000000,0.283200000000,0.136300000000,0.141300000000,0.219900000000,0.227300000000,0.172700000000,0.176000000000,70.7986769019999
baseline,3,86.384615,17.683761,3.0,86.38,17.68,73.81539406499996,0,,0.141100000000,0.141200000000,0.218300000000,0.208600000000,0.286800000000,0.284800000000,0.138600000000,0.143500000000,0.222400000000,0.233400000000,0.196800000000,0.198000000000,0.195800000000,0.141300000000,0.218600000000,0.209600000000,0.286500000000,0.284700000000,0.138400000000,0.143400000000,0.222300000000,0.233400000000,0.197800000000,0.198500000000,0.195600000000,0.191300000000,0.218100000000,0.208400000000,0.285600000000,0.285200000000,0.138900000000,0.143300000000,0.222300000000,0.233300000000,0.198800000000,0.199800000000,0.195600000000,0.191400000000,0.142500000000,0.209200000000,0.284700000000,0.284000000000,0.138200000000,0.143500000000,0.222300000000,0.233400000000,0.199600000000,0.200800000000,0.195700000000,0.191300000000,0.142600000000,0.145400000000,0.285200000000,0.284200000000,0.138100000000,0.143300000000,0.222200000000,0.233300000000,0.201400000000,0.202600000000,0.195700000000,0.191200000000,0.142600000000,0.145400000000,0.141000000000,0.284000000000,0.138200000000,0.143300000000,0.222200000000,0.233300000000,0.203000000000,0.203900000000,0.195100000000,0.191100000000,0.142800000000,0.145500000000,0.140900000000,0.141100000000,0.137800000000,0.143400000000,0.222100000000,0.233300000000,0.204600000000,0.205200000000,0.195100000000,0.191100000000,0.142900000000,0.145600000000,0.141000000000,0.141200000000,0.219400000000,0.143300000000,0.222100000000,0.233200000000,0.205200000000,0.206000000000,0.195600000000,0.191100000000,0.142800000000,0.145600000000,0.140900000000,0.141200000000,0.219000000000,0.208900000000,0.222300000000,0.233400000000,0.205000000000,0.205900000000,0.195500000000,0.191200000000,0.143000000000,0.145800000000,0.140900000000,0.141200000000,0.224000000000,0.214800000000,0.284600000000,0.233400000000,0.204800000000,0.205800000000,0.195300000000,0.191100000000,0.143100000000,0.145800000000,0.140800000000,0.141200000000,0.218400000000,0.209000000000,0.284700000000,0.283500000000,0.204700000000,0.205700000000,0.195500000000,0.190900000000,0.142900000000,0.145700000000,0.140600000000,0.141300000000,0.219400000000,0.209300000000,0.284600000000,0.284100000000,0.138300000000,0.205900000000,0.195400000000,0.190900000000,0.142900000000,0.145700000000,0.140700000000,0.141300000000,0.219900000000,0.209800000000,0.285000000000,0.285000000000,0.139100000000,0.143300000000,0.195300000000,0.191000000000,0.142800000000,0.145600000000,0.140500000000,0.141000000000,0.220500000000,0.210200000000,0.284800000000,0.284600000000,0.139100000000,0.143300000000,0.222000000000,0.190800000000,0.142700000000,0.145500000000,0.140400000000,0.141000000000,0.218400000000,0.208300000000,0.284800000000,0.285600000000,0.138500000000,0.143200000000,0.222000000000,0.233200000000,0.142700000000,0.145500000000,0.140300000000,0.141000000000,0.219700000000,0.209100000000,0.285600000000,0.283600000000,0.137200000000,0.143200000000,0.222000000000,0.233300000000,0.205600000000,0.145700000000,0.140700000000,0.141000000000,0.220600000000,0.209800000000,0.285000000000,0.283400000000,0.137000000000,0.143200000000,0.221900000000,0.233800000000,0.205800000000,0.205600000000,73.82703505400059
contact,3,86.384615,17.683761,3.0,86.38,17.68,73.81539406499996,3.3801,84.2600206850002,0.136600000000,0.136500000000,0.305000000000,0.294700000000,0.289700000000,0.287700000000,0.126400000000,0.129800000000,0.226300000000,0.236800000000,0.204600000000,0.205500000000,0.196900000000,0.136600000000,0.304800000000,0.294700000000,0.290000000000,0.289000000000,0.126300000000,0.129900000000,0.226300000000,0.236700000000,0.204500000000,0.205400000000,0.196900000000,0.192200000000,0.304900000000,0.294700000000,0.291100000000,0.288900000000,0.126300000000,0.129600000000,0.226200000000,0.236700000000,0.204500000000,0.205500000000,0.196900000000,0.192200000000,0.140000000000,0.294700000000,0.290900000000,0.289300000000,0.126400000000,0.129700000000,0.226200000000,0.236700000000,0.204500000000,0.205400000000,0.196800000000,0.192200000000,0.139900000000,0.142800000000,0.291100000000,0.289400000000,0.126300000000,0.129700000000,0.226200000000,0.236500000000,0.204400000000,0.205400000000,0.196900000000,0.192200000000,0.140100000000,0.142800000000,0.136700000000,0.289000000000,0.126300000000,0.129700000000,0.226000000000,0.236500000000,0.204600000000,0.205400000000,0.196900000000,0.192100000000,0.140000000000,0.142700000000,0.136800000000,0.136600000000,0.126300000000,0.129700000000,0.225900000000,0.236500000000,0.204400000000,0.205300000000,0.196900000000,0.192200000000,0.140100000000,0.142700000000,0.136600000000,0.136600000000,0.304800000000,0.129600000000,0.225900000000,0.236500000000,0.204400000000,0.205300000000,0.196800000000,0.192200000000,0.140000000000,0.142700000000,0.136700000000,0.136600000000,0.304700000000,0.294700000000,0.225900000000,0.236400000000,0.204500000000,0.205300000000,0.196800000000,0.192200000000,0.139900000000,0.142800000000,0.136600000000,0.136700000000,0.304700000000,0.294500000000,0.291800000000,0.236300000000,0.204400000000,0.205400000000,0.196800000000,0.192100000000,0.140100000000,0.142700000000,0.136600000000,0.136500000000,0.304500000000,0.294400000000,0.291900000000,0.289500000000,0.204500000000,0.205300000000,0.196800000000,0.192100000000,0.140000000000,0.142800000000,0.136600000000,0.136500000000,0.304700000000,0.294700000000,0.291800000000,0.289400000000,0.126300000000,0.205300000000,0.196900000000,0.192200000000,0.140100000000,0.142800000000,0.136700000000,0.136600000000,0.304800000000,0.294700000000,0.291700000000,0.289000000000,0.126200000000,0.129700000000,0.196800000000,0.192200000000,0.140100000000,0.142800000000,0.136700000000,0.136600000000,0.304600000000,0.294300000000,0.291300000000,0.288900000000,0.126400000000,0.129700000000,0.225800000000,0.192200000000,0.140000000000,0.142700000000,0.136600000000,0.136500000000,0.304500000000,0.294600000000,0.290700000000,0.288800000000,0.126300000000,0.129700000000,0.225500000000,0.236100000000,0.140000000000,0.142700000000,0.136600000000,0.136600000000,0.304800000000,0.294600000000,0.290700000000,0.289100000000,0.126400000000,0.129700000000,0.225700000000,0.236300000000,0.204600000000,0.142700000000,0.136600000000,0.136700000000,0.304700000000,0.294700000000,0.291100000000,0.288000000000,0.126400000000,0.129700000000,0.225600000000,0.236100000000,0.204500000000,0.205400000000,85.29440200200042
baseline,4,50.282051,26.94302,4.0,50.28,26.94,89.62531011200008,0,,0.140300000000,0.138700000000,0.205500000000,0.196100000000,0.353100000000,0.348400000000,0.137900000000,0.142200000000,0.228100000000,0.239700000000,0.160600000000,0.161900000000,0.184000000000,0.138800000000,0.205400000000,0.196000000000,0.352200000000,0.351000000000,0.137900000000,0.142100000000,0.228000000000,0.239600000000,0.160200000000,0.161600000000,0.183700000000,0.179800000000,0.205500000000,0.196200000000,0.354700000000,0.366700000000,0.137700000000,0.142200000000,0.228500000000,0.239900000000,0.160200000000,0.161700000000,0.183800000000,0.179700000000,0.141600000000,0.196100000000,0.390300000000,0.438300000000,0.137500000000,0.142200000000,0.228500000000,0.239900000000,0.160200000000,0.161600000000,0.183700000000,0.179600000000,0.141500000000,0.144500000000,0.438000000000,0.435700000000,0.137200000000,0.142300000000,0.228700000000,0.240000000000,0.160300000000,0.161600000000,0.183600000000,0.179500000000,0.141500000000,0.144400000000,0.140500000000,0.438600000000,0.137200000000,0.142300000000,0.228800000000,0.240100000000,0.160200000000,0.161600000000,0.183600000000,0.179400000000,0.141500000000,0.144300000000,0.140400000000,0.138800000000,0.137200000000,0.142500000000,0.228800000000,0.240100000000,0.160200000000,0.161600000000,0.183500000000,0.179300000000,0.141400000000,0.144200000000,0.140400000000,0.138700000000,0.205400000000,0.142400000000,0.228900000000,0.240200000000,0.160000000000,0.161400000000,0.183500000000,0.179400000000,0.141400000000,0.144200000000,0.140400000000,0.138800000000,0.205300000000,0.195900000000,0.228700000000,0.240100000000,0.160000000000,0.161300000000,0.183500000000,0.179400000000,0.141400000000,0.144300000000,0.140300000000,0.138800000000,0.205400000000,0.195900000000,0.448300000000,0.240200000000,0.159800000000,0.161400000000,0.183600000000,0.179500000000,0.141600000000,0.144300000000,0.140400000000,0.138800000000,0.205300000000,0.195800000000,0.448200000000,0.443400000000,0.159800000000,0.161300000000,0.183700000000,0.179700000000,0.141600000000,0.144500000000,0.140600000000,0.138700000000,0.205200000000,0.195800000000,0.446300000000,0.447400000000,0.136900000000,0.161300000000,0.183700000000,0.179700000000,0.141600000000,0.144500000000,0.140500000000,0.138800000000,0.205300000000,0.195900000000,0.463900000000,0.378400000000,0.137000000000,0.142400000000,0.183600000000,0.179500000000,0.141500000000,0.144500000000,0.140600000000,0.138800000000,0.205200000000,0.195800000000,0.351700000000,0.348100000000,0.137100000000,0.142400000000,0.229100000000,0.179500000000,0.141500000000,0.144400000000,0.140500000000,0.138800000000,0.205300000000,0.195800000000,0.350000000000,0.346600000000,0.137000000000,0.142300000000,0.229100000000,0.240400000000,0.141500000000,0.144500000000,0.140600000000,0.138700000000,0.205300000000,0.195700000000,0.349300000000,0.346200000000,0.137000000000,0.142300000000,0.229000000000,0.240500000000,0.159800000000,0.144500000000,0.140500000000,0.138700000000,0.205300000000,0.195700000000,0.348200000000,0.344000000000,0.136800000000,0.142300000000,0.229200000000,0.240700000000,0.159900000000,0.161300000000,89.83874331100014
contact,4,50.282051,26.94302,4.0,50.28,26.94,89.62531011200008,4.28,100.8241144829999,0.144200000000,0.134800000000,0.230300000000,0.222100000000,0.346900000000,0.344900000000,0.140700000000,0.145500000000,0.220100000000,0.231500000000,0.161100000000,0.163000000000,0.183100000000,0.134800000000,0.230400000000,0.222000000000,0.346600000000,0.345200000000,0.140600000000,0.145400000000,0.220100000000,0.231500000000,0.161000000000,0.162900000000,0.183000000000,0.179300000000,0.230400000000,0.222000000000,0.346900000000,0.345300000000,0.140600000000,0.145400000000,0.220100000000,0.231500000000,0.161100000000,0.162800000000,0.183000000000,0.179100000000,0.167200000000,0.222100000000,0.347000000000,0.345300000000,0.140700000000,0.145500000000,0.220100000000,0.231400000000,0.161000000000,0.162800000000,0.183100000000,0.179200000000,0.167200000000,0.169900000000,0.346800000000,0.344900000000,0.140600000000,0.145500000000,0.220000000000,0.231500000000,0.161100000000,0.162800000000,0.183100000000,0.179300000000,0.167200000000,0.170000000000,0.144300000000,0.344900000000,0.140600000000,0.145500000000,0.220100000000,0.231400000000,0.161100000000,0.162900000000,0.183000000000,0.179200000000,0.167200000000,0.169900000000,0.144300000000,0.134700000000,0.140600000000,0.145500000000,0.220100000000,0.231500000000,0.161100000000,0.162800000000,0.183100000000,0.179200000000,0.167300000000,0.169900000000,0.144100000000,0.134700000000,0.230300000000,0.145400000000,0.220000000000,0.231500000000,0.161100000000,0.162800000000,0.183000000000,0.179300000000,0.167200000000,0.169800000000,0.144200000000,0.134700000000,0.230200000000,0.222000000000,0.220000000000,0.231400000000,0.161000000000,0.162900000000,0.183000000000,0.179200000000,0.167100000000,0.169800000000,0.144100000000,0.134600000000,0.230200000000,0.222000000000,0.346800000000,0.231400000000,0.161100000000,0.162800000000,0.183100000000,0.179200000000,0.167000000000,0.169900000000,0.144200000000,0.134700000000,0.230200000000,0.222000000000,0.346800000000,0.345000000000,0.161100000000,0.162900000000,0.183000000000,0.179200000000,0.167200000000,0.169800000000,0.144200000000,0.134700000000,0.230300000000,0.222000000000,0.346800000000,0.345000000000,0.140600000000,0.162800000000,0.183000000000,0.179300000000,0.167200000000,0.169800000000,0.144200000000,0.134700000000,0.230300000000,0.222100000000,0.346800000000,0.345000000000,0.140700000000,0.145400000000,0.183000000000,0.179200000000,0.167200000000,0.169900000000,0.144200000000,0.134800000000,0.230400000000,0.222100000000,0.346500000000,0.344700000000,0.140600000000,0.145400000000,0.220000000000,0.179300000000,0.167200000000,0.169800000000,0.144400000000,0.134700000000,0.230400000000,0.222000000000,0.347200000000,0.345000000000,0.140700000000,0.145400000000,0.220000000000,0.231300000000,0.167200000000,0.169800000000,0.144300000000,0.134600000000,0.230400000000,0.222100000000,0.346700000000,0.345000000000,0.140600000000,0.145500000000,0.219800000000,0.231300000000,0.161000000000,0.169800000000,0.144200000000,0.134700000000,0.230400000000,0.222100000000,0.346700000000,0.344800000000,0.140600000000,0.145400000000,0.219900000000,0.231400000000,0.161100000000,0.162800000000,101.9569275290005
baseline,5,76.538462,21.102564,1.0,76.54,21.1,105.52327103400057,0,,0.142600000000,0.141900000000,0.216800000000,0.207300000000,0.359600000000,0.358400000000,0.138600000000,0.144500000000,0.219600000000,0.229800000000,0.157500000000,0.159000000000,0.182400000000,0.141800000000,0.216600000000,0.207200000000,0.360100000000,0.358600000000,0.138500000000,0.144500000000,0.219600000000,0.230000000000,0.157800000000,0.158900000000,0.182400000000,0.177600000000,0.217000000000,0.207800000000,0.361000000000,0.359000000000,0.138200000000,0.144600000000,0.219600000000,0.229500000000,0.157400000000,0.159000000000,0.182500000000,0.177700000000,0.144500000000,0.207500000000,0.361200000000,0.359300000000,0.138200000000,0.144800000000,0.219900000000,0.229900000000,0.157800000000,0.159000000000,0.182500000000,0.177700000000,0.144500000000,0.147300000000,0.361800000000,0.360400000000,0.138900000000,0.144700000000,0.219800000000,0.229700000000,0.157400000000,0.159100000000,0.182600000000,0.177600000000,0.144500000000,0.147100000000,0.142500000000,0.361000000000,0.138600000000,0.144600000000,0.219700000000,0.229600000000,0.157400000000,0.159200000000,0.182500000000,0.177500000000,0.144500000000,0.147100000000,0.142500000000,0.142100000000,0.138700000000,0.144700000000,0.219600000000,0.229700000000,0.157400000000,0.159100000000,0.182500000000,0.177500000000,0.144600000000,0.147000000000,0.142300000000,0.141800000000,0.217000000000,0.144500000000,0.219500000000,0.229600000000,0.157400000000,0.159200000000,0.182500000000,0.177400000000,0.144400000000,0.147100000000,0.142300000000,0.141800000000,0.216900000000,0.207100000000,0.219800000000,0.230300000000,0.158200000000,0.159200000000,0.182500000000,0.177500000000,0.144500000000,0.147100000000,0.142300000000,0.141700000000,0.216700000000,0.207300000000,0.363100000000,0.229900000000,0.157600000000,0.159000000000,0.182500000000,0.177600000000,0.144500000000,0.147200000000,0.142300000000,0.141800000000,0.216800000000,0.207400000000,0.364200000000,0.363300000000,0.157500000000,0.159100000000,0.182500000000,0.177600000000,0.144600000000,0.147100000000,0.142100000000,0.141600000000,0.216600000000,0.207400000000,0.364700000000,0.363300000000,0.138900000000,0.159000000000,0.182400000000,0.177400000000,0.144500000000,0.147100000000,0.142000000000,0.141500000000,0.216800000000,0.207400000000,0.365100000000,0.363500000000,0.138600000000,0.144500000000,0.182400000000,0.177500000000,0.144500000000,0.147100000000,0.142100000000,0.141500000000,0.216800000000,0.207300000000,0.365400000000,0.364000000000,0.138400000000,0.144500000000,0.219600000000,0.177600000000,0.144400000000,0.147000000000,0.142000000000,0.141400000000,0.216700000000,0.207300000000,0.365800000000,0.364000000000,0.138300000000,0.144500000000,0.219600000000,0.229500000000,0.144400000000,0.147000000000,0.142000000000,0.141400000000,0.216600000000,0.207300000000,0.365900000000,0.364400000000,0.138100000000,0.144500000000,0.219400000000,0.229400000000,0.157400000000,0.147000000000,0.141700000000,0.141200000000,0.216700000000,0.207300000000,0.366700000000,0.364700000000,0.138200000000,0.144400000000,0.219500000000,0.229400000000,0.157300000000,0.159000000000,105.63513461999992
contact,5,76.538462,21.102564,1.0,76.54,21.1,105.52327103400057,1.1186,113.35753128600027,0.138900000000,0.138800000000,0.233200000000,0.223400000000,0.422700000000,0.419200000000,0.129900000000,0.137200000000,0.216900000000,0.227300000000,0.156800000000,0.158500000000,0.181100000000,0.138800000000,0.233000000000,0.223500000000,0.422700000000,0.419000000000,0.130000000000,0.137200000000,0.217000000000,0.227400000000,0.156900000000,0.158400000000,0.181000000000,0.176800000000,0.233100000000,0.223400000000,0.423100000000,0.419000000000,0.129900000000,0.137200000000,0.216900000000,0.227300000000,0.156900000000,0.158400000000,0.181000000000,0.176800000000,0.141100000000,0.223300000000,0.422900000000,0.418700000000,0.129900000000,0.137200000000,0.216900000000,0.227200000000,0.156700000000,0.158300000000,0.181000000000,0.176900000000,0.141200000000,0.143700000000,0.423000000000,0.419500000000,0.129900000000,0.137100000000,0.216900000000,0.227300000000,0.156900000000,0.158400000000,0.181000000000,0.177000000000,0.141100000000,0.143700000000,0.138800000000,0.418900000000,0.129800000000,0.137200000000,0.216900000000,0.227300000000,0.156800000000,0.158300000000,0.181100000000,0.176900000000,0.141200000000,0.143800000000,0.138900000000,0.138900000000,0.129800000000,0.137100000000,0.216900000000,0.227300000000,0.156800000000,0.158300000000,0.181100000000,0.176900000000,0.141200000000,0.143800000000,0.138900000000,0.138700000000,0.233200000000,0.137100000000,0.216800000000,0.227300000000,0.156800000000,0.158400000000,0.181100000000,0.177000000000,0.141200000000,0.143700000000,0.138800000000,0.138800000000,0.233100000000,0.223400000000,0.217000000000,0.227300000000,0.156900000000,0.158300000000,0.181100000000,0.176800000000,0.141200000000,0.143800000000,0.138900000000,0.138900000000,0.233100000000,0.223300000000,0.422500000000,0.227300000000,0.156800000000,0.158400000000,0.181000000000,0.176900000000,0.141300000000,0.143800000000,0.139000000000,0.138800000000,0.233000000000,0.223400000000,0.423300000000,0.419200000000,0.156900000000,0.158300000000,0.181100000000,0.176900000000,0.141100000000,0.143800000000,0.138900000000,0.138800000000,0.233000000000,0.223300000000,0.423000000000,0.418900000000,0.129700000000,0.158300000000,0.181000000000,0.176800000000,0.141200000000,0.143700000000,0.138900000000,0.138800000000,0.233000000000,0.223300000000,0.422800000000,0.419000000000,0.129700000000,0.137000000000,0.181100000000,0.176900000000,0.141200000000,0.143700000000,0.138900000000,0.138800000000,0.233000000000,0.223300000000,0.422700000000,0.418600000000,0.129700000000,0.137100000000,0.217000000000,0.176900000000,0.141200000000,0.143800000000,0.139000000000,0.138800000000,0.233000000000,0.223300000000,0.423200000000,0.419200000000,0.129700000000,0.137000000000,0.217100000000,0.227500000000,0.141100000000,0.143700000000,0.138800000000,0.138800000000,0.233100000000,0.223300000000,0.423100000000,0.419400000000,0.129800000000,0.137000000000,0.217000000000,0.227500000000,0.156800000000,0.143600000000,0.138800000000,0.138700000000,0.233000000000,0.223300000000,0.423100000000,0.419000000000,0.129700000000,0.136800000000,0.217000000000,0.227400000000,0.156800000000,0.158400000000,114.50511634299983
baseline,6,66.692308,30.384615,2.0,66.69,30.38,116.97778722400017,0,,0.140200000000,0.140800000000,0.203000000000,0.194500000000,0.445600000000,0.441700000000,0.142800000000,0.150300000000,0.222800000000,0.228000000000,0.188400000000,0.191500000000,0.181000000000,0.140800000000,0.203000000000,0.195000000000,0.443400000000,0.441800000000,0.142600000000,0.150400000000,0.223000000000,0.228200000000,0.204600000000,0.211300000000,0.181200000000,0.176200000000,0.203000000000,0.195000000000,0.443900000000,0.441600000000,0.142900000000,0.150200000000,0.223400000000,0.228400000000,0.435900000000,0.390100000000,0.181400000000,0.176300000000,0.141900000000,0.193800000000,0.442100000000,0.440100000000,0.141800000000,0.150000000000,0.223900000000,0.229200000000,0.163200000000,0.165800000000,0.181300000000,0.176300000000,0.141900000000,0.144400000000,0.441400000000,0.438400000000,0.141400000000,0.150000000000,0.224400000000,0.229700000000,0.163400000000,0.166000000000,0.181400000000,0.176300000000,0.141800000000,0.144400000000,0.140000000000,0.438200000000,0.140800000000,0.149900000000,0.224900000000,0.230500000000,0.164200000000,0.166800000000,0.181300000000,0.176400000000,0.141700000000,0.144400000000,0.139800000000,0.140200000000,0.140500000000,0.150000000000,0.225800000000,0.231800000000,0.168400000000,0.170900000000,0.181500000000,0.176600000000,0.141700000000,0.144300000000,0.139800000000,0.140300000000,0.203200000000,0.150000000000,0.226800000000,0.232900000000,0.172700000000,0.174700000000,0.181600000000,0.176600000000,0.141700000000,0.144400000000,0.139900000000,0.140300000000,0.214600000000,0.206900000000,0.227600000000,0.233000000000,0.174000000000,0.176700000000,0.181400000000,0.176400000000,0.141700000000,0.144300000000,0.139700000000,0.140100000000,0.223700000000,0.214200000000,0.442700000000,0.234000000000,0.175900000000,0.178000000000,0.181300000000,0.176300000000,0.141500000000,0.144300000000,0.139800000000,0.140200000000,0.218800000000,0.210100000000,0.443000000000,0.441000000000,0.177000000000,0.179300000000,0.181500000000,0.176400000000,0.141500000000,0.144300000000,0.139700000000,0.140300000000,0.218700000000,0.210100000000,0.444300000000,0.441900000000,0.140900000000,0.181000000000,0.181700000000,0.176700000000,0.141500000000,0.144300000000,0.139600000000,0.140200000000,0.218500000000,0.209700000000,0.443300000000,0.440200000000,0.141000000000,0.149900000000,0.181800000000,0.176800000000,0.141600000000,0.144200000000,0.139600000000,0.140200000000,0.218400000000,0.209600000000,0.441400000000,0.439500000000,0.141100000000,0.150000000000,0.227400000000,0.176800000000,0.141500000000,0.144100000000,0.139600000000,0.140200000000,0.218400000000,0.209800000000,0.441500000000,0.438800000000,0.140900000000,0.150000000000,0.226700000000,0.232500000000,0.141400000000,0.144200000000,0.139500000000,0.140200000000,0.218500000000,0.209700000000,0.440700000000,0.438000000000,0.141000000000,0.150100000000,0.226300000000,0.232300000000,0.183100000000,0.144200000000,0.139600000000,0.140300000000,0.218500000000,0.209800000000,0.439400000000,0.438900000000,0.140900000000,0.150000000000,0.225700000000,0.231900000000,0.183600000000,0.185300000000,117.1024529690003
contact,6,66.692308,30.384615,2.0,66.69,30.38,116.97778722400017,2.1204,125.42887761600014,0.137700000000,0.136900000000,0.185500000000,0.179100000000,0.430200000000,0.427400000000,0.136700000000,0.141800000000,0.226700000000,0.237100000000,0.177000000000,0.180100000000,0.184100000000,0.137000000000,0.185400000000,0.179100000000,0.429700000000,0.427400000000,0.136700000000,0.141800000000,0.227000000000,0.237300000000,0.177000000000,0.180200000000,0.184100000000,0.179200000000,0.185500000000,0.179100000000,0.429900000000,0.427400000000,0.136700000000,0.141800000000,0.227000000000,0.237300000000,0.176900000000,0.180200000000,0.184200000000,0.179300000000,0.140800000000,0.179200000000,0.430300000000,0.427400000000,0.136700000000,0.141800000000,0.227100000000,0.237400000000,0.177100000000,0.180300000000,0.184200000000,0.179200000000,0.140700000000,0.143700000000,0.430000000000,0.427500000000,0.136700000000,0.141900000000,0.227200000000,0.237500000000,0.177000000000,0.180200000000,0.184200000000,0.179200000000,0.140600000000,0.143600000000,0.137700000000,0.427100000000,0.136700000000,0.141800000000,0.227200000000,0.237400000000,0.177000000000,0.180200000000,0.184100000000,0.179200000000,0.140700000000,0.143700000000,0.137600000000,0.136900000000,0.136700000000,0.141700000000,0.227300000000,0.237500000000,0.177000000000,0.180200000000,0.184100000000,0.179200000000,0.140600000000,0.143600000000,0.137600000000,0.136900000000,0.185500000000,0.141700000000,0.227200000000,0.237400000000,0.177000000000,0.180200000000,0.184100000000,0.179200000000,0.140600000000,0.143600000000,0.137600000000,0.136800000000,0.185500000000,0.179200000000,0.227600000000,0.238000000000,0.176900000000,0.180000000000,0.184100000000,0.179200000000,0.140700000000,0.143800000000,0.137600000000,0.136900000000,0.185600000000,0.179200000000,0.429800000000,0.238000000000,0.176900000000,0.180100000000,0.184000000000,0.179100000000,0.140600000000,0.143600000000,0.137700000000,0.137000000000,0.185600000000,0.179200000000,0.430100000000,0.427800000000,0.176700000000,0.180100000000,0.184100000000,0.179200000000,0.140700000000,0.143500000000,0.137700000000,0.136800000000,0.185500000000,0.179200000000,0.430400000000,0.427600000000,0.136600000000,0.180100000000,0.184100000000,0.179100000000,0.140500000000,0.143500000000,0.137600000000,0.137000000000,0.185500000000,0.179200000000,0.430000000000,0.427200000000,0.136700000000,0.141600000000,0.184000000000,0.179100000000,0.140500000000,0.143500000000,0.137600000000,0.136900000000,0.185500000000,0.179100000000,0.429600000000,0.426900000000,0.136700000000,0.141700000000,0.228000000000,0.179100000000,0.140400000000,0.143600000000,0.137700000000,0.136900000000,0.185400000000,0.179100000000,0.429800000000,0.427800000000,0.136700000000,0.141700000000,0.228000000000,0.238300000000,0.140500000000,0.143600000000,0.137600000000,0.136900000000,0.185500000000,0.179200000000,0.430200000000,0.427400000000,0.136600000000,0.141700000000,0.227900000000,0.238100000000,0.176800000000,0.143600000000,0.137700000000,0.136900000000,0.185400000000,0.179100000000,0.429700000000,0.428300000000,0.136600000000,0.141600000000,0.227900000000,0.238200000000,0.176800000000,0.179900000000,126.62351738800044
baseline,7,69.974359,24.760684,3.0,69.97,24.76,128.58706054600043,0,,0.139100000000,0.139100000000,0.237700000000,0.228000000000,0.455700000000,0.454700000000,0.140100000000,0.149100000000,0.231200000000,0.238300000000,0.162000000000,0.162300000000,0.189900000000,0.138800000000,0.236600000000,0.228300000000,0.456300000000,0.454700000000,0.140900000000,0.149100000000,0.230900000000,0.238000000000,0.161400000000,0.162000000000,0.189900000000,0.185600000000,0.236400000000,0.227300000000,0.455300000000,0.455400000000,0.139900000000,0.148800000000,0.230700000000,0.238100000000,0.161300000000,0.161800000000,0.189900000000,0.185500000000,0.143800000000,0.227300000000,0.456300000000,0.454200000000,0.140200000000,0.148800000000,0.230700000000,0.237500000000,0.160800000000,0.161800000000,0.190000000000,0.185500000000,0.143800000000,0.146500000000,0.455300000000,0.454100000000,0.140100000000,0.148800000000,0.230700000000,0.237400000000,0.160500000000,0.161800000000,0.190000000000,0.185500000000,0.143800000000,0.146400000000,0.139000000000,0.453800000000,0.139700000000,0.148700000000,0.230800000000,0.237300000000,0.160500000000,0.161700000000,0.189900000000,0.185500000000,0.143600000000,0.146400000000,0.138800000000,0.139000000000,0.139700000000,0.148800000000,0.230800000000,0.237400000000,0.160400000000,0.161700000000,0.190000000000,0.185500000000,0.143700000000,0.146400000000,0.138900000000,0.139000000000,0.241100000000,0.148700000000,0.230800000000,0.237300000000,0.160300000000,0.161700000000,0.189900000000,0.185500000000,0.143700000000,0.146300000000,0.138900000000,0.139000000000,0.241000000000,0.232200000000,0.230900000000,0.237300000000,0.160300000000,0.161600000000,0.189900000000,0.185500000000,0.143600000000,0.146300000000,0.138900000000,0.139100000000,0.240400000000,0.231600000000,0.456300000000,0.237400000000,0.160300000000,0.161500000000,0.189900000000,0.185500000000,0.143500000000,0.146200000000,0.138900000000,0.139000000000,0.240400000000,0.231500000000,0.455800000000,0.455100000000,0.160300000000,0.161600000000,0.189900000000,0.185600000000,0.143600000000,0.146200000000,0.139000000000,0.138900000000,0.240400000000,0.231700000000,0.455600000000,0.454000000000,0.139700000000,0.161500000000,0.189900000000,0.185500000000,0.143500000000,0.146000000000,0.138900000000,0.138900000000,0.240600000000,0.231800000000,0.455700000000,0.454400000000,0.139700000000,0.148700000000,0.189800000000,0.185300000000,0.143400000000,0.146000000000,0.138900000000,0.138800000000,0.240600000000,0.231800000000,0.456300000000,0.454200000000,0.139700000000,0.148700000000,0.230700000000,0.185400000000,0.143400000000,0.146000000000,0.138800000000,0.138800000000,0.240500000000,0.231700000000,0.455700000000,0.453700000000,0.139900000000,0.148600000000,0.230700000000,0.237300000000,0.143400000000,0.146100000000,0.138800000000,0.138800000000,0.240300000000,0.231400000000,0.456000000000,0.454400000000,0.139700000000,0.148600000000,0.230600000000,0.237400000000,0.160300000000,0.145900000000,0.138900000000,0.138800000000,0.239800000000,0.231100000000,0.456000000000,0.468800000000,0.139900000000,0.148500000000,0.230600000000,0.237200000000,0.160300000000,0.161500000000,128.78553324099994
contact,7,69.974359,24.760684,3.0,69.97,24.76,128.58706054600043,3.0861,139.46998838299987,0.137300000000,0.137100000000,0.217300000000,0.208600000000,0.427300000000,0.426600000000,0.139700000000,0.148900000000,0.230200000000,0.236400000000,0.159400000000,0.161000000000,0.189300000000,0.137100000000,0.217300000000,0.208600000000,0.427500000000,0.426500000000,0.139800000000,0.149000000000,0.230300000000,0.236400000000,0.159400000000,0.161000000000,0.189300000000,0.185200000000,0.217100000000,0.208400000000,0.427800000000,0.426400000000,0.139800000000,0.148900000000,0.230200000000,0.236300000000,0.159300000000,0.160900000000,0.189200000000,0.185200000000,0.140500000000,0.208400000000,0.427400000000,0.427000000000,0.139800000000,0.149100000000,0.230100000000,0.236300000000,0.159300000000,0.161000000000,0.189200000000,0.185200000000,0.140400000000,0.142900000000,0.427800000000,0.427100000000,0.139800000000,0.149000000000,0.230300000000,0.236400000000,0.159300000000,0.161000000000,0.189300000000,0.185200000000,0.140400000000,0.143000000000,0.137400000000,0.427400000000,0.139700000000,0.149000000000,0.230200000000,0.236300000000,0.159300000000,0.161000000000,0.189300000000,0.185300000000,0.140500000000,0.142900000000,0.137300000000,0.137100000000,0.139900000000,0.149000000000,0.230300000000,0.236300000000,0.159300000000,0.161000000000,0.189200000000,0.185300000000,0.140500000000,0.142900000000,0.137300000000,0.137100000000,0.217000000000,0.149000000000,0.230200000000,0.236300000000,0.159200000000,0.161000000000,0.189300000000,0.185300000000,0.140300000000,0.142900000000,0.137300000000,0.137200000000,0.217100000000,0.208400000000,0.230200000000,0.236200000000,0.159200000000,0.160900000000,0.189300000000,0.185200000000,0.140500000000,0.142900000000,0.137300000000,0.137200000000,0.217200000000,0.208400000000,0.427900000000,0.236300000000,0.159200000000,0.161000000000,0.189200000000,0.185300000000,0.140400000000,0.142900000000,0.137400000000,0.137200000000,0.217100000000,0.208500000000,0.427900000000,0.427300000000,0.159200000000,0.161000000000,0.189200000000,0.185200000000,0.140500000000,0.142900000000,0.137300000000,0.137100000000,0.217200000000,0.208400000000,0.428200000000,0.427300000000,0.139800000000,0.160900000000,0.189200000000,0.185300000000,0.140500000000,0.142900000000,0.137400000000,0.137100000000,0.217200000000,0.208500000000,0.427800000000,0.427300000000,0.139700000000,0.148900000000,0.189200000000,0.185300000000,0.140500000000,0.143000000000,0.137400000000,0.137100000000,0.217300000000,0.208500000000,0.427400000000,0.426900000000,0.139700000000,0.148800000000,0.230200000000,0.185200000000,0.140400000000,0.143000000000,0.137300000000,0.137100000000,0.217200000000,0.208400000000,0.427700000000,0.427300000000,0.139700000000,0.148900000000,0.230100000000,0.236200000000,0.140400000000,0.142900000000,0.137300000000,0.137100000000,0.217100000000,0.208400000000,0.427900000000,0.427800000000,0.139700000000,0.148800000000,0.230100000000,0.236200000000,0.159200000000,0.142900000000,0.137300000000,0.137100000000,0.217100000000,0.208500000000,0.428400000000,0.427500000000,0.139700000000,0.148900000000,0.230200000000,0.236300000000,0.159200000000,0.160900000000,140.4708267320002
baseline,8,101.153846,16.316239,3.0,101.15,16.32,144.42944899600025,0,,0.138200000000,0.137900000000,0.309300000000,0.299400000000,0.447700000000,0.451200000000,0.138000000000,0.144500000000,0.226800000000,0.236400000000,0.161600000000,0.164500000000,0.189400000000,0.137700000000,0.309100000000,0.299400000000,0.454800000000,0.460700000000,0.139100000000,0.144500000000,0.226900000000,0.236400000000,0.161900000000,0.164700000000,0.189600000000,0.184600000000,0.309000000000,0.299100000000,0.466600000000,0.511000000000,0.140000000000,0.144100000000,0.226800000000,0.236200000000,0.161800000000,0.164200000000,0.189100000000,0.184500000000,0.139700000000,0.299300000000,0.512500000000,0.508700000000,0.137900000000,0.144100000000,0.226500000000,0.237200000000,0.162800000000,0.164200000000,0.189200000000,0.184400000000,0.139700000000,0.142400000000,0.510200000000,0.507300000000,0.138600000000,0.144100000000,0.226600000000,0.237300000000,0.163100000000,0.164400000000,0.188900000000,0.184400000000,0.139600000000,0.142200000000,0.137500000000,0.506400000000,0.138000000000,0.144300000000,0.226600000000,0.236100000000,0.162200000000,0.164800000000,0.189400000000,0.184300000000,0.139500000000,0.142200000000,0.137500000000,0.137500000000,0.137400000000,0.143800000000,0.226400000000,0.236500000000,0.162200000000,0.164700000000,0.189300000000,0.184200000000,0.139600000000,0.142100000000,0.137400000000,0.137400000000,0.308500000000,0.143700000000,0.226400000000,0.236800000000,0.162700000000,0.164500000000,0.188900000000,0.184400000000,0.139500000000,0.142100000000,0.137400000000,0.137300000000,0.307600000000,0.297600000000,0.226500000000,0.236800000000,0.163100000000,0.164100000000,0.188500000000,0.184300000000,0.139600000000,0.142100000000,0.137300000000,0.137600000000,0.308000000000,0.298400000000,0.513800000000,0.237400000000,0.163400000000,0.164300000000,0.188900000000,0.184200000000,0.139500000000,0.142100000000,0.137300000000,0.137300000000,0.308200000000,0.298200000000,0.512100000000,0.510300000000,0.163500000000,0.164600000000,0.189100000000,0.184200000000,0.139500000000,0.142000000000,0.137300000000,0.137500000000,0.308200000000,0.298100000000,0.513300000000,0.511000000000,0.136700000000,0.163900000000,0.188300000000,0.184200000000,0.139500000000,0.142000000000,0.137200000000,0.137200000000,0.308000000000,0.298000000000,0.512500000000,0.513100000000,0.137000000000,0.143900000000,0.188700000000,0.184200000000,0.139400000000,0.142000000000,0.137200000000,0.137400000000,0.307800000000,0.297700000000,0.516100000000,0.514200000000,0.137000000000,0.143900000000,0.226600000000,0.184200000000,0.139400000000,0.142000000000,0.137200000000,0.137400000000,0.307600000000,0.297700000000,0.523700000000,0.510500000000,0.137500000000,0.143900000000,0.226500000000,0.236300000000,0.139400000000,0.141900000000,0.137100000000,0.137300000000,0.307500000000,0.297400000000,0.508300000000,0.504200000000,0.137100000000,0.143500000000,0.226400000000,0.235700000000,0.161800000000,0.141900000000,0.137200000000,0.137300000000,0.307800000000,0.297600000000,0.506400000000,0.505300000000,0.137300000000,0.143600000000,0.226200000000,0.235900000000,0.162000000000,0.164100000000,144.5807351000003
contact,8,101.153846,16.316239,3.0,101.15,16.32,144.42944899600025,3.5209,154.01189541300027,0.135000000000,0.134900000000,0.305200000000,0.294600000000,0.431600000000,0.429700000000,0.134100000000,0.140200000000,0.235500000000,0.240200000000,0.170300000000,0.172500000000,0.124900000000,0.134800000000,0.305500000000,0.294200000000,0.430600000000,0.429000000000,0.134200000000,0.140100000000,0.235500000000,0.240300000000,0.170200000000,0.172500000000,0.124900000000,0.150000000000,0.305000000000,0.294700000000,0.431400000000,0.429300000000,0.134100000000,0.140100000000,0.235600000000,0.240300000000,0.170200000000,0.172500000000,0.124800000000,0.149900000000,0.137700000000,0.294800000000,0.431300000000,0.428600000000,0.134200000000,0.140100000000,0.235400000000,0.240300000000,0.170200000000,0.172500000000,0.124800000000,0.150000000000,0.137700000000,0.140300000000,0.430100000000,0.427900000000,0.134200000000,0.140100000000,0.235400000000,0.240200000000,0.170200000000,0.172400000000,0.124800000000,0.149800000000,0.137800000000,0.140400000000,0.135000000000,0.427800000000,0.134200000000,0.140100000000,0.235400000000,0.240300000000,0.170200000000,0.172400000000,0.124800000000,0.149700000000,0.137800000000,0.140400000000,0.134900000000,0.135000000000,0.134100000000,0.140100000000,0.235400000000,0.240300000000,0.170200000000,0.172500000000,0.124600000000,0.149700000000,0.137700000000,0.140400000000,0.134900000000,0.134900000000,0.305300000000,0.140100000000,0.235500000000,0.240300000000,0.170200000000,0.172500000000,0.124800000000,0.149800000000,0.137800000000,0.140200000000,0.134900000000,0.134900000000,0.305500000000,0.294600000000,0.235400000000,0.240200000000,0.170200000000,0.172500000000,0.124600000000,0.149700000000,0.137700000000,0.140300000000,0.135000000000,0.134900000000,0.305200000000,0.294200000000,0.430300000000,0.240300000000,0.170200000000,0.172600000000,0.124600000000,0.149700000000,0.137700000000,0.140300000000,0.134900000000,0.134800000000,0.305000000000,0.294300000000,0.430400000000,0.428100000000,0.170300000000,0.172500000000,0.124600000000,0.149600000000,0.137800000000,0.140300000000,0.134800000000,0.134900000000,0.304600000000,0.293700000000,0.430200000000,0.428800000000,0.134000000000,0.172600000000,0.124600000000,0.149700000000,0.137800000000,0.140400000000,0.134900000000,0.134800000000,0.304600000000,0.294200000000,0.430400000000,0.428500000000,0.134100000000,0.140100000000,0.124500000000,0.149700000000,0.137700000000,0.140200000000,0.134900000000,0.134800000000,0.304700000000,0.294300000000,0.430900000000,0.428900000000,0.134100000000,0.140000000000,0.235300000000,0.149600000000,0.137800000000,0.140300000000,0.135000000000,0.134700000000,0.305000000000,0.294100000000,0.431300000000,0.428600000000,0.134100000000,0.140100000000,0.235200000000,0.240100000000,0.137700000000,0.140300000000,0.134900000000,0.134900000000,0.304700000000,0.294100000000,0.431000000000,0.429000000000,0.134100000000,0.139900000000,0.235300000000,0.240000000000,0.170300000000,0.140300000000,0.134900000000,0.134800000000,0.304600000000,0.293900000000,0.431000000000,0.429400000000,0.134100000000,0.139900000000,0.235100000000,0.239900000000,0.170300000000,0.172800000000,155.18397783199998
baseline,9,79.820513,17.569801,1.0,79.82,17.57,158.29392236600052,0,,0.135000000000,0.134700000000,0.306700000000,0.296600000000,0.278500000000,0.275800000000,0.136200000000,0.141300000000,0.234500000000,0.243300000000,0.169900000000,0.172200000000,0.191100000000,0.134900000000,0.306800000000,0.296400000000,0.276000000000,0.275700000000,0.136200000000,0.141200000000,0.234600000000,0.243200000000,0.169600000000,0.172100000000,0.191200000000,0.188000000000,0.306600000000,0.296300000000,0.276800000000,0.275300000000,0.136400000000,0.141200000000,0.234600000000,0.243000000000,0.169600000000,0.172300000000,0.191600000000,0.188000000000,0.137900000000,0.296200000000,0.275900000000,0.273800000000,0.136000000000,0.141200000000,0.234800000000,0.243500000000,0.169800000000,0.172300000000,0.191800000000,0.188300000000,0.137900000000,0.140400000000,0.275200000000,0.274200000000,0.136000000000,0.141200000000,0.234800000000,0.243100000000,0.169700000000,0.172400000000,0.191800000000,0.188200000000,0.137900000000,0.140300000000,0.135000000000,0.273100000000,0.135700000000,0.141200000000,0.234800000000,0.243100000000,0.169500000000,0.172100000000,0.191300000000,0.188000000000,0.137800000000,0.140500000000,0.135000000000,0.134800000000,0.135800000000,0.141200000000,0.234800000000,0.243200000000,0.169500000000,0.172200000000,0.191200000000,0.188000000000,0.137900000000,0.140400000000,0.135000000000,0.134800000000,0.306700000000,0.141200000000,0.234900000000,0.243100000000,0.169300000000,0.172200000000,0.191300000000,0.187900000000,0.137900000000,0.140400000000,0.135000000000,0.134800000000,0.306800000000,0.296900000000,0.234700000000,0.242900000000,0.169300000000,0.172300000000,0.191600000000,0.188000000000,0.137900000000,0.140400000000,0.134900000000,0.134800000000,0.307200000000,0.297000000000,0.275400000000,0.243000000000,0.169400000000,0.172200000000,0.191500000000,0.187900000000,0.137900000000,0.140400000000,0.135000000000,0.134800000000,0.307500000000,0.297300000000,0.275300000000,0.273600000000,0.169300000000,0.172100000000,0.191400000000,0.187800000000,0.137800000000,0.140400000000,0.135000000000,0.134700000000,0.307200000000,0.297200000000,0.274500000000,0.272300000000,0.135300000000,0.171700000000,0.191200000000,0.188000000000,0.137900000000,0.140400000000,0.134800000000,0.134400000000,0.307300000000,0.296900000000,0.273700000000,0.271300000000,0.135000000000,0.138900000000,0.191100000000,0.188100000000,0.137900000000,0.140300000000,0.134900000000,0.134300000000,0.307400000000,0.296800000000,0.272900000000,0.270800000000,0.135000000000,0.138800000000,0.232700000000,0.188000000000,0.137800000000,0.140300000000,0.134900000000,0.134700000000,0.307500000000,0.297000000000,0.273200000000,0.272100000000,0.135700000000,0.141300000000,0.234700000000,0.243400000000,0.137700000000,0.140300000000,0.134900000000,0.134700000000,0.307400000000,0.297400000000,0.273900000000,0.272100000000,0.135900000000,0.141200000000,0.234600000000,0.243300000000,0.169700000000,0.140300000000,0.134900000000,0.134700000000,0.308400000000,0.297900000000,0.273600000000,0.271000000000,0.135900000000,0.141200000000,0.234700000000,0.243400000000,0.169700000000,0.172200000000,158.42921093699988
contact,9,79.820513,17.569801,1.0,79.82,17.57,158.29392236600052,1.4177,167.56136671900003,0.134500000000,0.134300000000,0.305500000000,0.295100000000,0.273700000000,0.272300000000,0.132800000000,0.137900000000,0.230800000000,0.238900000000,0.166500000000,0.169000000000,0.185800000000,0.134300000000,0.305600000000,0.295300000000,0.274200000000,0.271500000000,0.132800000000,0.137800000000,0.230800000000,0.238900000000,0.166500000000,0.168900000000,0.185700000000,0.183000000000,0.305700000000,0.295200000000,0.273900000000,0.271000000000,0.132800000000,0.137800000000,0.230700000000,0.238800000000,0.166500000000,0.169000000000,0.185600000000,0.183100000000,0.137100000000,0.295200000000,0.273000000000,0.270800000000,0.132700000000,0.137800000000,0.230800000000,0.238800000000,0.166400000000,0.168900000000,0.185500000000,0.182900000000,0.137300000000,0.139800000000,0.272800000000,0.270600000000,0.132800000000,0.137900000000,0.230800000000,0.238800000000,0.166400000000,0.168800000000,0.185500000000,0.182900000000,0.137300000000,0.139700000000,0.134400000000,0.270600000000,0.132800000000,0.137800000000,0.230900000000,0.238800000000,0.166500000000,0.168900000000,0.185500000000,0.182800000000,0.137200000000,0.139600000000,0.134400000000,0.134300000000,0.132800000000,0.137900000000,0.230900000000,0.239000000000,0.166400000000,0.168900000000,0.185500000000,0.182900000000,0.137200000000,0.139700000000,0.134400000000,0.134400000000,0.305400000000,0.137900000000,0.230900000000,0.239000000000,0.166400000000,0.168900000000,0.185700000000,0.182900000000,0.137300000000,0.139800000000,0.134400000000,0.134300000000,0.305300000000,0.294900000000,0.230900000000,0.239000000000,0.166500000000,0.168900000000,0.185700000000,0.183000000000,0.137200000000,0.139700000000,0.134400000000,0.134300000000,0.305300000000,0.295000000000,0.273300000000,0.239100000000,0.166400000000,0.168900000000,0.185800000000,0.183000000000,0.137200000000,0.139800000000,0.134400000000,0.134400000000,0.305500000000,0.295000000000,0.273700000000,0.271400000000,0.166500000000,0.168900000000,0.185600000000,0.183000000000,0.137300000000,0.139700000000,0.134400000000,0.134300000000,0.305600000000,0.295100000000,0.273900000000,0.271700000000,0.132700000000,0.168900000000,0.185700000000,0.183100000000,0.137200000000,0.139800000000,0.134400000000,0.134300000000,0.305400000000,0.295100000000,0.274200000000,0.272100000000,0.132700000000,0.137800000000,0.185700000000,0.183100000000,0.137300000000,0.139700000000,0.134400000000,0.134300000000,0.305500000000,0.294700000000,0.273800000000,0.271000000000,0.132600000000,0.137200000000,0.230200000000,0.182900000000,0.137200000000,0.139800000000,0.134400000000,0.134100000000,0.305400000000,0.294600000000,0.273400000000,0.271300000000,0.132400000000,0.137000000000,0.230100000000,0.238700000000,0.137300000000,0.139800000000,0.134400000000,0.134100000000,0.305300000000,0.294900000000,0.273200000000,0.271400000000,0.132400000000,0.137100000000,0.230000000000,0.238600000000,0.166300000000,0.139700000000,0.134400000000,0.134300000000,0.305200000000,0.294400000000,0.273400000000,0.271700000000,0.132400000000,0.137000000000,0.230100000000,0.238700000000,0.166200000000,0.168800000000,168.59863834000043
baseline,10,66.692308,17.34188,4.0,66.69,17.34,171.07824058799997,0,,0.134600000000,0.134500000000,0.305600000000,0.295200000000,0.297500000000,0.296500000000,0.135500000000,0.141800000000,0.231000000000,0.240400000000,0.167600000000,0.169800000000,0.187400000000,0.134600000000,0.305700000000,0.295300000000,0.300100000000,0.297900000000,0.135400000000,0.141900000000,0.231100000000,0.240400000000,0.167500000000,0.169800000000,0.187300000000,0.183000000000,0.305700000000,0.295300000000,0.300000000000,0.298700000000,0.135600000000,0.141800000000,0.230800000000,0.240400000000,0.167700000000,0.170000000000,0.187200000000,0.183100000000,0.137200000000,0.295100000000,0.300500000000,0.298800000000,0.135700000000,0.141800000000,0.231100000000,0.240500000000,0.167800000000,0.169900000000,0.187300000000,0.183100000000,0.137200000000,0.139800000000,0.300900000000,0.298000000000,0.135600000000,0.141700000000,0.230900000000,0.240500000000,0.167800000000,0.170100000000,0.187400000000,0.183100000000,0.137300000000,0.139700000000,0.134700000000,0.298400000000,0.135600000000,0.141800000000,0.231000000000,0.240600000000,0.167900000000,0.170100000000,0.187400000000,0.183000000000,0.137300000000,0.139800000000,0.134700000000,0.134600000000,0.135600000000,0.141800000000,0.231000000000,0.240500000000,0.167900000000,0.169900000000,0.187500000000,0.183100000000,0.137200000000,0.139700000000,0.134600000000,0.134600000000,0.305500000000,0.141800000000,0.231000000000,0.240600000000,0.167900000000,0.170000000000,0.187400000000,0.183200000000,0.137200000000,0.139600000000,0.134700000000,0.134600000000,0.305500000000,0.295600000000,0.231000000000,0.240600000000,0.167900000000,0.170100000000,0.187600000000,0.183100000000,0.137200000000,0.139700000000,0.134600000000,0.134500000000,0.305900000000,0.295400000000,0.300800000000,0.240700000000,0.168100000000,0.170100000000,0.187500000000,0.183100000000,0.137200000000,0.139700000000,0.134500000000,0.134700000000,0.305900000000,0.295700000000,0.300800000000,0.299700000000,0.168100000000,0.170100000000,0.187600000000,0.183100000000,0.137300000000,0.139600000000,0.134500000000,0.134600000000,0.305900000000,0.295600000000,0.301300000000,0.300100000000,0.135400000000,0.170200000000,0.187600000000,0.183100000000,0.137200000000,0.139600000000,0.134600000000,0.134600000000,0.306000000000,0.295500000000,0.301600000000,0.300100000000,0.135400000000,0.141800000000,0.187600000000,0.183000000000,0.137200000000,0.139600000000,0.134600000000,0.134600000000,0.305700000000,0.295500000000,0.302200000000,0.300900000000,0.135400000000,0.141800000000,0.231100000000,0.183100000000,0.137200000000,0.139600000000,0.134500000000,0.134600000000,0.305700000000,0.295200000000,0.301800000000,0.301800000000,0.135300000000,0.141800000000,0.231000000000,0.240900000000,0.137200000000,0.139700000000,0.134600000000,0.134600000000,0.305800000000,0.295600000000,0.304000000000,0.301500000000,0.135300000000,0.141900000000,0.230900000000,0.241000000000,0.168500000000,0.139700000000,0.134600000000,0.134600000000,0.305400000000,0.295200000000,0.304000000000,0.301300000000,0.135300000000,0.141900000000,0.231100000000,0.241100000000,0.168500000000,0.170500000000,171.19569615599994
contact,10,66.692308,17.34188,4.0,66.69,17.34,171.07824058799997,4.2802,181.1321307190001,0.134100000000,0.133800000000,0.287700000000,0.275100000000,0.221100000000,0.219000000000,0.136000000000,0.139800000000,0.227100000000,0.240300000000,0.168300000000,0.170000000000,0.187000000000,0.133800000000,0.287800000000,0.275200000000,0.221100000000,0.219000000000,0.136000000000,0.139700000000,0.227100000000,0.240400000000,0.168300000000,0.170100000000,0.187100000000,0.182300000000,0.288200000000,0.275200000000,0.221200000000,0.218900000000,0.136100000000,0.139700000000,0.227100000000,0.240400000000,0.168300000000,0.170100000000,0.187100000000,0.182400000000,0.139600000000,0.275100000000,0.221100000000,0.219100000000,0.136000000000,0.139800000000,0.227100000000,0.240400000000,0.168300000000,0.170100000000,0.187100000000,0.182300000000,0.139700000000,0.142200000000,0.221100000000,0.218800000000,0.136100000000,0.139800000000,0.227100000000,0.240300000000,0.168300000000,0.170000000000,0.187100000000,0.182400000000,0.139600000000,0.142200000000,0.134200000000,0.218700000000,0.136000000000,0.139800000000,0.227200000000,0.240300000000,0.168400000000,0.170100000000,0.187100000000,0.182300000000,0.139700000000,0.142200000000,0.134200000000,0.133800000000,0.136000000000,0.139800000000,0.227200000000,0.240400000000,0.168400000000,0.170100000000,0.187100000000,0.182400000000,0.139700000000,0.142200000000,0.134100000000,0.133800000000,0.287800000000,0.139800000000,0.227100000000,0.240300000000,0.168400000000,0.170200000000,0.187100000000,0.182400000000,0.139600000000,0.142300000000,0.134100000000,0.133800000000,0.287900000000,0.275200000000,0.227100000000,0.240300000000,0.168300000000,0.170100000000,0.187100000000,0.182400000000,0.139600000000,0.142100000000,0.134100000000,0.133800000000,0.287700000000,0.274900000000,0.221000000000,0.240300000000,0.168400000000,0.170100000000,0.187100000000,0.182400000000,0.139600000000,0.142200000000,0.134100000000,0.133900000000,0.287500000000,0.274900000000,0.221000000000,0.219000000000,0.168400000000,0.170100000000,0.187000000000,0.182300000000,0.139800000000,0.142200000000,0.134300000000,0.133800000000,0.287500000000,0.274900000000,0.220900000000,0.218800000000,0.135900000000,0.170100000000,0.187100000000,0.182300000000,0.139700000000,0.142100000000,0.134100000000,0.133800000000,0.287200000000,0.274700000000,0.220900000000,0.218900000000,0.136000000000,0.139700000000,0.187000000000,0.182200000000,0.139700000000,0.142200000000,0.134100000000,0.133900000000,0.287500000000,0.274800000000,0.220900000000,0.218900000000,0.136100000000,0.139700000000,0.227100000000,0.182300000000,0.139700000000,0.142200000000,0.134200000000,0.133800000000,0.287500000000,0.275100000000,0.221000000000,0.218900000000,0.136000000000,0.139700000000,0.227200000000,0.240300000000,0.139700000000,0.142100000000,0.134100000000,0.133800000000,0.287700000000,0.274900000000,0.220800000000,0.218800000000,0.136000000000,0.139700000000,0.227100000000,0.240400000000,0.168400000000,0.142100000000,0.134100000000,0.133900000000,0.287700000000,0.274900000000,0.220900000000,0.218900000000,0.136000000000,0.139700000000,0.227100000000,0.240400000000,0.168400000000,0.170100000000,182.22995905100015
baseline,11,61.769231,24.846154,2.0,61.77,24.85,184.4188987409998,0,,0.135800000000,0.135800000000,0.313400000000,0.304100000000,0.224500000000,0.223900000000,0.138800000000,0.148300000000,0.236400000000,0.243800000000,0.167400000000,0.167700000000,0.192300000000,0.135900000000,0.313100000000,0.304000000000,0.225500000000,0.224700000000,0.138900000000,0.148400000000,0.236400000000,0.243300000000,0.166800000000,0.168200000000,0.192900000000,0.187800000000,0.312900000000,0.304000000000,0.229900000000,0.229300000000,0.139100000000,0.148400000000,0.236400000000,0.242800000000,0.166200000000,0.168500000000,0.196300000000,0.192100000000,0.139100000000,0.304700000000,0.256600000000,0.254200000000,0.138700000000,0.148500000000,0.236600000000,0.242800000000,0.166200000000,0.168600000000,0.193100000000,0.187400000000,0.139100000000,0.142200000000,0.272900000000,0.267300000000,0.138600000000,0.148300000000,0.236500000000,0.242800000000,0.166600000000,0.168600000000,0.190400000000,0.185300000000,0.139000000000,0.142100000000,0.137000000000,0.286000000000,0.138300000000,0.148300000000,0.236400000000,0.243600000000,0.167200000000,0.168600000000,0.191200000000,0.186000000000,0.139100000000,0.142000000000,0.137100000000,0.136400000000,0.138300000000,0.148300000000,0.236500000000,0.242900000000,0.166500000000,0.168500000000,0.191300000000,0.186100000000,0.139100000000,0.142100000000,0.137100000000,0.136200000000,0.312900000000,0.148200000000,0.236400000000,0.242800000000,0.166200000000,0.168500000000,0.191300000000,0.186300000000,0.139000000000,0.142000000000,0.137000000000,0.136400000000,0.312900000000,0.303900000000,0.236300000000,0.242600000000,0.166200000000,0.168600000000,0.190900000000,0.185800000000,0.139000000000,0.142000000000,0.137000000000,0.136600000000,0.312800000000,0.304200000000,0.311000000000,0.242500000000,0.166200000000,0.168500000000,0.191900000000,0.186800000000,0.138900000000,0.142000000000,0.136900000000,0.136400000000,0.312700000000,0.303900000000,0.366100000000,0.344000000000,0.166000000000,0.168500000000,0.192300000000,0.187100000000,0.139000000000,0.142000000000,0.136900000000,0.136300000000,0.313000000000,0.303900000000,0.342400000000,0.297200000000,0.138500000000,0.168500000000,0.191900000000,0.186900000000,0.139000000000,0.142000000000,0.137000000000,0.136300000000,0.312800000000,0.303600000000,0.300000000000,0.294500000000,0.138400000000,0.148300000000,0.193800000000,0.188800000000,0.139000000000,0.142000000000,0.137000000000,0.136300000000,0.312600000000,0.303800000000,0.294500000000,0.285400000000,0.138300000000,0.148200000000,0.236400000000,0.189300000000,0.138900000000,0.142000000000,0.137000000000,0.136300000000,0.312700000000,0.304000000000,0.287700000000,0.288200000000,0.138400000000,0.148200000000,0.236300000000,0.242700000000,0.138900000000,0.142000000000,0.136900000000,0.136300000000,0.312400000000,0.303400000000,0.291000000000,0.286300000000,0.138300000000,0.148200000000,0.236200000000,0.242600000000,0.166300000000,0.142000000000,0.136900000000,0.136200000000,0.312500000000,0.303400000000,0.287400000000,0.285100000000,0.138300000000,0.148100000000,0.236300000000,0.242800000000,0.166500000000,0.168500000000,184.61003831000016
contact,11,61.769231,24.846154,2.0,61.77,24.85,184.4188987409998,2.1813,194.6930867560004,0.136000000000,0.135200000000,0.305000000000,0.296000000000,0.290900000000,0.289100000000,0.136000000000,0.144900000000,0.233500000000,0.242000000000,0.166000000000,0.167500000000,0.184400000000,0.135200000000,0.305500000000,0.296000000000,0.291200000000,0.288900000000,0.136200000000,0.145300000000,0.233900000000,0.242000000000,0.165900000000,0.167600000000,0.184400000000,0.179100000000,0.305400000000,0.296300000000,0.290900000000,0.289900000000,0.136300000000,0.145700000000,0.234200000000,0.242100000000,0.166000000000,0.167600000000,0.184500000000,0.179100000000,0.138300000000,0.296100000000,0.291800000000,0.289300000000,0.136500000000,0.146200000000,0.234700000000,0.242200000000,0.166200000000,0.167600000000,0.184600000000,0.179100000000,0.138400000000,0.141100000000,0.291800000000,0.290600000000,0.136600000000,0.146700000000,0.235000000000,0.242200000000,0.166200000000,0.167600000000,0.184600000000,0.179100000000,0.138400000000,0.141100000000,0.135900000000,0.290700000000,0.136700000000,0.146700000000,0.235100000000,0.242300000000,0.166100000000,0.167700000000,0.184700000000,0.179100000000,0.138400000000,0.141200000000,0.135700000000,0.135400000000,0.136600000000,0.146800000000,0.235100000000,0.242300000000,0.166200000000,0.167600000000,0.184700000000,0.179100000000,0.138500000000,0.141200000000,0.135900000000,0.135400000000,0.304800000000,0.146700000000,0.235100000000,0.242200000000,0.166200000000,0.167600000000,0.184800000000,0.179100000000,0.138500000000,0.141200000000,0.135800000000,0.135500000000,0.304800000000,0.296000000000,0.235200000000,0.242200000000,0.166200000000,0.167800000000,0.184800000000,0.179200000000,0.138400000000,0.141200000000,0.135900000000,0.135400000000,0.305200000000,0.296000000000,0.290500000000,0.242300000000,0.166100000000,0.167600000000,0.184800000000,0.179200000000,0.138300000000,0.141200000000,0.135800000000,0.135400000000,0.305200000000,0.296100000000,0.291700000000,0.290100000000,0.166300000000,0.167700000000,0.184800000000,0.179100000000,0.138500000000,0.141200000000,0.135900000000,0.135500000000,0.304900000000,0.295800000000,0.292700000000,0.291600000000,0.136700000000,0.167700000000,0.184800000000,0.179300000000,0.138400000000,0.141100000000,0.135900000000,0.135500000000,0.305200000000,0.295900000000,0.293500000000,0.291900000000,0.136600000000,0.146700000000,0.184800000000,0.179200000000,0.138500000000,0.141200000000,0.135900000000,0.135500000000,0.304700000000,0.295800000000,0.293600000000,0.291600000000,0.136600000000,0.146700000000,0.235200000000,0.179200000000,0.138400000000,0.141200000000,0.135800000000,0.135400000000,0.304900000000,0.295400000000,0.292500000000,0.290000000000,0.136600000000,0.146600000000,0.235100000000,0.242300000000,0.138500000000,0.141200000000,0.135900000000,0.135300000000,0.304700000000,0.295600000000,0.291800000000,0.291500000000,0.136600000000,0.146700000000,0.235100000000,0.242300000000,0.166200000000,0.141200000000,0.135900000000,0.135500000000,0.304600000000,0.295400000000,0.293100000000,0.289400000000,0.136500000000,0.146600000000,0.235000000000,0.242100000000,0.166100000000,0.167600000000,195.8615682720001
baseline,12,89.666667,27.962963,2.0,89.67,27.96,199.5086334309999,0,,0.132200000000,0.132300000000,0.302000000000,0.296800000000,0.194000000000,0.193700000000,0.135300000000,0.143000000000,0.237800000000,0.248400000000,0.166400000000,0.167200000000,0.188400000000,0.130800000000,0.305300000000,0.296900000000,0.195400000000,0.194700000000,0.137100000000,0.146300000000,0.241200000000,0.248500000000,0.167000000000,0.167500000000,0.188400000000,0.183000000000,0.306100000000,0.296600000000,0.194900000000,0.192900000000,0.134200000000,0.141200000000,0.236700000000,0.247400000000,0.165800000000,0.167000000000,0.188100000000,0.182100000000,0.137400000000,0.296700000000,0.195300000000,0.193700000000,0.135400000000,0.142000000000,0.237600000000,0.248500000000,0.166700000000,0.167500000000,0.188900000000,0.182900000000,0.137400000000,0.139100000000,0.196200000000,0.195100000000,0.136300000000,0.145800000000,0.241200000000,0.249100000000,0.167000000000,0.167400000000,0.188800000000,0.182800000000,0.137400000000,0.140000000000,0.134500000000,0.195700000000,0.136700000000,0.146200000000,0.241600000000,0.248800000000,0.166400000000,0.167500000000,0.188900000000,0.183000000000,0.137400000000,0.140000000000,0.134300000000,0.134200000000,0.135000000000,0.141400000000,0.237400000000,0.248200000000,0.166100000000,0.167100000000,0.188200000000,0.183100000000,0.137300000000,0.140000000000,0.134300000000,0.134300000000,0.306200000000,0.146300000000,0.241600000000,0.249200000000,0.166900000000,0.167500000000,0.188900000000,0.183300000000,0.137400000000,0.140100000000,0.134300000000,0.134100000000,0.305900000000,0.296000000000,0.237600000000,0.248300000000,0.166100000000,0.167100000000,0.188200000000,0.182900000000,0.137300000000,0.140000000000,0.134400000000,0.134000000000,0.305800000000,0.296200000000,0.195600000000,0.248000000000,0.166000000000,0.167500000000,0.188600000000,0.182800000000,0.137400000000,0.139800000000,0.134400000000,0.134700000000,0.306100000000,0.297000000000,0.196800000000,0.195600000000,0.166500000000,0.167900000000,0.188800000000,0.181300000000,0.135000000000,0.137200000000,0.132000000000,0.128800000000,0.300800000000,0.295100000000,0.198200000000,0.199000000000,0.135500000000,0.168000000000,0.189100000000,0.180200000000,0.134300000000,0.134300000000,0.128900000000,0.129500000000,0.301600000000,0.295600000000,0.203600000000,0.204600000000,0.135500000000,0.145700000000,0.188800000000,0.181200000000,0.135800000000,0.138000000000,0.129900000000,0.129400000000,0.301300000000,0.295500000000,0.211800000000,0.212700000000,0.135200000000,0.145500000000,0.241100000000,0.179500000000,0.134900000000,0.133600000000,0.128000000000,0.128800000000,0.300600000000,0.295500000000,0.219100000000,0.219300000000,0.135600000000,0.145600000000,0.241300000000,0.249200000000,0.134000000000,0.133400000000,0.127900000000,0.128300000000,0.300900000000,0.295400000000,0.223800000000,0.223400000000,0.134900000000,0.145400000000,0.241200000000,0.249200000000,0.167500000000,0.133400000000,0.127900000000,0.128200000000,0.300900000000,0.295500000000,0.225300000000,0.225100000000,0.134700000000,0.145500000000,0.241100000000,0.248800000000,0.167300000000,0.168400000000,199.5416137479997
contact,12,89.666667,27.962963,2.0,89.67,27.96,199.5086334309999,2.5113,209.22519886300051,0.129500000000,0.129200000000,0.301200000000,0.295400000000,0.244900000000,0.244700000000,0.135700000000,0.146300000000,0.249000000000,0.257500000000,0.169900000000,0.170000000000,0.186200000000,0.129300000000,0.300800000000,0.295300000000,0.244800000000,0.244400000000,0.135700000000,0.146300000000,0.249000000000,0.257300000000,0.169800000000,0.170000000000,0.186200000000,0.180400000000,0.300900000000,0.295400000000,0.244900000000,0.244600000000,0.135800000000,0.146400000000,0.249500000000,0.257700000000,0.169900000000,0.169900000000,0.186200000000,0.181100000000,0.136900000000,0.297000000000,0.246700000000,0.245600000000,0.135800000000,0.146400000000,0.249200000000,0.257600000000,0.169900000000,0.170000000000,0.186300000000,0.184000000000,0.138600000000,0.141000000000,0.247100000000,0.246000000000,0.137200000000,0.147000000000,0.249700000000,0.257800000000,0.169900000000,0.170000000000,0.186300000000,0.184100000000,0.138500000000,0.141000000000,0.135700000000,0.246100000000,0.137200000000,0.147000000000,0.249800000000,0.257800000000,0.169800000000,0.170000000000,0.186300000000,0.184200000000,0.138600000000,0.140900000000,0.135800000000,0.135400000000,0.137100000000,0.147000000000,0.249700000000,0.257600000000,0.169700000000,0.170100000000,0.186400000000,0.184100000000,0.138500000000,0.141000000000,0.135800000000,0.135400000000,0.306300000000,0.146900000000,0.249600000000,0.257600000000,0.169800000000,0.170000000000,0.186400000000,0.184100000000,0.138500000000,0.141000000000,0.135700000000,0.135300000000,0.306300000000,0.296700000000,0.249600000000,0.257400000000,0.169700000000,0.169900000000,0.186500000000,0.184200000000,0.138600000000,0.141000000000,0.135700000000,0.134500000000,0.303100000000,0.296000000000,0.247000000000,0.257500000000,0.169700000000,0.170000000000,0.186300000000,0.184100000000,0.138600000000,0.141000000000,0.135800000000,0.135300000000,0.306100000000,0.296600000000,0.247200000000,0.245900000000,0.169600000000,0.170000000000,0.186500000000,0.184200000000,0.138400000000,0.141000000000,0.135800000000,0.135400000000,0.306000000000,0.296700000000,0.247200000000,0.245800000000,0.137000000000,0.169900000000,0.186500000000,0.184200000000,0.138600000000,0.141000000000,0.135700000000,0.135300000000,0.306100000000,0.296500000000,0.247300000000,0.245900000000,0.137000000000,0.147000000000,0.186400000000,0.184300000000,0.138400000000,0.141100000000,0.135700000000,0.135500000000,0.306100000000,0.296600000000,0.246900000000,0.245700000000,0.137100000000,0.147000000000,0.249400000000,0.184300000000,0.138500000000,0.141100000000,0.135800000000,0.135500000000,0.306000000000,0.296500000000,0.246800000000,0.245500000000,0.137000000000,0.146900000000,0.249500000000,0.257300000000,0.138600000000,0.140900000000,0.135800000000,0.135300000000,0.306000000000,0.296500000000,0.246800000000,0.245600000000,0.137100000000,0.147000000000,0.249500000000,0.257300000000,0.169600000000,0.141100000000,0.135700000000,0.135500000000,0.305800000000,0.296500000000,0.246800000000,0.245800000000,0.137100000000,0.147000000000,0.249400000000,0.257200000000,0.169700000000,0.170100000000,210.3594914639998
baseline,13,86.384615,28.042735,2.0,86.38,28.04,212.1117646749999,0,,0.135000000000,0.134800000000,0.305600000000,0.296000000000,0.247100000000,0.246000000000,0.136500000000,0.146100000000,0.246100000000,0.253400000000,0.168500000000,0.169700000000,0.185800000000,0.134900000000,0.305700000000,0.296200000000,0.247300000000,0.245800000000,0.136400000000,0.145900000000,0.246100000000,0.253300000000,0.168500000000,0.169600000000,0.185900000000,0.182500000000,0.305800000000,0.296400000000,0.247300000000,0.245700000000,0.136400000000,0.146000000000,0.246100000000,0.253400000000,0.168600000000,0.169800000000,0.185900000000,0.182500000000,0.137700000000,0.296400000000,0.246900000000,0.245800000000,0.136400000000,0.146000000000,0.246200000000,0.253300000000,0.168600000000,0.169700000000,0.185800000000,0.182600000000,0.137800000000,0.140600000000,0.247000000000,0.245500000000,0.136400000000,0.145900000000,0.246300000000,0.253400000000,0.168600000000,0.169700000000,0.185800000000,0.182400000000,0.137800000000,0.140400000000,0.135000000000,0.245400000000,0.136300000000,0.146000000000,0.246300000000,0.253400000000,0.168600000000,0.169800000000,0.185700000000,0.182500000000,0.137700000000,0.140500000000,0.134800000000,0.134800000000,0.136300000000,0.145800000000,0.246200000000,0.253400000000,0.168500000000,0.169700000000,0.185700000000,0.182300000000,0.137800000000,0.140500000000,0.135000000000,0.134800000000,0.305900000000,0.145800000000,0.246200000000,0.253400000000,0.168500000000,0.169700000000,0.185700000000,0.182300000000,0.137700000000,0.140400000000,0.134900000000,0.134800000000,0.305600000000,0.296200000000,0.246300000000,0.253500000000,0.168600000000,0.169700000000,0.185700000000,0.182300000000,0.137700000000,0.140500000000,0.134900000000,0.134900000000,0.305800000000,0.296200000000,0.246900000000,0.253400000000,0.168500000000,0.169700000000,0.185700000000,0.182300000000,0.137800000000,0.140400000000,0.134900000000,0.134800000000,0.305900000000,0.296400000000,0.246600000000,0.245200000000,0.168500000000,0.169700000000,0.185700000000,0.182200000000,0.137800000000,0.140500000000,0.135000000000,0.134800000000,0.305900000000,0.296300000000,0.246400000000,0.245100000000,0.136300000000,0.169700000000,0.185600000000,0.182200000000,0.137800000000,0.140600000000,0.134900000000,0.134800000000,0.305700000000,0.296000000000,0.246300000000,0.245200000000,0.136300000000,0.145900000000,0.185600000000,0.182100000000,0.137700000000,0.140500000000,0.134900000000,0.134800000000,0.305300000000,0.295900000000,0.246200000000,0.245100000000,0.136200000000,0.145900000000,0.246200000000,0.182200000000,0.137700000000,0.140500000000,0.134900000000,0.134800000000,0.305800000000,0.296300000000,0.246400000000,0.245300000000,0.136300000000,0.145900000000,0.246200000000,0.253300000000,0.137700000000,0.140400000000,0.134900000000,0.134800000000,0.305900000000,0.296300000000,0.246600000000,0.245400000000,0.136300000000,0.146000000000,0.246100000000,0.253200000000,0.168500000000,0.140400000000,0.134800000000,0.134800000000,0.305500000000,0.295900000000,0.246500000000,0.245700000000,0.136400000000,0.146000000000,0.246100000000,0.253300000000,0.168600000000,0.169700000000,212.3077059490006
contact,13,86.384615,28.042735,2.0,86.38,28.04,212.1117646749999,2.0891,221.2894588600002,0.134500000000,0.134600000000,0.303900000000,0.294200000000,0.245400000000,0.244800000000,0.134000000000,0.143900000000,0.247600000000,0.255700000000,0.169200000000,0.169300000000,0.183900000000,0.134700000000,0.303900000000,0.294400000000,0.245400000000,0.244600000000,0.134000000000,0.143800000000,0.247600000000,0.255700000000,0.169200000000,0.169200000000,0.183900000000,0.180200000000,0.304100000000,0.294200000000,0.245500000000,0.244800000000,0.133900000000,0.143700000000,0.247600000000,0.255700000000,0.169100000000,0.169300000000,0.183900000000,0.180100000000,0.137400000000,0.294300000000,0.245500000000,0.244700000000,0.133900000000,0.143700000000,0.247700000000,0.255600000000,0.169100000000,0.169300000000,0.184000000000,0.180200000000,0.137400000000,0.139800000000,0.245500000000,0.244600000000,0.133800000000,0.143800000000,0.247600000000,0.255700000000,0.169000000000,0.169300000000,0.183900000000,0.180100000000,0.137400000000,0.139800000000,0.134600000000,0.244500000000,0.133900000000,0.143800000000,0.247700000000,0.255700000000,0.169000000000,0.169300000000,0.183900000000,0.180200000000,0.137500000000,0.139800000000,0.134600000000,0.134600000000,0.134000000000,0.143800000000,0.247600000000,0.255600000000,0.169000000000,0.169300000000,0.183800000000,0.180200000000,0.137400000000,0.139900000000,0.134600000000,0.134700000000,0.304100000000,0.143900000000,0.247600000000,0.255600000000,0.168900000000,0.169300000000,0.183900000000,0.180100000000,0.137500000000,0.139700000000,0.134600000000,0.134700000000,0.303900000000,0.294100000000,0.247700000000,0.255500000000,0.169000000000,0.169300000000,0.183800000000,0.180100000000,0.137400000000,0.139800000000,0.134500000000,0.134700000000,0.303800000000,0.294200000000,0.245500000000,0.255500000000,0.168900000000,0.169300000000,0.183800000000,0.180200000000,0.137400000000,0.139700000000,0.134700000000,0.134600000000,0.303800000000,0.294400000000,0.245300000000,0.244500000000,0.168900000000,0.169300000000,0.183800000000,0.180200000000,0.137400000000,0.139800000000,0.134700000000,0.134700000000,0.303900000000,0.294400000000,0.245100000000,0.244500000000,0.133900000000,0.169200000000,0.183800000000,0.180000000000,0.137300000000,0.139800000000,0.134600000000,0.134800000000,0.303900000000,0.294200000000,0.245300000000,0.244500000000,0.133800000000,0.143900000000,0.183800000000,0.180100000000,0.137400000000,0.139700000000,0.134700000000,0.134600000000,0.304000000000,0.294100000000,0.245400000000,0.244800000000,0.133900000000,0.143700000000,0.247700000000,0.180200000000,0.137400000000,0.139700000000,0.134600000000,0.134700000000,0.304000000000,0.294100000000,0.245600000000,0.244700000000,0.133900000000,0.143800000000,0.247700000000,0.255600000000,0.137400000000,0.139800000000,0.134600000000,0.134700000000,0.304000000000,0.294400000000,0.245400000000,0.244400000000,0.133900000000,0.143800000000,0.247500000000,0.255500000000,0.169000000000,0.139800000000,0.134600000000,0.134600000000,0.303900000000,0.294300000000,0.245200000000,0.244500000000,0.133900000000,0.143700000000,0.247600000000,0.255600000000,0.169100000000,0.169200000000,222.4772163280004
baseline,14,84.74359,29.820513,2.0,84.74,29.82,224.14538525100033,0,,0.134500000000,0.134600000000,0.304300000000,0.294900000000,0.247300000000,0.246400000000,0.139100000000,0.147900000000,0.244200000000,0.252400000000,0.169800000000,0.170000000000,0.185100000000,0.129200000000,0.299400000000,0.293300000000,0.245200000000,0.245000000000,0.137200000000,0.147900000000,0.243700000000,0.252100000000,0.170100000000,0.170100000000,0.185100000000,0.177300000000,0.297600000000,0.292800000000,0.245100000000,0.245500000000,0.138000000000,0.147200000000,0.243600000000,0.251400000000,0.169600000000,0.170300000000,0.185200000000,0.177800000000,0.133900000000,0.293000000000,0.244800000000,0.245100000000,0.137900000000,0.147300000000,0.243700000000,0.251400000000,0.170800000000,0.172300000000,0.185300000000,0.177600000000,0.134000000000,0.132800000000,0.245500000000,0.245400000000,0.137600000000,0.147300000000,0.243900000000,0.252100000000,0.175600000000,0.175900000000,0.185400000000,0.181500000000,0.137300000000,0.139900000000,0.134500000000,0.248100000000,0.140700000000,0.148100000000,0.244000000000,0.252200000000,0.177800000000,0.178600000000,0.185600000000,0.181500000000,0.137200000000,0.140000000000,0.134500000000,0.134800000000,0.139700000000,0.148100000000,0.244300000000,0.252800000000,0.184700000000,0.185700000000,0.185700000000,0.181600000000,0.137400000000,0.139900000000,0.134700000000,0.134900000000,0.304600000000,0.148000000000,0.244100000000,0.252200000000,0.194900000000,0.198700000000,0.185300000000,0.181300000000,0.137400000000,0.140000000000,0.134700000000,0.134800000000,0.304600000000,0.295500000000,0.244500000000,0.252800000000,0.211400000000,0.211800000000,0.185300000000,0.180800000000,0.136900000000,0.138100000000,0.134100000000,0.133600000000,0.283400000000,0.245900000000,0.247400000000,0.260800000000,0.214000000000,0.214100000000,0.185300000000,0.179700000000,0.137000000000,0.135000000000,0.132500000000,0.129100000000,0.301400000000,0.293300000000,0.247800000000,0.247800000000,0.216100000000,0.218300000000,0.185300000000,0.178400000000,0.134100000000,0.133600000000,0.128200000000,0.128200000000,0.298100000000,0.293300000000,0.245500000000,0.245700000000,0.137800000000,0.236600000000,0.185000000000,0.181100000000,0.137400000000,0.136300000000,0.128400000000,0.129200000000,0.300900000000,0.294900000000,0.247700000000,0.246500000000,0.139300000000,0.148100000000,0.185300000000,0.181200000000,0.137300000000,0.140000000000,0.134700000000,0.134900000000,0.302100000000,0.293700000000,0.245700000000,0.245400000000,0.137600000000,0.146800000000,0.233200000000,0.177200000000,0.133500000000,0.132600000000,0.127300000000,0.127800000000,0.297700000000,0.292700000000,0.245900000000,0.245500000000,0.137200000000,0.147300000000,0.232900000000,0.241000000000,0.133800000000,0.133400000000,0.128300000000,0.132900000000,0.304100000000,0.294700000000,0.248400000000,0.247100000000,0.138900000000,0.148000000000,0.233600000000,0.240600000000,0.233600000000,0.133800000000,0.127500000000,0.127600000000,0.297700000000,0.292700000000,0.245600000000,0.245000000000,0.138300000000,0.148000000000,0.233500000000,0.241700000000,0.235300000000,0.236100000000,224.20672184199975
contact,14,84.74359,29.820513,2.0,84.74,29.82,224.14538525100033,2.1361,232.83453513299992,0.132500000000,0.132900000000,0.303500000000,0.293700000000,0.233900000000,0.233000000000,0.108400000000,0.115400000000,0.241100000000,0.252700000000,0.183800000000,0.185000000000,0.184100000000,0.133000000000,0.303600000000,0.294000000000,0.234100000000,0.233000000000,0.108400000000,0.115600000000,0.241400000000,0.252600000000,0.184000000000,0.185000000000,0.184200000000,0.178700000000,0.303800000000,0.293700000000,0.233800000000,0.233000000000,0.108400000000,0.115500000000,0.241200000000,0.252600000000,0.183900000000,0.185000000000,0.184100000000,0.178700000000,0.135100000000,0.293700000000,0.233800000000,0.232700000000,0.108400000000,0.115600000000,0.241500000000,0.252900000000,0.184100000000,0.185100000000,0.184300000000,0.178700000000,0.135100000000,0.137900000000,0.233700000000,0.232600000000,0.108400000000,0.115500000000,0.241600000000,0.252900000000,0.183900000000,0.184900000000,0.184200000000,0.178800000000,0.135100000000,0.137800000000,0.132500000000,0.232700000000,0.108300000000,0.115500000000,0.241700000000,0.253000000000,0.183900000000,0.185000000000,0.184200000000,0.178900000000,0.135000000000,0.137800000000,0.132600000000,0.132900000000,0.108400000000,0.115500000000,0.241600000000,0.253000000000,0.184100000000,0.185000000000,0.184300000000,0.178800000000,0.135000000000,0.137800000000,0.132400000000,0.132900000000,0.303700000000,0.115500000000,0.241500000000,0.252900000000,0.184000000000,0.185000000000,0.184300000000,0.178800000000,0.135000000000,0.137800000000,0.132600000000,0.133000000000,0.303900000000,0.293800000000,0.241400000000,0.252800000000,0.184200000000,0.185100000000,0.184200000000,0.178800000000,0.135100000000,0.137900000000,0.132500000000,0.132900000000,0.303600000000,0.293500000000,0.233700000000,0.253000000000,0.184000000000,0.184900000000,0.184300000000,0.178800000000,0.135000000000,0.137800000000,0.132500000000,0.133100000000,0.303400000000,0.293300000000,0.233400000000,0.232400000000,0.183900000000,0.184900000000,0.184200000000,0.178800000000,0.135100000000,0.137800000000,0.132600000000,0.132900000000,0.303400000000,0.293700000000,0.233800000000,0.232800000000,0.108300000000,0.184900000000,0.184200000000,0.178800000000,0.135100000000,0.137800000000,0.132500000000,0.132900000000,0.303700000000,0.293600000000,0.233700000000,0.232900000000,0.108300000000,0.115500000000,0.184200000000,0.178900000000,0.135000000000,0.137900000000,0.132400000000,0.132900000000,0.303800000000,0.293600000000,0.233900000000,0.232900000000,0.108200000000,0.115300000000,0.241300000000,0.178800000000,0.135000000000,0.137800000000,0.132500000000,0.132900000000,0.303300000000,0.293100000000,0.233500000000,0.232900000000,0.108200000000,0.115400000000,0.241400000000,0.252700000000,0.135000000000,0.137700000000,0.132400000000,0.132900000000,0.303100000000,0.293300000000,0.233800000000,0.232600000000,0.108200000000,0.115300000000,0.241400000000,0.252900000000,0.184300000000,0.137800000000,0.132500000000,0.132900000000,0.303500000000,0.293500000000,0.233800000000,0.232900000000,0.108300000000,0.115300000000,0.241300000000,0.252800000000,0.184200000000,0.185000000000,233.94522092900024
baseline,15,107.717949,18.054131,4.0,107.72,18.05,237.3584551009999,0,,0.134400000000,0.135700000000,0.305000000000,0.295200000000,0.206800000000,0.204800000000,0.140900000000,0.151300000000,0.235700000000,0.244100000000,0.224900000000,0.224900000000,0.186100000000,0.135800000000,0.305100000000,0.295400000000,0.207700000000,0.205600000000,0.140900000000,0.151400000000,0.235900000000,0.244000000000,0.222000000000,0.222000000000,0.186000000000,0.180300000000,0.305400000000,0.295400000000,0.207800000000,0.205800000000,0.140800000000,0.151400000000,0.235700000000,0.244600000000,0.221200000000,0.220600000000,0.186000000000,0.180300000000,0.137400000000,0.294800000000,0.205400000000,0.203100000000,0.140500000000,0.151300000000,0.236000000000,0.244800000000,0.221000000000,0.219600000000,0.186000000000,0.180100000000,0.137200000000,0.139700000000,0.203500000000,0.201400000000,0.140800000000,0.151200000000,0.235700000000,0.244700000000,0.219300000000,0.218700000000,0.185700000000,0.180100000000,0.137300000000,0.139700000000,0.134400000000,0.200200000000,0.140700000000,0.151400000000,0.235900000000,0.244800000000,0.218100000000,0.218600000000,0.185600000000,0.180200000000,0.137400000000,0.139800000000,0.134400000000,0.136100000000,0.140900000000,0.151500000000,0.234100000000,0.244000000000,0.218200000000,0.217000000000,0.184900000000,0.180300000000,0.137300000000,0.139900000000,0.134500000000,0.135500000000,0.304800000000,0.147600000000,0.232900000000,0.244000000000,0.216100000000,0.215300000000,0.185000000000,0.180100000000,0.137400000000,0.139900000000,0.134700000000,0.135600000000,0.304700000000,0.294700000000,0.232900000000,0.244000000000,0.214600000000,0.213200000000,0.185200000000,0.180200000000,0.137400000000,0.140000000000,0.134600000000,0.135700000000,0.304800000000,0.294800000000,0.201300000000,0.243200000000,0.210600000000,0.209800000000,0.185300000000,0.180200000000,0.137400000000,0.139900000000,0.134700000000,0.135600000000,0.304900000000,0.294700000000,0.202200000000,0.199500000000,0.207600000000,0.207300000000,0.185200000000,0.180200000000,0.137400000000,0.139900000000,0.134500000000,0.135600000000,0.305200000000,0.295000000000,0.202600000000,0.199500000000,0.139100000000,0.205700000000,0.185100000000,0.180100000000,0.137400000000,0.139900000000,0.134500000000,0.135500000000,0.304700000000,0.294600000000,0.203300000000,0.200300000000,0.139300000000,0.147200000000,0.185100000000,0.180000000000,0.137300000000,0.139800000000,0.134300000000,0.135400000000,0.304300000000,0.294300000000,0.203800000000,0.200600000000,0.139400000000,0.147300000000,0.232200000000,0.180100000000,0.137500000000,0.139900000000,0.134200000000,0.135600000000,0.304800000000,0.294700000000,0.204000000000,0.201100000000,0.139600000000,0.147300000000,0.232100000000,0.243500000000,0.137400000000,0.140000000000,0.134500000000,0.135500000000,0.304700000000,0.294900000000,0.203400000000,0.200700000000,0.139600000000,0.147400000000,0.232200000000,0.243400000000,0.200500000000,0.139900000000,0.134400000000,0.135400000000,0.304700000000,0.294600000000,0.203500000000,0.200900000000,0.139600000000,0.147500000000,0.232100000000,0.243400000000,0.198800000000,0.198300000000,237.4059383270005
contact,15,107.717949,18.054131,4.0,107.72,18.05,237.3584551009999,4.6178,248.89744861600047,0.133200000000,0.134600000000,0.302100000000,0.292300000000,0.275600000000,0.274000000000,0.137100000000,0.147400000000,0.233500000000,0.242000000000,0.191300000000,0.191600000000,0.188000000000,0.134700000000,0.302100000000,0.292100000000,0.275200000000,0.275300000000,0.137200000000,0.147400000000,0.233500000000,0.242000000000,0.191300000000,0.191600000000,0.188200000000,0.181200000000,0.302200000000,0.292100000000,0.277900000000,0.277900000000,0.137000000000,0.147300000000,0.233400000000,0.241900000000,0.191300000000,0.191600000000,0.188000000000,0.181000000000,0.136900000000,0.292000000000,0.279700000000,0.278200000000,0.137100000000,0.147300000000,0.233300000000,0.241900000000,0.191300000000,0.191600000000,0.188000000000,0.181000000000,0.136900000000,0.139300000000,0.278700000000,0.277200000000,0.137000000000,0.147400000000,0.233300000000,0.241900000000,0.191200000000,0.191500000000,0.187900000000,0.181100000000,0.136800000000,0.139300000000,0.133200000000,0.276900000000,0.137000000000,0.147400000000,0.233500000000,0.242000000000,0.191200000000,0.191500000000,0.187900000000,0.181000000000,0.136800000000,0.139100000000,0.133200000000,0.134700000000,0.137100000000,0.147300000000,0.233400000000,0.241900000000,0.191300000000,0.191600000000,0.187900000000,0.181100000000,0.136800000000,0.139200000000,0.133200000000,0.134600000000,0.302000000000,0.147300000000,0.233400000000,0.241900000000,0.191200000000,0.191500000000,0.187900000000,0.181000000000,0.136800000000,0.139300000000,0.133300000000,0.134700000000,0.302000000000,0.292100000000,0.233400000000,0.241800000000,0.191200000000,0.191500000000,0.187800000000,0.181100000000,0.136900000000,0.139300000000,0.133200000000,0.134800000000,0.301900000000,0.291800000000,0.279000000000,0.241900000000,0.191300000000,0.191700000000,0.187900000000,0.181100000000,0.136700000000,0.139200000000,0.133300000000,0.134700000000,0.302100000000,0.291800000000,0.279100000000,0.278000000000,0.191300000000,0.191600000000,0.188000000000,0.181000000000,0.136800000000,0.139400000000,0.133100000000,0.134700000000,0.301700000000,0.291900000000,0.279100000000,0.277700000000,0.137000000000,0.191700000000,0.188000000000,0.181200000000,0.136900000000,0.139300000000,0.133200000000,0.134800000000,0.301800000000,0.292200000000,0.278800000000,0.276800000000,0.137000000000,0.147300000000,0.187900000000,0.181100000000,0.136900000000,0.139200000000,0.133200000000,0.134700000000,0.302100000000,0.291800000000,0.278100000000,0.277100000000,0.136900000000,0.147300000000,0.233400000000,0.181100000000,0.136900000000,0.139200000000,0.133100000000,0.134700000000,0.302000000000,0.292100000000,0.279000000000,0.277700000000,0.137000000000,0.147300000000,0.233500000000,0.241900000000,0.136800000000,0.139200000000,0.133200000000,0.134800000000,0.301900000000,0.292500000000,0.278500000000,0.277900000000,0.136800000000,0.147200000000,0.233500000000,0.241900000000,0.191400000000,0.139300000000,0.133300000000,0.134800000000,0.302200000000,0.292300000000,0.278700000000,0.277300000000,0.137000000000,0.147300000000,0.233600000000,0.242000000000,0.191300000000,0.191700000000,249.956361216
baseline,16,71.615385,15.598291,1.0,71.62,15.6,254.23401375100002,0,,0.134100000000,0.135200000000,0.302600000000,0.293200000000,0.365400000000,0.360500000000,0.137200000000,0.147600000000,0.233300000000,0.241700000000,0.193500000000,0.193500000000,0.185900000000,0.135300000000,0.303200000000,0.293300000000,0.363000000000,0.360100000000,0.137100000000,0.147600000000,0.233300000000,0.241700000000,0.193500000000,0.193500000000,0.186000000000,0.180200000000,0.303200000000,0.293200000000,0.361400000000,0.359900000000,0.137000000000,0.147400000000,0.233200000000,0.241900000000,0.194200000000,0.193500000000,0.185900000000,0.180100000000,0.137600000000,0.293100000000,0.359500000000,0.358600000000,0.137100000000,0.147400000000,0.233200000000,0.242500000000,0.194300000000,0.193600000000,0.186000000000,0.180200000000,0.137500000000,0.140100000000,0.364300000000,0.361800000000,0.137100000000,0.147600000000,0.233300000000,0.242500000000,0.194400000000,0.193500000000,0.185900000000,0.180200000000,0.137500000000,0.140300000000,0.134200000000,0.363200000000,0.137200000000,0.147600000000,0.233300000000,0.242500000000,0.194400000000,0.193600000000,0.186000000000,0.180100000000,0.137400000000,0.140100000000,0.134200000000,0.135100000000,0.137100000000,0.147400000000,0.233200000000,0.242500000000,0.194200000000,0.193600000000,0.186000000000,0.180100000000,0.137400000000,0.140100000000,0.134200000000,0.135100000000,0.302800000000,0.147500000000,0.233300000000,0.241600000000,0.193300000000,0.193600000000,0.185900000000,0.180100000000,0.137400000000,0.140200000000,0.134100000000,0.135100000000,0.303100000000,0.293300000000,0.233100000000,0.241400000000,0.193100000000,0.193400000000,0.185900000000,0.180200000000,0.137400000000,0.140200000000,0.134200000000,0.135000000000,0.303200000000,0.293500000000,0.363200000000,0.241100000000,0.192900000000,0.193500000000,0.185900000000,0.180100000000,0.137500000000,0.140200000000,0.134300000000,0.135000000000,0.302900000000,0.293000000000,0.363000000000,0.360400000000,0.192900000000,0.193500000000,0.185800000000,0.180100000000,0.137500000000,0.140200000000,0.134100000000,0.135000000000,0.302900000000,0.293100000000,0.361800000000,0.357500000000,0.136900000000,0.193600000000,0.186000000000,0.180200000000,0.137500000000,0.140100000000,0.134200000000,0.135000000000,0.302800000000,0.292900000000,0.357100000000,0.356700000000,0.136800000000,0.147300000000,0.186000000000,0.180200000000,0.137400000000,0.140200000000,0.134200000000,0.135000000000,0.302900000000,0.292900000000,0.358800000000,0.354400000000,0.136900000000,0.147200000000,0.233000000000,0.180300000000,0.137600000000,0.140300000000,0.134100000000,0.135100000000,0.302700000000,0.293000000000,0.356900000000,0.356500000000,0.137100000000,0.147100000000,0.233000000000,0.241100000000,0.137500000000,0.140300000000,0.134200000000,0.135100000000,0.302700000000,0.293000000000,0.362500000000,0.359300000000,0.137100000000,0.147200000000,0.233100000000,0.241000000000,0.193000000000,0.140100000000,0.134300000000,0.135000000000,0.302600000000,0.293000000000,0.360400000000,0.359400000000,0.137000000000,0.147100000000,0.233000000000,0.241000000000,0.193000000000,0.193600000000,254.28411224499996
contact,16,71.615385,15.598291,1.0,71.62,15.6,254.23401375100002,1.1936,261.92814505299975,0.133400000000,0.134000000000,0.308200000000,0.298200000000,0.338600000000,0.336500000000,0.134800000000,0.142200000000,0.229600000000,0.239400000000,0.190300000000,0.191100000000,0.184100000000,0.134000000000,0.308200000000,0.298200000000,0.339200000000,0.338100000000,0.134600000000,0.142200000000,0.229500000000,0.239500000000,0.190300000000,0.191300000000,0.184000000000,0.179300000000,0.308100000000,0.298100000000,0.339400000000,0.335900000000,0.134700000000,0.142300000000,0.229500000000,0.239500000000,0.190400000000,0.191200000000,0.184200000000,0.179200000000,0.137200000000,0.298000000000,0.338200000000,0.334900000000,0.134800000000,0.142300000000,0.229700000000,0.239500000000,0.190300000000,0.191100000000,0.184000000000,0.179300000000,0.137000000000,0.139600000000,0.337900000000,0.335000000000,0.134700000000,0.142300000000,0.229700000000,0.239600000000,0.190300000000,0.191200000000,0.184000000000,0.179300000000,0.137000000000,0.139700000000,0.133300000000,0.335100000000,0.134800000000,0.142300000000,0.229600000000,0.239400000000,0.190400000000,0.191300000000,0.184100000000,0.179200000000,0.137100000000,0.139700000000,0.133300000000,0.133900000000,0.134800000000,0.142300000000,0.229600000000,0.239500000000,0.190400000000,0.191200000000,0.184100000000,0.179300000000,0.137100000000,0.139600000000,0.133300000000,0.133800000000,0.308000000000,0.142300000000,0.229600000000,0.239600000000,0.190300000000,0.191200000000,0.184000000000,0.179300000000,0.137100000000,0.139700000000,0.133400000000,0.133900000000,0.308200000000,0.298200000000,0.229600000000,0.239400000000,0.190300000000,0.191200000000,0.184100000000,0.179400000000,0.137100000000,0.139600000000,0.133200000000,0.133800000000,0.308100000000,0.298100000000,0.338800000000,0.239500000000,0.190400000000,0.191200000000,0.183900000000,0.179200000000,0.137100000000,0.139800000000,0.133200000000,0.133900000000,0.308500000000,0.298300000000,0.339300000000,0.336800000000,0.190300000000,0.191200000000,0.184000000000,0.179300000000,0.137000000000,0.139700000000,0.133200000000,0.133800000000,0.308300000000,0.298500000000,0.339900000000,0.337700000000,0.134700000000,0.191300000000,0.184000000000,0.179100000000,0.137000000000,0.139600000000,0.133300000000,0.133800000000,0.308400000000,0.298300000000,0.341900000000,0.337300000000,0.134800000000,0.142300000000,0.184000000000,0.179200000000,0.137100000000,0.139600000000,0.133200000000,0.133800000000,0.308400000000,0.298400000000,0.339800000000,0.337300000000,0.134700000000,0.142300000000,0.229600000000,0.179300000000,0.137100000000,0.139700000000,0.133300000000,0.133800000000,0.308600000000,0.298300000000,0.339200000000,0.336400000000,0.134600000000,0.142300000000,0.229700000000,0.239500000000,0.137100000000,0.139700000000,0.133200000000,0.133900000000,0.308200000000,0.298200000000,0.339500000000,0.337700000000,0.134800000000,0.142300000000,0.229600000000,0.239500000000,0.190300000000,0.139500000000,0.133200000000,0.133900000000,0.308400000000,0.298300000000,0.339700000000,0.338000000000,0.134800000000,0.142300000000,0.229500000000,0.239400000000,0.190300000000,0.191300000000,262.9392181630001
baseline,17,53.564103,22.977208,3.0,53.56,22.98,265.8537625730005,0,,0.133100000000,0.134100000000,0.305500000000,0.296100000000,0.274500000000,0.272600000000,0.140100000000,0.150300000000,0.234800000000,0.241800000000,0.368100000000,0.369200000000,0.186700000000,0.134100000000,0.305800000000,0.296000000000,0.273300000000,0.273100000000,0.139400000000,0.148000000000,0.232900000000,0.240900000000,0.367500000000,0.368600000000,0.186400000000,0.180800000000,0.305300000000,0.295900000000,0.273900000000,0.271500000000,0.139200000000,0.147800000000,0.232500000000,0.240900000000,0.366200000000,0.368300000000,0.186400000000,0.180700000000,0.136000000000,0.295900000000,0.272700000000,0.272000000000,0.139500000000,0.148000000000,0.232700000000,0.240500000000,0.364300000000,0.367800000000,0.186300000000,0.180300000000,0.136000000000,0.138600000000,0.273000000000,0.272200000000,0.139900000000,0.150300000000,0.234700000000,0.240700000000,0.369400000000,0.372600000000,0.186400000000,0.180400000000,0.136000000000,0.138500000000,0.133000000000,0.271800000000,0.140200000000,0.150300000000,0.234700000000,0.240900000000,0.369100000000,0.374100000000,0.186300000000,0.180200000000,0.136000000000,0.138400000000,0.133100000000,0.134200000000,0.140200000000,0.150300000000,0.234800000000,0.241200000000,0.370600000000,0.374300000000,0.186000000000,0.180100000000,0.136000000000,0.138500000000,0.133000000000,0.134300000000,0.305700000000,0.150300000000,0.234700000000,0.241000000000,0.374900000000,0.378200000000,0.186200000000,0.179300000000,0.135900000000,0.138500000000,0.133200000000,0.134200000000,0.305700000000,0.296300000000,0.234700000000,0.240800000000,0.384000000000,0.389000000000,0.186300000000,0.180300000000,0.136100000000,0.138600000000,0.133200000000,0.134000000000,0.305500000000,0.296300000000,0.271800000000,0.241000000000,0.391400000000,0.397500000000,0.186400000000,0.180600000000,0.136000000000,0.138500000000,0.133000000000,0.134100000000,0.305700000000,0.296100000000,0.272000000000,0.270900000000,0.396400000000,0.399900000000,0.186500000000,0.180700000000,0.135900000000,0.138400000000,0.133100000000,0.134000000000,0.305300000000,0.296100000000,0.271900000000,0.271400000000,0.140200000000,0.398800000000,0.186200000000,0.180200000000,0.132300000000,0.131500000000,0.126500000000,0.127400000000,0.301400000000,0.295900000000,0.271800000000,0.271200000000,0.139900000000,0.150200000000,0.186100000000,0.180200000000,0.135900000000,0.138500000000,0.133100000000,0.134000000000,0.305100000000,0.295800000000,0.272000000000,0.271100000000,0.140000000000,0.150100000000,0.234800000000,0.180100000000,0.136000000000,0.138400000000,0.133000000000,0.134000000000,0.305200000000,0.296000000000,0.271500000000,0.271200000000,0.139800000000,0.150100000000,0.234600000000,0.241000000000,0.135900000000,0.138400000000,0.132900000000,0.134000000000,0.305400000000,0.296100000000,0.271500000000,0.271000000000,0.139700000000,0.150000000000,0.234500000000,0.240500000000,0.398800000000,0.138500000000,0.133000000000,0.134100000000,0.305500000000,0.296000000000,0.271900000000,0.270900000000,0.139600000000,0.149900000000,0.234400000000,0.240600000000,0.400100000000,0.386800000000,265.9675592829999
contact,17,53.564103,22.977208,3.0,53.56,22.98,265.8537625730005,3.318,276.00029648000054,0.134600000000,0.134700000000,0.238100000000,0.228000000000,0.258800000000,0.256900000000,0.136700000000,0.147200000000,0.235400000000,0.241000000000,0.310000000000,0.313100000000,0.183600000000,0.134600000000,0.238400000000,0.228100000000,0.258700000000,0.257300000000,0.136700000000,0.147200000000,0.235400000000,0.241000000000,0.309700000000,0.312500000000,0.183600000000,0.178200000000,0.238400000000,0.228100000000,0.258600000000,0.256900000000,0.136800000000,0.147300000000,0.235500000000,0.241000000000,0.309800000000,0.312700000000,0.183600000000,0.178300000000,0.135800000000,0.228100000000,0.258500000000,0.257300000000,0.136700000000,0.147300000000,0.235400000000,0.241000000000,0.310000000000,0.313000000000,0.183600000000,0.178300000000,0.135900000000,0.138400000000,0.258600000000,0.257200000000,0.136700000000,0.147300000000,0.235400000000,0.241000000000,0.310200000000,0.311400000000,0.183600000000,0.178100000000,0.135900000000,0.138500000000,0.134500000000,0.257500000000,0.136700000000,0.147200000000,0.235500000000,0.241000000000,0.308500000000,0.311300000000,0.183600000000,0.178100000000,0.135900000000,0.138500000000,0.134600000000,0.134700000000,0.136700000000,0.147200000000,0.235400000000,0.241000000000,0.308800000000,0.309800000000,0.183500000000,0.178200000000,0.135900000000,0.138400000000,0.134500000000,0.134700000000,0.238100000000,0.147200000000,0.235500000000,0.241000000000,0.306800000000,0.309500000000,0.183400000000,0.178000000000,0.135900000000,0.138400000000,0.134600000000,0.134700000000,0.238000000000,0.228000000000,0.235400000000,0.241100000000,0.306600000000,0.309600000000,0.183400000000,0.178100000000,0.135800000000,0.138400000000,0.134600000000,0.134700000000,0.237900000000,0.227900000000,0.258800000000,0.241100000000,0.306900000000,0.309500000000,0.183400000000,0.178000000000,0.136000000000,0.138300000000,0.134600000000,0.134700000000,0.238000000000,0.227800000000,0.259100000000,0.258100000000,0.306700000000,0.309300000000,0.183400000000,0.178000000000,0.135900000000,0.138300000000,0.134500000000,0.134600000000,0.237900000000,0.228100000000,0.259600000000,0.258500000000,0.136600000000,0.309800000000,0.183400000000,0.177900000000,0.135900000000,0.138300000000,0.134500000000,0.134700000000,0.237900000000,0.228000000000,0.260000000000,0.258400000000,0.136800000000,0.147200000000,0.183400000000,0.178100000000,0.135700000000,0.138200000000,0.134600000000,0.134600000000,0.237900000000,0.227800000000,0.259900000000,0.258700000000,0.136700000000,0.147100000000,0.235400000000,0.178000000000,0.135800000000,0.138200000000,0.134500000000,0.134600000000,0.237800000000,0.227800000000,0.260200000000,0.258900000000,0.136700000000,0.147200000000,0.235400000000,0.241000000000,0.135900000000,0.138200000000,0.134500000000,0.134600000000,0.237900000000,0.227900000000,0.260100000000,0.258700000000,0.136600000000,0.147200000000,0.235300000000,0.241100000000,0.307200000000,0.138300000000,0.134500000000,0.134600000000,0.238100000000,0.228100000000,0.259800000000,0.258600000000,0.136700000000,0.147200000000,0.235400000000,0.240900000000,0.306700000000,0.309600000000,277.00312085099995
baseline,18,88.025641,17.712251,2.0,88.03,17.71,281.16017875000034,0,,0.133500000000,0.135400000000,0.231200000000,0.221400000000,0.254400000000,0.252400000000,0.136400000000,0.147100000000,0.235400000000,0.243700000000,0.306000000000,0.306000000000,0.182800000000,0.135600000000,0.231200000000,0.221000000000,0.253400000000,0.250700000000,0.135000000000,0.143400000000,0.232200000000,0.242900000000,0.305100000000,0.304900000000,0.182400000000,0.177000000000,0.230900000000,0.220700000000,0.253400000000,0.251200000000,0.135100000000,0.143100000000,0.231700000000,0.243400000000,0.305900000000,0.305600000000,0.182400000000,0.177000000000,0.137400000000,0.220900000000,0.253800000000,0.251100000000,0.135300000000,0.143200000000,0.231900000000,0.243500000000,0.304900000000,0.304800000000,0.182400000000,0.177000000000,0.137500000000,0.139900000000,0.253700000000,0.251000000000,0.135100000000,0.143100000000,0.231700000000,0.243600000000,0.304900000000,0.304700000000,0.182700000000,0.177100000000,0.137500000000,0.139900000000,0.133500000000,0.251700000000,0.135600000000,0.144000000000,0.232500000000,0.242900000000,0.304000000000,0.305300000000,0.182500000000,0.177100000000,0.137500000000,0.140000000000,0.133500000000,0.135600000000,0.135200000000,0.143500000000,0.232300000000,0.242800000000,0.303800000000,0.304100000000,0.182300000000,0.177000000000,0.137400000000,0.140000000000,0.133600000000,0.135600000000,0.231000000000,0.143500000000,0.232100000000,0.242600000000,0.303200000000,0.304300000000,0.182300000000,0.177000000000,0.137500000000,0.140100000000,0.133600000000,0.135500000000,0.230900000000,0.220800000000,0.232200000000,0.242700000000,0.303900000000,0.304100000000,0.182300000000,0.177000000000,0.137400000000,0.140000000000,0.133500000000,0.135400000000,0.230800000000,0.220800000000,0.254000000000,0.242700000000,0.303600000000,0.304700000000,0.182200000000,0.176900000000,0.137500000000,0.140000000000,0.133500000000,0.135400000000,0.230900000000,0.220700000000,0.254000000000,0.251300000000,0.303800000000,0.304300000000,0.182200000000,0.177000000000,0.137400000000,0.140000000000,0.133500000000,0.135400000000,0.230800000000,0.220800000000,0.254100000000,0.251400000000,0.135100000000,0.304600000000,0.182300000000,0.177000000000,0.137400000000,0.139900000000,0.133500000000,0.135400000000,0.230900000000,0.220700000000,0.254100000000,0.251300000000,0.135100000000,0.143500000000,0.182200000000,0.177000000000,0.137400000000,0.140000000000,0.133500000000,0.135500000000,0.230800000000,0.220700000000,0.253900000000,0.251400000000,0.135100000000,0.143400000000,0.232100000000,0.177000000000,0.137500000000,0.139900000000,0.133500000000,0.135400000000,0.230700000000,0.220700000000,0.254000000000,0.251500000000,0.135100000000,0.143300000000,0.232100000000,0.242500000000,0.137500000000,0.140000000000,0.133500000000,0.135400000000,0.230700000000,0.220600000000,0.254200000000,0.251000000000,0.135100000000,0.143400000000,0.232100000000,0.242600000000,0.303500000000,0.139900000000,0.133500000000,0.135400000000,0.230700000000,0.220700000000,0.254000000000,0.251300000000,0.135100000000,0.143400000000,0.232100000000,0.242600000000,0.303700000000,0.304500000000,281.3296490040002
contact,18,88.025641,17.712251,2.0,88.03,17.71,281.16017875000034,2.1539,290.5607501840004,0.132800000000,0.134100000000,0.215700000000,0.205400000000,0.255600000000,0.253500000000,0.136200000000,0.142900000000,0.238700000000,0.247100000000,0.288200000000,0.289900000000,0.185800000000,0.134300000000,0.215700000000,0.205400000000,0.255600000000,0.253500000000,0.136200000000,0.142800000000,0.238700000000,0.247200000000,0.288400000000,0.290000000000,0.185800000000,0.179700000000,0.215600000000,0.205300000000,0.255700000000,0.253400000000,0.136200000000,0.142900000000,0.238600000000,0.247200000000,0.288300000000,0.289900000000,0.185800000000,0.179700000000,0.136800000000,0.205400000000,0.255400000000,0.253700000000,0.136200000000,0.142900000000,0.238700000000,0.247100000000,0.287700000000,0.289200000000,0.185800000000,0.179700000000,0.136700000000,0.139100000000,0.255600000000,0.253400000000,0.136200000000,0.142800000000,0.238600000000,0.247200000000,0.287900000000,0.289800000000,0.185800000000,0.179800000000,0.136600000000,0.139100000000,0.132800000000,0.253500000000,0.136200000000,0.142800000000,0.238700000000,0.247200000000,0.288700000000,0.290000000000,0.185800000000,0.179800000000,0.136700000000,0.139200000000,0.132700000000,0.134100000000,0.136100000000,0.142800000000,0.238700000000,0.247100000000,0.288100000000,0.289500000000,0.185800000000,0.179800000000,0.136700000000,0.139200000000,0.132600000000,0.134200000000,0.215800000000,0.142700000000,0.238700000000,0.247000000000,0.288400000000,0.289800000000,0.185900000000,0.179800000000,0.136700000000,0.139200000000,0.132600000000,0.134100000000,0.215800000000,0.205500000000,0.238700000000,0.247000000000,0.288200000000,0.289600000000,0.185800000000,0.179800000000,0.136700000000,0.139100000000,0.132800000000,0.134200000000,0.215700000000,0.205300000000,0.255500000000,0.246900000000,0.288300000000,0.289900000000,0.185800000000,0.179800000000,0.136700000000,0.139200000000,0.132700000000,0.134200000000,0.215700000000,0.205500000000,0.255700000000,0.253400000000,0.288300000000,0.289900000000,0.185800000000,0.179700000000,0.136800000000,0.139300000000,0.132700000000,0.134100000000,0.215800000000,0.205500000000,0.255600000000,0.253700000000,0.136100000000,0.290100000000,0.185900000000,0.179800000000,0.136800000000,0.139200000000,0.132700000000,0.134100000000,0.215900000000,0.205600000000,0.256000000000,0.253600000000,0.136300000000,0.143100000000,0.185900000000,0.179800000000,0.136700000000,0.139300000000,0.132700000000,0.134200000000,0.216000000000,0.205800000000,0.256000000000,0.253900000000,0.136400000000,0.143000000000,0.238700000000,0.179800000000,0.136700000000,0.139100000000,0.132700000000,0.134100000000,0.216100000000,0.205800000000,0.256000000000,0.254000000000,0.136400000000,0.143100000000,0.238700000000,0.247200000000,0.136800000000,0.139300000000,0.132700000000,0.134100000000,0.216100000000,0.205800000000,0.256100000000,0.254000000000,0.136400000000,0.143100000000,0.238900000000,0.247300000000,0.288600000000,0.139300000000,0.132800000000,0.134200000000,0.216000000000,0.205800000000,0.256100000000,0.254300000000,0.136500000000,0.143100000000,0.238800000000,0.247500000000,0.288700000000,0.290000000000,291.7157191240003
baseline,19,58.487179,21.039886,2.0,58.49,21.04,295.4699135410001,0,,0.133000000000,0.134600000000,0.216000000000,0.206900000000,0.256700000000,0.255000000000,0.139300000000,0.148700000000,0.239700000000,0.245700000000,0.287100000000,0.289700000000,0.183600000000,0.134700000000,0.216100000000,0.207000000000,0.256900000000,0.255000000000,0.139400000000,0.148700000000,0.239500000000,0.245600000000,0.287300000000,0.289600000000,0.183600000000,0.177900000000,0.216200000000,0.207200000000,0.256900000000,0.255000000000,0.139100000000,0.148700000000,0.239400000000,0.245300000000,0.287200000000,0.289700000000,0.183500000000,0.177800000000,0.136500000000,0.207100000000,0.256800000000,0.254700000000,0.138700000000,0.148700000000,0.239300000000,0.245300000000,0.287400000000,0.289700000000,0.183500000000,0.177700000000,0.136500000000,0.139200000000,0.256300000000,0.254700000000,0.138700000000,0.148700000000,0.239600000000,0.245300000000,0.287100000000,0.289600000000,0.183600000000,0.177800000000,0.136600000000,0.139200000000,0.133000000000,0.254900000000,0.139000000000,0.148800000000,0.239600000000,0.245400000000,0.287200000000,0.289500000000,0.183500000000,0.177800000000,0.136500000000,0.139100000000,0.133000000000,0.134600000000,0.138800000000,0.148800000000,0.239500000000,0.245400000000,0.287100000000,0.289700000000,0.183500000000,0.177700000000,0.136500000000,0.139200000000,0.133000000000,0.134700000000,0.216000000000,0.148700000000,0.239400000000,0.245200000000,0.287200000000,0.289600000000,0.183500000000,0.177900000000,0.136500000000,0.139200000000,0.133000000000,0.134700000000,0.216000000000,0.206900000000,0.239500000000,0.245100000000,0.287200000000,0.289600000000,0.183500000000,0.177800000000,0.136600000000,0.139200000000,0.133000000000,0.134700000000,0.216000000000,0.206900000000,0.256700000000,0.245100000000,0.287100000000,0.289900000000,0.183600000000,0.177800000000,0.136600000000,0.139300000000,0.133100000000,0.134800000000,0.216100000000,0.207100000000,0.257200000000,0.255200000000,0.287300000000,0.289600000000,0.183500000000,0.177800000000,0.136600000000,0.139200000000,0.133100000000,0.134900000000,0.216000000000,0.207100000000,0.257000000000,0.255300000000,0.139300000000,0.289800000000,0.183500000000,0.177800000000,0.136600000000,0.139200000000,0.133100000000,0.134800000000,0.216100000000,0.207200000000,0.257000000000,0.255600000000,0.139600000000,0.148700000000,0.183500000000,0.177800000000,0.136400000000,0.139200000000,0.133100000000,0.134900000000,0.216100000000,0.207200000000,0.257100000000,0.255300000000,0.139300000000,0.148900000000,0.239700000000,0.177900000000,0.136500000000,0.139200000000,0.133000000000,0.134700000000,0.216000000000,0.207100000000,0.257000000000,0.255500000000,0.139300000000,0.148800000000,0.239700000000,0.245300000000,0.136600000000,0.139200000000,0.133000000000,0.134800000000,0.216100000000,0.207100000000,0.257200000000,0.255600000000,0.139300000000,0.148800000000,0.239700000000,0.245200000000,0.286900000000,0.139200000000,0.133000000000,0.134800000000,0.216100000000,0.207200000000,0.257300000000,0.255900000000,0.139400000000,0.148700000000,0.239800000000,0.245400000000,0.286900000000,0.289500000000,295.6102799649998
contact,19,58.487179,21.039886,2.0,58.49,21.04,295.4699135410001,2.1642,304.59162678600023,0.133600000000,0.135200000000,0.217600000000,0.208000000000,0.256300000000,0.254500000000,0.136400000000,0.147300000000,0.238700000000,0.244400000000,0.287000000000,0.289200000000,0.182400000000,0.135200000000,0.217500000000,0.207900000000,0.256200000000,0.254300000000,0.136400000000,0.147300000000,0.238800000000,0.244500000000,0.286800000000,0.289100000000,0.182400000000,0.176700000000,0.217600000000,0.208000000000,0.256300000000,0.254200000000,0.136500000000,0.147300000000,0.238800000000,0.244600000000,0.286800000000,0.289200000000,0.182400000000,0.176700000000,0.126500000000,0.208000000000,0.256300000000,0.254400000000,0.136400000000,0.147400000000,0.238800000000,0.244600000000,0.286900000000,0.289100000000,0.182300000000,0.176700000000,0.126300000000,0.128800000000,0.256000000000,0.253900000000,0.136400000000,0.147300000000,0.238800000000,0.244500000000,0.286900000000,0.289200000000,0.182400000000,0.176700000000,0.126500000000,0.128800000000,0.133500000000,0.254000000000,0.136400000000,0.147300000000,0.238800000000,0.244500000000,0.286900000000,0.289000000000,0.182400000000,0.176700000000,0.126400000000,0.128900000000,0.133600000000,0.135200000000,0.136400000000,0.147400000000,0.238800000000,0.244500000000,0.286700000000,0.289000000000,0.182400000000,0.176700000000,0.126400000000,0.128700000000,0.133700000000,0.135300000000,0.217500000000,0.147300000000,0.238800000000,0.244600000000,0.286800000000,0.289200000000,0.182400000000,0.176700000000,0.126400000000,0.128700000000,0.133600000000,0.135300000000,0.217500000000,0.207900000000,0.238700000000,0.244400000000,0.286800000000,0.289100000000,0.182400000000,0.176700000000,0.126300000000,0.128700000000,0.133700000000,0.135200000000,0.217500000000,0.207900000000,0.255900000000,0.244600000000,0.286900000000,0.289200000000,0.182400000000,0.176600000000,0.126300000000,0.128700000000,0.133700000000,0.135200000000,0.217600000000,0.208000000000,0.256200000000,0.254100000000,0.286900000000,0.289000000000,0.182400000000,0.176700000000,0.126500000000,0.128800000000,0.133600000000,0.135200000000,0.217500000000,0.207900000000,0.256000000000,0.254300000000,0.136400000000,0.289100000000,0.182400000000,0.176800000000,0.126400000000,0.128700000000,0.133600000000,0.135100000000,0.217600000000,0.207900000000,0.256200000000,0.254200000000,0.136500000000,0.147300000000,0.182300000000,0.176600000000,0.126300000000,0.128600000000,0.133600000000,0.135300000000,0.217500000000,0.207900000000,0.256100000000,0.254100000000,0.136300000000,0.147200000000,0.238900000000,0.176700000000,0.126300000000,0.128800000000,0.133600000000,0.135100000000,0.217500000000,0.207900000000,0.256100000000,0.254100000000,0.136300000000,0.147200000000,0.238800000000,0.244600000000,0.126300000000,0.128700000000,0.133700000000,0.135200000000,0.217600000000,0.207900000000,0.256000000000,0.254400000000,0.136400000000,0.147200000000,0.238900000000,0.244600000000,0.287000000000,0.128700000000,0.133600000000,0.135100000000,0.217500000000,0.207900000000,0.256100000000,0.254100000000,0.136400000000,0.147200000000,0.238900000000,0.244700000000,0.286900000000,0.289100000000,305.78117704600027
baseline,20,65.051282,22.937322,3.0,65.05,22.94,307.78450753500056,0,,0.133300000000,0.135100000000,0.217800000000,0.209200000000,0.257300000000,0.256000000000,0.138200000000,0.147700000000,0.239900000000,0.246800000000,0.291700000000,0.292600000000,0.182600000000,0.135300000000,0.218000000000,0.209300000000,0.257600000000,0.256100000000,0.138200000000,0.147600000000,0.239900000000,0.246000000000,0.291000000000,0.292600000000,0.182500000000,0.177400000000,0.218100000000,0.209100000000,0.257300000000,0.255600000000,0.138000000000,0.147600000000,0.239800000000,0.246700000000,0.289300000000,0.289800000000,0.182500000000,0.177400000000,0.138600000000,0.209200000000,0.257100000000,0.255800000000,0.137800000000,0.147500000000,0.239800000000,0.246200000000,0.287700000000,0.289900000000,0.182800000000,0.177600000000,0.138600000000,0.141300000000,0.257500000000,0.255900000000,0.137900000000,0.147500000000,0.239700000000,0.245900000000,0.288000000000,0.288600000000,0.182700000000,0.177600000000,0.138700000000,0.141300000000,0.133200000000,0.255900000000,0.137800000000,0.147500000000,0.239700000000,0.245800000000,0.290600000000,0.291400000000,0.182900000000,0.177700000000,0.138700000000,0.141300000000,0.133300000000,0.135100000000,0.137700000000,0.147400000000,0.239500000000,0.245700000000,0.289700000000,0.291700000000,0.183000000000,0.177600000000,0.138200000000,0.140900000000,0.133000000000,0.135100000000,0.217800000000,0.147400000000,0.239600000000,0.245800000000,0.290600000000,0.293800000000,0.182900000000,0.177900000000,0.138600000000,0.141300000000,0.133400000000,0.135000000000,0.217600000000,0.208400000000,0.239500000000,0.245900000000,0.291900000000,0.293200000000,0.182900000000,0.177700000000,0.138300000000,0.140900000000,0.132900000000,0.134900000000,0.217600000000,0.208400000000,0.256900000000,0.245900000000,0.290400000000,0.291700000000,0.183000000000,0.177900000000,0.138700000000,0.141300000000,0.133300000000,0.134900000000,0.217600000000,0.208400000000,0.256800000000,0.255100000000,0.290100000000,0.291600000000,0.182900000000,0.177600000000,0.138300000000,0.140800000000,0.132900000000,0.134900000000,0.217500000000,0.208200000000,0.256700000000,0.254800000000,0.137200000000,0.290800000000,0.182900000000,0.177700000000,0.138500000000,0.140900000000,0.132900000000,0.134800000000,0.217500000000,0.208300000000,0.256400000000,0.254700000000,0.137200000000,0.147200000000,0.182800000000,0.177500000000,0.138400000000,0.140800000000,0.132800000000,0.134900000000,0.217400000000,0.208200000000,0.256200000000,0.254600000000,0.137200000000,0.147200000000,0.239500000000,0.177500000000,0.138300000000,0.140800000000,0.132800000000,0.134800000000,0.217400000000,0.208100000000,0.256200000000,0.254500000000,0.137000000000,0.147200000000,0.239400000000,0.245600000000,0.138200000000,0.140600000000,0.132800000000,0.134800000000,0.217200000000,0.208000000000,0.256300000000,0.254500000000,0.136900000000,0.147200000000,0.239300000000,0.245500000000,0.286700000000,0.140700000000,0.132800000000,0.134800000000,0.217300000000,0.208000000000,0.256200000000,0.254300000000,0.136900000000,0.147200000000,0.239300000000,0.245600000000,0.287400000000,0.289600000000,307.9444498089997
contact,20,65.051282,22.937322,3.0,65.05,22.94,307.78450753500056,3.6214,318.1266406699997,0.132900000000,0.133400000000,0.213900000000,0.201800000000,0.257700000000,0.256100000000,0.136900000000,0.146000000000,0.238500000000,0.246300000000,0.278300000000,0.281000000000,0.180500000000,0.133500000000,0.213700000000,0.201800000000,0.257600000000,0.256000000000,0.136900000000,0.145900000000,0.238400000000,0.246300000000,0.278300000000,0.280900000000,0.180500000000,0.175900000000,0.213900000000,0.201800000000,0.257400000000,0.256000000000,0.136900000000,0.145900000000,0.238400000000,0.246300000000,0.278500000000,0.281000000000,0.180500000000,0.175800000000,0.137600000000,0.201900000000,0.257700000000,0.255900000000,0.136800000000,0.145900000000,0.238300000000,0.246300000000,0.278500000000,0.280900000000,0.180500000000,0.175700000000,0.137600000000,0.140100000000,0.257200000000,0.255400000000,0.137000000000,0.145700000000,0.238300000000,0.246300000000,0.278500000000,0.280900000000,0.180400000000,0.175800000000,0.137600000000,0.140100000000,0.132900000000,0.255800000000,0.136800000000,0.145700000000,0.238200000000,0.246200000000,0.278700000000,0.280900000000,0.180500000000,0.175800000000,0.137600000000,0.140100000000,0.132900000000,0.133400000000,0.136900000000,0.145800000000,0.238300000000,0.246300000000,0.278500000000,0.280900000000,0.180400000000,0.175700000000,0.137600000000,0.140200000000,0.132800000000,0.133400000000,0.213900000000,0.145700000000,0.238200000000,0.246200000000,0.278700000000,0.281000000000,0.180500000000,0.175800000000,0.137600000000,0.140200000000,0.132900000000,0.133400000000,0.213900000000,0.201800000000,0.238200000000,0.246300000000,0.278500000000,0.281000000000,0.180500000000,0.175800000000,0.137700000000,0.140300000000,0.132900000000,0.133400000000,0.213800000000,0.201800000000,0.257800000000,0.246200000000,0.278500000000,0.280700000000,0.180500000000,0.175800000000,0.137500000000,0.140200000000,0.132800000000,0.133400000000,0.213800000000,0.201700000000,0.257400000000,0.255800000000,0.278500000000,0.280900000000,0.180500000000,0.175900000000,0.137700000000,0.140200000000,0.133000000000,0.133400000000,0.213800000000,0.201800000000,0.257500000000,0.256000000000,0.136800000000,0.280800000000,0.180400000000,0.175700000000,0.137600000000,0.140100000000,0.132700000000,0.133400000000,0.213700000000,0.201800000000,0.257500000000,0.255800000000,0.136700000000,0.145500000000,0.180400000000,0.175800000000,0.137500000000,0.140000000000,0.132800000000,0.133400000000,0.213600000000,0.201600000000,0.257400000000,0.255800000000,0.136700000000,0.145400000000,0.237900000000,0.175800000000,0.137600000000,0.140200000000,0.132800000000,0.133400000000,0.213800000000,0.201800000000,0.257400000000,0.255400000000,0.136700000000,0.145400000000,0.238100000000,0.246200000000,0.137600000000,0.140200000000,0.132800000000,0.133400000000,0.213800000000,0.201600000000,0.257100000000,0.255600000000,0.136700000000,0.145300000000,0.237900000000,0.246200000000,0.278400000000,0.140200000000,0.132800000000,0.133400000000,0.213700000000,0.201500000000,0.257400000000,0.255800000000,0.136700000000,0.145300000000,0.237900000000,0.246200000000,0.278300000000,0.280800000000,319.1953461459998
baseline,21,99.512821,29.358974,4.0,99.51,29.36,323.3476150160004,0,,0.126200000000,0.127000000000,0.218900000000,0.213100000000,0.270400000000,0.272600000000,0.134300000000,0.140000000000,0.235400000000,0.246100000000,0.164000000000,0.166500000000,0.181200000000,0.126900000000,0.219400000000,0.213600000000,0.278200000000,0.276300000000,0.134400000000,0.140100000000,0.235600000000,0.246100000000,0.164300000000,0.166700000000,0.181300000000,0.173600000000,0.218700000000,0.212900000000,0.305500000000,0.308200000000,0.134400000000,0.140100000000,0.235500000000,0.246400000000,0.164600000000,0.166900000000,0.181300000000,0.173700000000,0.132900000000,0.213600000000,0.341000000000,0.334000000000,0.134400000000,0.140100000000,0.235600000000,0.246000000000,0.164400000000,0.166900000000,0.181300000000,0.173700000000,0.132900000000,0.132600000000,0.350900000000,0.354800000000,0.134300000000,0.140300000000,0.235700000000,0.246200000000,0.164600000000,0.167100000000,0.181000000000,0.173500000000,0.132800000000,0.132400000000,0.126300000000,0.400200000000,0.134300000000,0.140000000000,0.235500000000,0.246100000000,0.164600000000,0.167000000000,0.180900000000,0.173400000000,0.132900000000,0.132500000000,0.126300000000,0.126900000000,0.134100000000,0.140100000000,0.235600000000,0.246100000000,0.164400000000,0.166900000000,0.180800000000,0.173200000000,0.132800000000,0.132400000000,0.126200000000,0.127000000000,0.218600000000,0.140100000000,0.235500000000,0.246100000000,0.164300000000,0.166700000000,0.180700000000,0.173100000000,0.132700000000,0.132300000000,0.126200000000,0.126800000000,0.218600000000,0.212800000000,0.235500000000,0.246100000000,0.164000000000,0.166500000000,0.180600000000,0.173100000000,0.132800000000,0.132300000000,0.126200000000,0.126900000000,0.218700000000,0.212600000000,0.487600000000,0.246000000000,0.163800000000,0.166100000000,0.180800000000,0.173200000000,0.132700000000,0.132400000000,0.126200000000,0.126700000000,0.218500000000,0.212500000000,0.504300000000,0.496900000000,0.163700000000,0.166100000000,0.180900000000,0.173300000000,0.132800000000,0.132300000000,0.126200000000,0.126800000000,0.218500000000,0.212600000000,0.495000000000,0.493900000000,0.134200000000,0.166100000000,0.181000000000,0.173500000000,0.132800000000,0.132300000000,0.126200000000,0.126800000000,0.218700000000,0.212700000000,0.506900000000,0.523700000000,0.134200000000,0.140100000000,0.180900000000,0.173500000000,0.132800000000,0.132300000000,0.126200000000,0.126800000000,0.218700000000,0.212800000000,0.525500000000,0.151200000000,0.134200000000,0.140100000000,0.235500000000,0.173500000000,0.132800000000,0.132400000000,0.126200000000,0.126800000000,0.218700000000,0.212900000000,0.152800000000,0.151000000000,0.134100000000,0.140100000000,0.235500000000,0.246000000000,0.132700000000,0.132400000000,0.126300000000,0.126800000000,0.218600000000,0.212600000000,0.152600000000,0.150800000000,0.134000000000,0.140000000000,0.235400000000,0.246000000000,0.163300000000,0.132300000000,0.126100000000,0.126700000000,0.218400000000,0.212500000000,0.152400000000,0.150800000000,0.134100000000,0.140100000000,0.235500000000,0.245900000000,0.163500000000,0.165900000000,323.5227924380006
contact,21,99.512821,29.358974,4.0,99.51,29.36,323.3476150160004,4.3839,334.7083352620002,0.133100000000,0.132600000000,0.220000000000,0.210000000000,0.153200000000,0.150600000000,0.134400000000,0.141100000000,0.240200000000,0.249500000000,0.160500000000,0.163300000000,0.189100000000,0.132600000000,0.219900000000,0.210000000000,0.153200000000,0.150600000000,0.134500000000,0.141200000000,0.240100000000,0.249500000000,0.160500000000,0.163300000000,0.189200000000,0.184200000000,0.220000000000,0.210100000000,0.153100000000,0.150600000000,0.134400000000,0.141100000000,0.240000000000,0.249300000000,0.160500000000,0.163300000000,0.189100000000,0.184000000000,0.135900000000,0.210000000000,0.153300000000,0.150500000000,0.134500000000,0.141100000000,0.239900000000,0.249200000000,0.160500000000,0.163200000000,0.189100000000,0.183800000000,0.135900000000,0.138200000000,0.153200000000,0.150500000000,0.134400000000,0.141100000000,0.240100000000,0.249400000000,0.160400000000,0.163200000000,0.189100000000,0.184000000000,0.135800000000,0.138300000000,0.133200000000,0.150500000000,0.134500000000,0.141100000000,0.239900000000,0.249400000000,0.160500000000,0.163200000000,0.189100000000,0.184000000000,0.135900000000,0.138400000000,0.133200000000,0.132500000000,0.134600000000,0.141100000000,0.240000000000,0.249400000000,0.160600000000,0.163200000000,0.188900000000,0.183800000000,0.135800000000,0.138300000000,0.133100000000,0.132500000000,0.220000000000,0.141100000000,0.240100000000,0.249400000000,0.160500000000,0.163200000000,0.189000000000,0.183800000000,0.135900000000,0.138400000000,0.133200000000,0.132600000000,0.220100000000,0.210000000000,0.240000000000,0.249400000000,0.160600000000,0.163300000000,0.189000000000,0.183800000000,0.135900000000,0.138400000000,0.133100000000,0.132600000000,0.220000000000,0.210000000000,0.153100000000,0.249400000000,0.160400000000,0.163200000000,0.188800000000,0.183600000000,0.135800000000,0.138300000000,0.133200000000,0.132500000000,0.220000000000,0.210000000000,0.153100000000,0.150500000000,0.160500000000,0.163200000000,0.189000000000,0.183900000000,0.135800000000,0.138400000000,0.133100000000,0.132700000000,0.220100000000,0.210100000000,0.153100000000,0.150600000000,0.134500000000,0.163200000000,0.189000000000,0.183800000000,0.135900000000,0.138300000000,0.133100000000,0.132500000000,0.220100000000,0.210000000000,0.153000000000,0.150500000000,0.134400000000,0.141100000000,0.188900000000,0.183700000000,0.135900000000,0.138300000000,0.133100000000,0.132600000000,0.220000000000,0.209900000000,0.153000000000,0.150500000000,0.134500000000,0.141200000000,0.240200000000,0.183400000000,0.135800000000,0.138200000000,0.133200000000,0.132500000000,0.220100000000,0.209900000000,0.153100000000,0.150400000000,0.134400000000,0.141200000000,0.240200000000,0.249700000000,0.135900000000,0.138400000000,0.133100000000,0.132600000000,0.220000000000,0.209900000000,0.153100000000,0.150600000000,0.134500000000,0.141100000000,0.240400000000,0.249700000000,0.160500000000,0.138300000000,0.133200000000,0.132600000000,0.219900000000,0.209800000000,0.153100000000,0.150500000000,0.134500000000,0.141100000000,0.240300000000,0.249500000000,0.160500000000,0.163100000000,335.8564707989999
baseline,22,51.923077,21.017094,1.0,51.92,21.02,341.03310778500054,0,,0.132600000000,0.133900000000,0.220600000000,0.210600000000,0.154800000000,0.153800000000,0.136600000000,0.147300000000,0.246700000000,0.251900000000,0.161700000000,0.162800000000,0.189600000000,0.134100000000,0.220800000000,0.210700000000,0.155100000000,0.154000000000,0.136800000000,0.147300000000,0.246700000000,0.251900000000,0.161700000000,0.162900000000,0.189600000000,0.188400000000,0.220500000000,0.210600000000,0.154800000000,0.153600000000,0.136400000000,0.147400000000,0.246700000000,0.252200000000,0.162200000000,0.162800000000,0.189600000000,0.188300000000,0.135900000000,0.210200000000,0.154600000000,0.153100000000,0.136200000000,0.146900000000,0.246000000000,0.251800000000,0.161700000000,0.162800000000,0.189600000000,0.188400000000,0.135900000000,0.138400000000,0.154600000000,0.153500000000,0.136200000000,0.147200000000,0.246400000000,0.252000000000,0.161800000000,0.162800000000,0.189400000000,0.188300000000,0.135900000000,0.138400000000,0.132700000000,0.153200000000,0.135900000000,0.147100000000,0.246200000000,0.252100000000,0.162000000000,0.162800000000,0.189600000000,0.188400000000,0.135900000000,0.138300000000,0.132700000000,0.133800000000,0.135700000000,0.147000000000,0.246300000000,0.252200000000,0.162100000000,0.162800000000,0.189400000000,0.188300000000,0.135700000000,0.138300000000,0.132700000000,0.133900000000,0.220500000000,0.147000000000,0.246200000000,0.252400000000,0.162200000000,0.162700000000,0.189700000000,0.188400000000,0.135800000000,0.138400000000,0.132700000000,0.133800000000,0.220200000000,0.209900000000,0.246400000000,0.252400000000,0.162200000000,0.162700000000,0.189500000000,0.188200000000,0.135900000000,0.138400000000,0.132800000000,0.133900000000,0.220400000000,0.210200000000,0.154700000000,0.251800000000,0.161500000000,0.162800000000,0.189500000000,0.188400000000,0.136000000000,0.138500000000,0.132700000000,0.133900000000,0.220200000000,0.210100000000,0.154800000000,0.153000000000,0.160800000000,0.162800000000,0.189400000000,0.188100000000,0.135900000000,0.138600000000,0.132700000000,0.133900000000,0.220400000000,0.210100000000,0.154800000000,0.153200000000,0.135800000000,0.162700000000,0.189300000000,0.188100000000,0.135900000000,0.138600000000,0.132700000000,0.133900000000,0.220400000000,0.210300000000,0.154800000000,0.153100000000,0.135800000000,0.146900000000,0.189300000000,0.188000000000,0.135900000000,0.138400000000,0.132700000000,0.133900000000,0.220400000000,0.210300000000,0.154800000000,0.153100000000,0.136000000000,0.146700000000,0.245700000000,0.188100000000,0.136000000000,0.138500000000,0.132700000000,0.134100000000,0.220500000000,0.210200000000,0.155000000000,0.153200000000,0.135900000000,0.146800000000,0.245900000000,0.251800000000,0.136000000000,0.138600000000,0.132700000000,0.134200000000,0.220400000000,0.210300000000,0.155100000000,0.153300000000,0.135900000000,0.146600000000,0.245700000000,0.252200000000,0.162100000000,0.138500000000,0.132600000000,0.134000000000,0.220500000000,0.210200000000,0.155000000000,0.153200000000,0.135800000000,0.146800000000,0.246000000000,0.252000000000,0.162100000000,0.162600000000,341.0506445640003
contact,22,51.923077,21.017094,1.0,51.92,21.02,341.03310778500054,1.0315,348.77341548799996,0.133500000000,0.134200000000,0.227000000000,0.216900000000,0.157400000000,0.155700000000,0.136800000000,0.147300000000,0.243200000000,0.249700000000,0.160600000000,0.161500000000,0.186900000000,0.134100000000,0.227000000000,0.216900000000,0.157400000000,0.155800000000,0.136800000000,0.147300000000,0.243100000000,0.249800000000,0.160700000000,0.161600000000,0.186900000000,0.184700000000,0.227100000000,0.217100000000,0.157300000000,0.155800000000,0.136800000000,0.147400000000,0.243200000000,0.249800000000,0.160800000000,0.161600000000,0.186900000000,0.184700000000,0.137700000000,0.217100000000,0.157400000000,0.155800000000,0.136800000000,0.147300000000,0.243300000000,0.249700000000,0.160700000000,0.161500000000,0.186800000000,0.184600000000,0.137500000000,0.140100000000,0.157300000000,0.155800000000,0.136800000000,0.147300000000,0.243200000000,0.249700000000,0.160800000000,0.161500000000,0.186700000000,0.184500000000,0.137400000000,0.139900000000,0.133400000000,0.155800000000,0.136800000000,0.147300000000,0.243200000000,0.249700000000,0.160600000000,0.161500000000,0.186800000000,0.184600000000,0.137500000000,0.140200000000,0.133300000000,0.134100000000,0.136800000000,0.147200000000,0.243300000000,0.249600000000,0.160800000000,0.161400000000,0.186700000000,0.184500000000,0.137500000000,0.140000000000,0.133400000000,0.134100000000,0.227100000000,0.147300000000,0.243200000000,0.249800000000,0.160700000000,0.161600000000,0.186900000000,0.184700000000,0.137500000000,0.140100000000,0.133400000000,0.134100000000,0.227200000000,0.217100000000,0.243100000000,0.249600000000,0.160800000000,0.161400000000,0.186800000000,0.184700000000,0.137600000000,0.140100000000,0.133400000000,0.134100000000,0.227200000000,0.217300000000,0.157300000000,0.249700000000,0.160700000000,0.161500000000,0.186800000000,0.184600000000,0.137500000000,0.140100000000,0.133400000000,0.134100000000,0.227400000000,0.217300000000,0.157300000000,0.155700000000,0.160700000000,0.161500000000,0.186900000000,0.184800000000,0.137500000000,0.140000000000,0.133500000000,0.134100000000,0.227400000000,0.217400000000,0.157300000000,0.155700000000,0.136800000000,0.161500000000,0.186900000000,0.184800000000,0.137500000000,0.140000000000,0.133400000000,0.134100000000,0.227600000000,0.217300000000,0.157300000000,0.155700000000,0.136900000000,0.147300000000,0.186900000000,0.184700000000,0.137600000000,0.140100000000,0.133400000000,0.134200000000,0.227500000000,0.217200000000,0.157300000000,0.155900000000,0.136800000000,0.147400000000,0.243200000000,0.184800000000,0.137500000000,0.140100000000,0.133400000000,0.134000000000,0.227500000000,0.217300000000,0.157400000000,0.155800000000,0.136700000000,0.147300000000,0.243200000000,0.249700000000,0.137500000000,0.140000000000,0.133400000000,0.134100000000,0.227400000000,0.217100000000,0.157300000000,0.155800000000,0.136800000000,0.147300000000,0.243200000000,0.249700000000,0.160700000000,0.140000000000,0.133400000000,0.134100000000,0.227400000000,0.217500000000,0.157400000000,0.155900000000,0.136800000000,0.147400000000,0.243200000000,0.249700000000,0.160700000000,0.161500000000,349.920138724
baseline,23,84.74359,26.344729,1.0,84.74,26.34,353.88028677700004,0,,0.133300000000,0.133800000000,0.229800000000,0.220000000000,0.158400000000,0.157200000000,0.138200000000,0.145100000000,0.240200000000,0.247100000000,0.158300000000,0.160500000000,0.184400000000,0.133900000000,0.230000000000,0.220300000000,0.158800000000,0.157400000000,0.138100000000,0.144900000000,0.240100000000,0.247200000000,0.158500000000,0.160500000000,0.184400000000,0.182600000000,0.229900000000,0.220300000000,0.158500000000,0.157000000000,0.137800000000,0.144900000000,0.240100000000,0.247200000000,0.158400000000,0.160400000000,0.184300000000,0.182600000000,0.136100000000,0.220000000000,0.158200000000,0.156700000000,0.137800000000,0.144900000000,0.240000000000,0.247200000000,0.158300000000,0.160400000000,0.184200000000,0.182500000000,0.136200000000,0.138800000000,0.158200000000,0.157300000000,0.137800000000,0.144800000000,0.240100000000,0.247200000000,0.158100000000,0.160300000000,0.184300000000,0.182600000000,0.136200000000,0.138800000000,0.133000000000,0.156600000000,0.137500000000,0.145000000000,0.240100000000,0.246700000000,0.158000000000,0.160300000000,0.184300000000,0.182500000000,0.136200000000,0.138800000000,0.133100000000,0.133600000000,0.137600000000,0.144900000000,0.240400000000,0.246900000000,0.157800000000,0.160300000000,0.184200000000,0.182500000000,0.136100000000,0.138800000000,0.133100000000,0.133500000000,0.229700000000,0.144800000000,0.240100000000,0.246800000000,0.157800000000,0.160300000000,0.184200000000,0.182500000000,0.136100000000,0.138800000000,0.133100000000,0.133500000000,0.229800000000,0.220200000000,0.240200000000,0.247000000000,0.157900000000,0.160100000000,0.184300000000,0.182600000000,0.136000000000,0.138900000000,0.133100000000,0.133400000000,0.229900000000,0.220000000000,0.157900000000,0.247300000000,0.158100000000,0.160100000000,0.184200000000,0.182500000000,0.136000000000,0.138800000000,0.133000000000,0.133600000000,0.230300000000,0.220500000000,0.158200000000,0.156700000000,0.158200000000,0.160100000000,0.184100000000,0.182400000000,0.136000000000,0.138800000000,0.133100000000,0.133400000000,0.230200000000,0.220100000000,0.158100000000,0.156600000000,0.137300000000,0.160100000000,0.184200000000,0.182500000000,0.136000000000,0.138800000000,0.133100000000,0.133500000000,0.230100000000,0.220100000000,0.158100000000,0.157000000000,0.137500000000,0.144800000000,0.184200000000,0.182600000000,0.135900000000,0.138800000000,0.133000000000,0.133500000000,0.230000000000,0.220100000000,0.158000000000,0.156700000000,0.137400000000,0.144800000000,0.240000000000,0.182600000000,0.135900000000,0.138700000000,0.133000000000,0.133500000000,0.230000000000,0.220100000000,0.157900000000,0.156600000000,0.137400000000,0.144800000000,0.240100000000,0.246800000000,0.136100000000,0.138600000000,0.133000000000,0.133500000000,0.230100000000,0.220300000000,0.158100000000,0.156700000000,0.137500000000,0.144700000000,0.240100000000,0.246800000000,0.157800000000,0.138700000000,0.133000000000,0.133400000000,0.229800000000,0.219900000000,0.158100000000,0.156400000000,0.137100000000,0.144800000000,0.240000000000,0.246800000000,0.157700000000,0.160100000000,354.0319601350002
contact,23,84.74359,26.344729,1.0,84.74,26.34,353.88028677700004,1.1957,361.3048139929997,0.133600000000,0.132200000000,0.299600000000,0.291500000000,0.149100000000,0.148100000000,0.114200000000,0.122400000000,0.252500000000,0.261000000000,0.157600000000,0.159700000000,0.184900000000,0.132000000000,0.299300000000,0.291500000000,0.149000000000,0.148200000000,0.114300000000,0.122500000000,0.252500000000,0.260900000000,0.157500000000,0.159600000000,0.184900000000,0.182100000000,0.299500000000,0.291600000000,0.149100000000,0.148200000000,0.114300000000,0.122500000000,0.252600000000,0.261100000000,0.157600000000,0.159700000000,0.184800000000,0.182200000000,0.135800000000,0.291200000000,0.149100000000,0.148200000000,0.114300000000,0.122600000000,0.252500000000,0.260900000000,0.157500000000,0.159700000000,0.184800000000,0.182100000000,0.135700000000,0.138300000000,0.149100000000,0.148200000000,0.114300000000,0.122500000000,0.252600000000,0.261000000000,0.157500000000,0.159700000000,0.184900000000,0.182200000000,0.135800000000,0.138400000000,0.133700000000,0.148200000000,0.114300000000,0.122600000000,0.252700000000,0.261100000000,0.157600000000,0.159600000000,0.184900000000,0.182300000000,0.135800000000,0.138500000000,0.133600000000,0.132100000000,0.114100000000,0.122300000000,0.252600000000,0.261000000000,0.157500000000,0.159600000000,0.184800000000,0.182200000000,0.135800000000,0.138400000000,0.133600000000,0.132000000000,0.299300000000,0.122400000000,0.252700000000,0.261100000000,0.157600000000,0.159600000000,0.184900000000,0.182200000000,0.135900000000,0.138300000000,0.133600000000,0.132100000000,0.299500000000,0.291400000000,0.252600000000,0.261100000000,0.157600000000,0.159600000000,0.184800000000,0.182200000000,0.135700000000,0.138400000000,0.133600000000,0.132100000000,0.299500000000,0.291500000000,0.148900000000,0.261200000000,0.157500000000,0.159600000000,0.184800000000,0.182200000000,0.135700000000,0.138300000000,0.133700000000,0.131900000000,0.299500000000,0.291600000000,0.149000000000,0.148100000000,0.157600000000,0.159600000000,0.184800000000,0.182100000000,0.135800000000,0.138400000000,0.133700000000,0.132000000000,0.299600000000,0.291700000000,0.149000000000,0.148300000000,0.114200000000,0.159600000000,0.184800000000,0.182100000000,0.135700000000,0.138500000000,0.133600000000,0.132000000000,0.299500000000,0.291600000000,0.149000000000,0.148200000000,0.114300000000,0.122500000000,0.184700000000,0.181900000000,0.135800000000,0.138400000000,0.133700000000,0.131900000000,0.299600000000,0.291600000000,0.148900000000,0.148200000000,0.114200000000,0.122400000000,0.252700000000,0.182000000000,0.135700000000,0.138400000000,0.133700000000,0.132000000000,0.299500000000,0.291300000000,0.149000000000,0.148200000000,0.114100000000,0.122300000000,0.252600000000,0.261000000000,0.135700000000,0.138300000000,0.133600000000,0.132100000000,0.299300000000,0.291400000000,0.148900000000,0.148100000000,0.114100000000,0.122300000000,0.252600000000,0.261000000000,0.157500000000,0.138300000000,0.133600000000,0.132100000000,0.299600000000,0.291700000000,0.148900000000,0.148100000000,0.114000000000,0.122200000000,0.252600000000,0.260900000000,0.157500000000,0.159600000000,362.47103354200044
baseline,24,86.384615,24.589744,3.0,86.38,24.59,364.0958576160001,0,,0.132600000000,0.133300000000,0.303000000000,0.293900000000,0.167400000000,0.165900000000,0.145200000000,0.153500000000,0.249000000000,0.253400000000,0.157600000000,0.160100000000,0.184200000000,0.133800000000,0.303100000000,0.293900000000,0.167400000000,0.165500000000,0.144500000000,0.151400000000,0.246800000000,0.253300000000,0.157500000000,0.159800000000,0.183900000000,0.180900000000,0.303100000000,0.293600000000,0.167100000000,0.166200000000,0.145700000000,0.153600000000,0.247400000000,0.253700000000,0.157800000000,0.160200000000,0.184300000000,0.181000000000,0.135400000000,0.294600000000,0.167800000000,0.166200000000,0.146000000000,0.154200000000,0.249300000000,0.253900000000,0.158100000000,0.160200000000,0.184400000000,0.181000000000,0.135400000000,0.137900000000,0.167900000000,0.165900000000,0.145400000000,0.153800000000,0.249100000000,0.253900000000,0.158200000000,0.160200000000,0.184300000000,0.180900000000,0.135300000000,0.138000000000,0.132800000000,0.166200000000,0.145500000000,0.153500000000,0.248900000000,0.253900000000,0.158100000000,0.160100000000,0.184300000000,0.180900000000,0.135400000000,0.137900000000,0.132700000000,0.133900000000,0.145100000000,0.153800000000,0.249000000000,0.253700000000,0.157900000000,0.160200000000,0.184200000000,0.181100000000,0.135500000000,0.138100000000,0.132900000000,0.133800000000,0.303400000000,0.153800000000,0.249000000000,0.253800000000,0.158100000000,0.160100000000,0.184100000000,0.180900000000,0.135400000000,0.137900000000,0.132800000000,0.133700000000,0.303400000000,0.294000000000,0.249000000000,0.254100000000,0.158400000000,0.160200000000,0.184200000000,0.181100000000,0.135600000000,0.138300000000,0.133200000000,0.133900000000,0.303000000000,0.293400000000,0.169500000000,0.254200000000,0.158400000000,0.160100000000,0.184000000000,0.181000000000,0.135600000000,0.138300000000,0.133100000000,0.133700000000,0.303200000000,0.293800000000,0.169700000000,0.167300000000,0.158400000000,0.160100000000,0.184100000000,0.181000000000,0.135600000000,0.138100000000,0.133100000000,0.133700000000,0.303200000000,0.293600000000,0.169800000000,0.167500000000,0.144800000000,0.160100000000,0.184200000000,0.181100000000,0.135600000000,0.138200000000,0.133000000000,0.133800000000,0.303400000000,0.293800000000,0.170000000000,0.167500000000,0.144400000000,0.153600000000,0.184100000000,0.180700000000,0.135300000000,0.137800000000,0.132600000000,0.133900000000,0.303300000000,0.293700000000,0.169800000000,0.167500000000,0.144400000000,0.153700000000,0.248900000000,0.180800000000,0.135500000000,0.138100000000,0.133000000000,0.133700000000,0.303100000000,0.293700000000,0.169900000000,0.167500000000,0.144500000000,0.153800000000,0.248800000000,0.253900000000,0.135400000000,0.138000000000,0.132700000000,0.133800000000,0.303300000000,0.293800000000,0.169900000000,0.167400000000,0.144400000000,0.153600000000,0.248700000000,0.253700000000,0.158300000000,0.138200000000,0.133000000000,0.133800000000,0.303300000000,0.293900000000,0.169900000000,0.167500000000,0.144300000000,0.153700000000,0.248700000000,0.253900000000,0.158200000000,0.160000000000,364.2020474760002
contact,24,86.384615,24.589744,3.0,86.38,24.59,364.0958576160001,3.088,374.88998039499984,0.132300000000,0.131800000000,0.301500000000,0.293200000000,0.162400000000,0.162300000000,0.129100000000,0.140500000000,0.257500000000,0.261600000000,0.158100000000,0.160000000000,0.188100000000,0.131900000000,0.301800000000,0.293300000000,0.162400000000,0.162300000000,0.129000000000,0.140600000000,0.257600000000,0.261700000000,0.158000000000,0.160000000000,0.188100000000,0.182900000000,0.301700000000,0.293200000000,0.162300000000,0.162400000000,0.129200000000,0.140700000000,0.257600000000,0.261800000000,0.158000000000,0.160100000000,0.188200000000,0.183000000000,0.134800000000,0.293000000000,0.162300000000,0.162300000000,0.129100000000,0.140500000000,0.257800000000,0.261700000000,0.158100000000,0.160000000000,0.188100000000,0.183000000000,0.134600000000,0.137400000000,0.162400000000,0.162300000000,0.129100000000,0.140500000000,0.257600000000,0.261600000000,0.158000000000,0.160000000000,0.188100000000,0.183000000000,0.134700000000,0.137300000000,0.132300000000,0.162300000000,0.129100000000,0.140500000000,0.257700000000,0.261700000000,0.158000000000,0.160100000000,0.188200000000,0.183100000000,0.134700000000,0.137300000000,0.132300000000,0.131800000000,0.129100000000,0.140600000000,0.257700000000,0.261700000000,0.158100000000,0.160000000000,0.188100000000,0.183000000000,0.134900000000,0.137300000000,0.132400000000,0.131700000000,0.301400000000,0.140500000000,0.257700000000,0.261700000000,0.158000000000,0.160100000000,0.188100000000,0.183000000000,0.134600000000,0.137200000000,0.132300000000,0.131800000000,0.301200000000,0.292600000000,0.257600000000,0.261800000000,0.158000000000,0.160000000000,0.188100000000,0.183000000000,0.134800000000,0.137300000000,0.132400000000,0.131800000000,0.301000000000,0.292500000000,0.162300000000,0.261700000000,0.158000000000,0.160100000000,0.188100000000,0.183000000000,0.134800000000,0.137300000000,0.132300000000,0.131800000000,0.301000000000,0.292600000000,0.162300000000,0.162200000000,0.158000000000,0.160100000000,0.188100000000,0.182900000000,0.134700000000,0.137200000000,0.132300000000,0.131700000000,0.300700000000,0.292200000000,0.162300000000,0.162200000000,0.129100000000,0.160100000000,0.187900000000,0.182900000000,0.134700000000,0.137300000000,0.132300000000,0.131800000000,0.300800000000,0.292400000000,0.162200000000,0.162200000000,0.129000000000,0.140300000000,0.188100000000,0.182900000000,0.134700000000,0.137400000000,0.132400000000,0.131900000000,0.301000000000,0.292300000000,0.162200000000,0.162100000000,0.129000000000,0.140400000000,0.257600000000,0.183000000000,0.134700000000,0.137400000000,0.132300000000,0.131900000000,0.301000000000,0.292700000000,0.162100000000,0.162100000000,0.129000000000,0.140600000000,0.257700000000,0.261700000000,0.134700000000,0.137300000000,0.132300000000,0.131700000000,0.301400000000,0.292800000000,0.162200000000,0.162100000000,0.128900000000,0.140400000000,0.257600000000,0.261700000000,0.158000000000,0.137200000000,0.132400000000,0.131800000000,0.301300000000,0.292900000000,0.162200000000,0.162300000000,0.128900000000,0.140500000000,0.257700000000,0.261700000000,0.158000000000,0.160000000000,376.10112992700033
baseline,25,63.410256,15.39886,1.0,63.41,15.4,379.49180636500023,0,,0.133700000000,0.135400000000,0.304100000000,0.295700000000,0.201500000000,0.198900000000,0.144800000000,0.154200000000,0.254300000000,0.260600000000,0.163800000000,0.164000000000,0.185800000000,0.135000000000,0.304100000000,0.295000000000,0.202600000000,0.200500000000,0.145200000000,0.154100000000,0.254400000000,0.260600000000,0.164100000000,0.164200000000,0.185700000000,0.181200000000,0.304100000000,0.295600000000,0.203600000000,0.201300000000,0.145100000000,0.154100000000,0.254200000000,0.260600000000,0.164200000000,0.164200000000,0.185800000000,0.181200000000,0.136000000000,0.295800000000,0.204300000000,0.201800000000,0.145300000000,0.154100000000,0.254200000000,0.260600000000,0.164400000000,0.164600000000,0.185700000000,0.181600000000,0.136400000000,0.139400000000,0.205800000000,0.203200000000,0.145000000000,0.154000000000,0.254100000000,0.260400000000,0.164600000000,0.164800000000,0.185900000000,0.181400000000,0.136200000000,0.138800000000,0.133500000000,0.204100000000,0.144600000000,0.153900000000,0.254000000000,0.260300000000,0.164500000000,0.164800000000,0.185800000000,0.181500000000,0.136300000000,0.139000000000,0.133600000000,0.135100000000,0.144400000000,0.153700000000,0.254100000000,0.260400000000,0.164600000000,0.164900000000,0.185800000000,0.181400000000,0.136200000000,0.139100000000,0.133800000000,0.135400000000,0.304400000000,0.153900000000,0.254200000000,0.260400000000,0.164900000000,0.165100000000,0.185900000000,0.181400000000,0.136300000000,0.139000000000,0.133600000000,0.135500000000,0.304300000000,0.296100000000,0.254100000000,0.260200000000,0.164800000000,0.165200000000,0.185800000000,0.181400000000,0.136300000000,0.139100000000,0.133600000000,0.135600000000,0.304800000000,0.296000000000,0.208900000000,0.259900000000,0.164800000000,0.165200000000,0.185800000000,0.181500000000,0.136600000000,0.139000000000,0.133800000000,0.135500000000,0.304500000000,0.295800000000,0.210400000000,0.208100000000,0.164900000000,0.165300000000,0.186000000000,0.181500000000,0.136300000000,0.139100000000,0.133700000000,0.135600000000,0.304400000000,0.296000000000,0.212600000000,0.209900000000,0.145100000000,0.165100000000,0.186000000000,0.181300000000,0.136300000000,0.139000000000,0.133700000000,0.135500000000,0.304400000000,0.296000000000,0.214400000000,0.213000000000,0.145000000000,0.153900000000,0.186100000000,0.181400000000,0.136400000000,0.139100000000,0.133800000000,0.135400000000,0.304300000000,0.295600000000,0.215600000000,0.212000000000,0.145100000000,0.154000000000,0.253900000000,0.181500000000,0.136300000000,0.139000000000,0.133700000000,0.135500000000,0.304400000000,0.295700000000,0.215500000000,0.214300000000,0.145200000000,0.154100000000,0.253800000000,0.260000000000,0.136400000000,0.139000000000,0.133700000000,0.135500000000,0.304300000000,0.295500000000,0.214800000000,0.209800000000,0.145300000000,0.154100000000,0.253800000000,0.259800000000,0.164300000000,0.139100000000,0.133600000000,0.135500000000,0.304200000000,0.295500000000,0.212300000000,0.211900000000,0.145200000000,0.154000000000,0.253700000000,0.259800000000,0.164300000000,0.164900000000,379.56410412400055
contact,25,63.410256,15.39886,1.0,63.41,15.4,379.49180636500023,1.0893,386.93843776999984,0.133100000000,0.133700000000,0.278600000000,0.268200000000,0.224500000000,0.222400000000,0.140900000000,0.147300000000,0.242700000000,0.250200000000,0.160500000000,0.162000000000,0.182600000000,0.133700000000,0.278400000000,0.268300000000,0.224300000000,0.222600000000,0.140900000000,0.147200000000,0.242500000000,0.250300000000,0.160500000000,0.162000000000,0.182600000000,0.179700000000,0.278400000000,0.268300000000,0.224500000000,0.222400000000,0.141000000000,0.147200000000,0.242500000000,0.250300000000,0.160500000000,0.162000000000,0.182600000000,0.179900000000,0.136500000000,0.268400000000,0.225000000000,0.222900000000,0.141300000000,0.147200000000,0.242600000000,0.250100000000,0.160500000000,0.162100000000,0.182500000000,0.179800000000,0.136600000000,0.139300000000,0.224700000000,0.222900000000,0.141300000000,0.147100000000,0.242600000000,0.250200000000,0.160500000000,0.162100000000,0.182600000000,0.179700000000,0.136600000000,0.139300000000,0.133100000000,0.222900000000,0.141300000000,0.147100000000,0.242500000000,0.250000000000,0.160400000000,0.162100000000,0.182600000000,0.179700000000,0.136600000000,0.139300000000,0.133200000000,0.133700000000,0.141100000000,0.147200000000,0.242400000000,0.250300000000,0.160400000000,0.162000000000,0.182400000000,0.179900000000,0.136500000000,0.139300000000,0.133200000000,0.133700000000,0.278300000000,0.147100000000,0.242300000000,0.250000000000,0.160500000000,0.161900000000,0.182600000000,0.179800000000,0.136700000000,0.139400000000,0.133200000000,0.133600000000,0.278100000000,0.267900000000,0.242400000000,0.250000000000,0.160500000000,0.162000000000,0.182500000000,0.179800000000,0.136500000000,0.139200000000,0.133100000000,0.133700000000,0.278200000000,0.267800000000,0.224600000000,0.250200000000,0.160400000000,0.162000000000,0.182500000000,0.180000000000,0.136600000000,0.139200000000,0.133100000000,0.133600000000,0.278200000000,0.267900000000,0.224700000000,0.222700000000,0.160500000000,0.162000000000,0.182400000000,0.179800000000,0.136700000000,0.139300000000,0.133100000000,0.133700000000,0.278400000000,0.268300000000,0.224800000000,0.223000000000,0.141000000000,0.162000000000,0.182400000000,0.179800000000,0.136600000000,0.139300000000,0.133200000000,0.133800000000,0.278300000000,0.268100000000,0.224900000000,0.223300000000,0.140800000000,0.147200000000,0.182500000000,0.179800000000,0.136600000000,0.139300000000,0.133100000000,0.133800000000,0.278500000000,0.268000000000,0.225100000000,0.223200000000,0.141000000000,0.147100000000,0.242500000000,0.179800000000,0.136400000000,0.139200000000,0.133100000000,0.133600000000,0.278300000000,0.268100000000,0.224900000000,0.225400000000,0.141000000000,0.147300000000,0.242500000000,0.250200000000,0.136500000000,0.139200000000,0.133100000000,0.133700000000,0.278500000000,0.268200000000,0.227200000000,0.226700000000,0.141000000000,0.147100000000,0.242300000000,0.250100000000,0.160600000000,0.139300000000,0.133200000000,0.133700000000,0.278600000000,0.268200000000,0.223400000000,0.221700000000,0.141000000000,0.147100000000,0.242200000000,0.250100000000,0.160600000000,0.162000000000,388.0018574559999
baseline,26,111.0,29.0,4.0,111.0,29.0,393.1670371580003,0,,0.133900000000,0.133900000000,0.283400000000,0.273600000000,0.292400000000,0.298200000000,0.139300000000,0.149200000000,0.245200000000,0.252000000000,0.157100000000,0.158500000000,0.184000000000,0.133600000000,0.282900000000,0.273500000000,0.306100000000,0.320800000000,0.138600000000,0.144900000000,0.241400000000,0.251100000000,0.156400000000,0.158300000000,0.183900000000,0.181400000000,0.283400000000,0.273000000000,0.218800000000,0.201300000000,0.141200000000,0.149700000000,0.245600000000,0.252300000000,0.157400000000,0.158500000000,0.184000000000,0.181300000000,0.135900000000,0.272300000000,0.201900000000,0.198900000000,0.138100000000,0.144500000000,0.241100000000,0.251700000000,0.156900000000,0.157900000000,0.183100000000,0.181300000000,0.136000000000,0.139200000000,0.202800000000,0.198400000000,0.137700000000,0.144000000000,0.241100000000,0.251500000000,0.156600000000,0.157600000000,0.183100000000,0.181000000000,0.135800000000,0.138800000000,0.133900000000,0.198300000000,0.137600000000,0.144500000000,0.240800000000,0.251400000000,0.156600000000,0.157800000000,0.183100000000,0.181000000000,0.135900000000,0.139000000000,0.134100000000,0.134000000000,0.140300000000,0.149800000000,0.245700000000,0.252300000000,0.156900000000,0.158300000000,0.183800000000,0.181400000000,0.136100000000,0.139400000000,0.134400000000,0.133600000000,0.283100000000,0.149800000000,0.245500000000,0.251900000000,0.156900000000,0.158600000000,0.183900000000,0.181500000000,0.136400000000,0.138600000000,0.133200000000,0.134200000000,0.283500000000,0.273000000000,0.246000000000,0.251600000000,0.157500000000,0.160000000000,0.184700000000,0.181500000000,0.136200000000,0.139300000000,0.134400000000,0.134300000000,0.283000000000,0.273000000000,0.203600000000,0.251400000000,0.157400000000,0.160000000000,0.183700000000,0.181600000000,0.136100000000,0.139300000000,0.134400000000,0.133500000000,0.282400000000,0.273400000000,0.203900000000,0.200500000000,0.156600000000,0.160000000000,0.183900000000,0.181700000000,0.136300000000,0.139500000000,0.134700000000,0.133700000000,0.282200000000,0.272300000000,0.202700000000,0.199600000000,0.139400000000,0.160400000000,0.183900000000,0.181100000000,0.136000000000,0.139500000000,0.134700000000,0.133900000000,0.277500000000,0.271700000000,0.201100000000,0.197400000000,0.135700000000,0.142900000000,0.183400000000,0.177700000000,0.133300000000,0.127300000000,0.126100000000,0.126000000000,0.273000000000,0.269400000000,0.199800000000,0.197200000000,0.136000000000,0.146100000000,0.242000000000,0.177000000000,0.131800000000,0.129000000000,0.128400000000,0.125000000000,0.272500000000,0.269400000000,0.199600000000,0.197900000000,0.135100000000,0.141500000000,0.238100000000,0.251200000000,0.132700000000,0.136300000000,0.133900000000,0.132100000000,0.280000000000,0.271400000000,0.202800000000,0.198000000000,0.138500000000,0.147200000000,0.243100000000,0.251400000000,0.159200000000,0.139100000000,0.134400000000,0.133000000000,0.281000000000,0.271700000000,0.201600000000,0.198300000000,0.137800000000,0.145100000000,0.241400000000,0.250700000000,0.158300000000,0.161400000000,393.1951169640006
contact,26,111.0,29.0,4.0,111.0,29.0,393.1670371580003,4.5139,403.4821019709998,0.129800000000,0.131800000000,0.282000000000,0.272000000000,0.203500000000,0.201300000000,0.139100000000,0.146700000000,0.282100000000,0.288300000000,0.130000000000,0.131500000000,0.244900000000,0.131900000000,0.281700000000,0.272000000000,0.203500000000,0.201400000000,0.139200000000,0.146900000000,0.282100000000,0.288200000000,0.129900000000,0.131500000000,0.244800000000,0.228200000000,0.281700000000,0.271900000000,0.203600000000,0.201400000000,0.139200000000,0.146800000000,0.282200000000,0.288300000000,0.129800000000,0.131500000000,0.244900000000,0.228200000000,0.132300000000,0.271700000000,0.203600000000,0.201400000000,0.139300000000,0.146800000000,0.282100000000,0.288200000000,0.129900000000,0.131600000000,0.244800000000,0.228200000000,0.132200000000,0.134900000000,0.203600000000,0.201300000000,0.139100000000,0.146700000000,0.282200000000,0.288300000000,0.129900000000,0.131500000000,0.245100000000,0.228400000000,0.132000000000,0.134800000000,0.129700000000,0.201400000000,0.139200000000,0.146800000000,0.282100000000,0.288200000000,0.129900000000,0.131400000000,0.245100000000,0.228400000000,0.132100000000,0.134700000000,0.129700000000,0.131900000000,0.139200000000,0.146800000000,0.282100000000,0.288200000000,0.129900000000,0.131500000000,0.245100000000,0.228400000000,0.132200000000,0.134900000000,0.129600000000,0.131900000000,0.281800000000,0.146800000000,0.282100000000,0.288200000000,0.130000000000,0.131500000000,0.245100000000,0.228300000000,0.132100000000,0.134700000000,0.129800000000,0.131900000000,0.281800000000,0.272000000000,0.282200000000,0.288300000000,0.129900000000,0.131400000000,0.245100000000,0.228400000000,0.132100000000,0.134800000000,0.129600000000,0.131800000000,0.281800000000,0.271900000000,0.203600000000,0.288300000000,0.129900000000,0.131400000000,0.245100000000,0.228500000000,0.132100000000,0.134800000000,0.129800000000,0.131900000000,0.281800000000,0.271900000000,0.203600000000,0.201400000000,0.129800000000,0.131400000000,0.245300000000,0.228500000000,0.132200000000,0.134700000000,0.129700000000,0.131800000000,0.281600000000,0.271900000000,0.203700000000,0.201400000000,0.139100000000,0.131500000000,0.245300000000,0.228500000000,0.132100000000,0.134700000000,0.129700000000,0.131900000000,0.281800000000,0.272000000000,0.203700000000,0.201400000000,0.139100000000,0.146800000000,0.245300000000,0.228500000000,0.132200000000,0.134900000000,0.129700000000,0.131900000000,0.281700000000,0.272200000000,0.203700000000,0.201400000000,0.139200000000,0.146800000000,0.282100000000,0.228500000000,0.132100000000,0.134800000000,0.129700000000,0.131800000000,0.281900000000,0.272200000000,0.203600000000,0.201300000000,0.139200000000,0.146800000000,0.281800000000,0.288100000000,0.132100000000,0.134900000000,0.129700000000,0.131800000000,0.281900000000,0.272100000000,0.203600000000,0.201400000000,0.139200000000,0.146900000000,0.282000000000,0.288200000000,0.130000000000,0.134800000000,0.129700000000,0.131700000000,0.281800000000,0.272100000000,0.203600000000,0.201300000000,0.139100000000,0.146800000000,0.282100000000,0.288200000000,0.130100000000,0.131500000000,404.6624650670001
