row_type,measurement_index,target_x_mm,target_y_mm,target_force_N,actual_x_mm,actual_y_mm,position_time_s,actual_force_N,force_time_s,eit_0,eit_1,eit_2,eit_3,eit_4,eit_5,eit_6,eit_7,eit_8,eit_9,eit_10,eit_11,eit_12,eit_13,eit_14,eit_15,eit_16,eit_17,eit_18,eit_19,eit_20,eit_21,eit_22,eit_23,eit_24,eit_25,eit_26,eit_27,eit_28,eit_29,eit_30,eit_31,eit_32,eit_33,eit_34,eit_35,eit_36,eit_37,eit_38,eit_39,eit_40,eit_41,eit_42,eit_43,eit_44,eit_45,eit_46,eit_47,eit_48,eit_49,eit_50,eit_51,eit_52,eit_53,eit_54,eit_55,eit_56,eit_57,eit_58,eit_59,eit_60,eit_61,eit_62,eit_63,eit_64,eit_65,eit_66,eit_67,eit_68,eit_69,eit_70,eit_71,eit_72,eit_73,eit_74,eit_75,eit_76,eit_77,eit_78,eit_79,eit_80,eit_81,eit_82,eit_83,eit_84,eit_85,eit_86,eit_87,eit_88,eit_89,eit_90,eit_91,eit_92,eit_93,eit_94,eit_95,eit_96,eit_97,eit_98,eit_99,eit_100,eit_101,eit_102,eit_103,eit_104,eit_105,eit_106,eit_107,eit_108,eit_109,eit_110,eit_111,eit_112,eit_113,eit_114,eit_115,eit_116,eit_117,eit_118,eit_119,eit_120,eit_121,eit_122,eit_123,eit_124,eit_125,eit_126,eit_127,eit_128,eit_129,eit_130,eit_131,eit_132,eit_133,eit_134,eit_135,eit_136,eit_137,eit_138,eit_139,eit_140,eit_141,eit_142,eit_143,eit_144,eit_145,eit_146,eit_147,eit_148,eit_149,eit_150,eit_151,eit_152,eit_153,eit_154,eit_155,eit_156,eit_157,eit_158,eit_159,eit_160,eit_161,eit_162,eit_163,eit_164,eit_165,eit_166,eit_167,eit_168,eit_169,eit_170,eit_171,eit_172,eit_173,eit_174,eit_175,eit_176,eit_177,eit_178,eit_179,eit_180,eit_181,eit_182,eit_183,eit_184,eit_185,eit_186,eit_187,eit_188,eit_189,eit_190,eit_191,eit_192,eit_193,eit_194,eit_195,eit_196,eit_197,eit_198,eit_199,eit_200,eit_201,eit_202,eit_203,eit_204,eit_205,eit_206,eit_207,eit_time_s
baseline,,,,,,,0.26771712800018577,,,0.131100000000,0.131100000000,0.279400000000,0.268800000000,0.200100000000,0.197300000000,0.134600000000,0.141000000000,0.243900000000,0.254300000000,0.164900000000,0.165800000000,0.191000000000,0.131100000000,0.279300000000,0.268900000000,0.200200000000,0.197400000000,0.134600000000,0.141000000000,0.243900000000,0.254200000000,0.165000000000,0.165800000000,0.190900000000,0.186900000000,0.279500000000,0.268900000000,0.200200000000,0.197400000000,0.134600000000,0.141100000000,0.243800000000,0.254200000000,0.164900000000,0.165900000000,0.191000000000,0.186900000000,0.133800000000,0.268700000000,0.200200000000,0.197400000000,0.134600000000,0.141100000000,0.243800000000,0.254200000000,0.164900000000,0.165800000000,0.191000000000,0.186800000000,0.133800000000,0.136300000000,0.200100000000,0.197400000000,0.134600000000,0.141000000000,0.243800000000,0.254200000000,0.164900000000,0.165800000000,0.191100000000,0.186900000000,0.133800000000,0.136400000000,0.131100000000,0.197400000000,0.134700000000,0.141200000000,0.243900000000,0.254300000000,0.164800000000,0.165800000000,0.191100000000,0.187000000000,0.133700000000,0.136400000000,0.131100000000,0.131100000000,0.134700000000,0.141000000000,0.243900000000,0.254300000000,0.164900000000,0.165800000000,0.191100000000,0.186800000000,0.133800000000,0.136300000000,0.131200000000,0.131100000000,0.279400000000,0.141100000000,0.243900000000,0.254200000000,0.164800000000,0.165700000000,0.191100000000,0.186900000000,0.133900000000,0.136300000000,0.131100000000,0.131100000000,0.279400000000,0.269000000000,0.243800000000,0.254200000000,0.164900000000,0.165900000000,0.190900000000,0.186800000000,0.133800000000,0.136300000000,0.131100000000,0.131100000000,0.279500000000,0.268900000000,0.200200000000,0.254200000000,0.164900000000,0.165800000000,0.191100000000,0.186800000000,0.133800000000,0.136400000000,0.131200000000,0.131200000000,0.279400000000,0.269100000000,0.200100000000,0.197500000000,0.164900000000,0.165800000000,0.191200000000,0.187000000000,0.134000000000,0.136400000000,0.131100000000,0.131200000000,0.279500000000,0.269000000000,0.200300000000,0.197700000000,0.134900000000,0.165800000000,0.191100000000,0.186900000000,0.133800000000,0.136400000000,0.131100000000,0.131200000000,0.279500000000,0.268900000000,0.200300000000,0.197700000000,0.134900000000,0.141800000000,0.191200000000,0.186900000000,0.133900000000,0.136300000000,0.131200000000,0.131200000000,0.279400000000,0.269200000000,0.200300000000,0.197700000000,0.135000000000,0.141900000000,0.244600000000,0.187100000000,0.133800000000,0.136400000000,0.131100000000,0.131300000000,0.279600000000,0.269100000000,0.200300000000,0.197600000000,0.135000000000,0.142000000000,0.244600000000,0.254300000000,0.133700000000,0.136300000000,0.131100000000,0.131300000000,0.279400000000,0.269100000000,0.200300000000,0.197800000000,0.135000000000,0.142000000000,0.244700000000,0.254400000000,0.165000000000,0.136300000000,0.131100000000,0.131300000000,0.279500000000,0.269100000000,0.200400000000,0.197800000000,0.134900000000,0.142000000000,0.244700000000,0.254400000000,0.164900000000,0.165800000000,0.26771712800018577
baseline,1,81.461538,21.119658,1.0,81.46,21.12,34.95233978299984,0,,0.140500000000,0.141200000000,0.196400000000,0.186600000000,0.152100000000,0.148000000000,0.132700000000,0.141600000000,0.251900000000,0.258700000000,0.165100000000,0.167300000000,0.191200000000,0.141100000000,0.198400000000,0.188500000000,0.152000000000,0.146500000000,0.132500000000,0.139500000000,0.248700000000,0.258400000000,0.165000000000,0.167500000000,0.191200000000,0.185500000000,0.196200000000,0.187700000000,0.152900000000,0.147400000000,0.131800000000,0.137700000000,0.249400000000,0.257800000000,0.164500000000,0.167000000000,0.190400000000,0.185600000000,0.143300000000,0.187000000000,0.150400000000,0.147400000000,0.132900000000,0.141800000000,0.251100000000,0.258300000000,0.164600000000,0.167000000000,0.190700000000,0.185600000000,0.143600000000,0.146200000000,0.151800000000,0.146400000000,0.131800000000,0.140700000000,0.248500000000,0.258000000000,0.165200000000,0.167300000000,0.191000000000,0.185700000000,0.143400000000,0.146100000000,0.141000000000,0.147100000000,0.132700000000,0.141000000000,0.251700000000,0.258700000000,0.165100000000,0.167500000000,0.191400000000,0.185600000000,0.143300000000,0.146000000000,0.140700000000,0.140800000000,0.132300000000,0.140200000000,0.251100000000,0.258700000000,0.165400000000,0.167900000000,0.191600000000,0.185800000000,0.143200000000,0.145900000000,0.140700000000,0.141900000000,0.197200000000,0.140700000000,0.250400000000,0.258600000000,0.165100000000,0.167600000000,0.191300000000,0.185700000000,0.143300000000,0.146000000000,0.140700000000,0.142200000000,0.197900000000,0.190100000000,0.252000000000,0.258600000000,0.165500000000,0.167900000000,0.191600000000,0.185700000000,0.143200000000,0.145900000000,0.140400000000,0.141200000000,0.196900000000,0.187900000000,0.151700000000,0.258800000000,0.165400000000,0.167300000000,0.191100000000,0.185800000000,0.143200000000,0.145900000000,0.140600000000,0.140900000000,0.196600000000,0.187300000000,0.151800000000,0.147400000000,0.164600000000,0.167000000000,0.190700000000,0.185800000000,0.143100000000,0.145900000000,0.140400000000,0.140800000000,0.196700000000,0.187600000000,0.151300000000,0.146800000000,0.131800000000,0.167200000000,0.190800000000,0.185800000000,0.143100000000,0.145700000000,0.140000000000,0.140000000000,0.196100000000,0.186400000000,0.150700000000,0.146400000000,0.131600000000,0.139100000000,0.191200000000,0.185900000000,0.143000000000,0.145700000000,0.140000000000,0.140300000000,0.196200000000,0.187100000000,0.151200000000,0.147500000000,0.132400000000,0.140200000000,0.251600000000,0.185900000000,0.143000000000,0.145600000000,0.139900000000,0.140500000000,0.196400000000,0.187100000000,0.151500000000,0.147000000000,0.132000000000,0.138700000000,0.248900000000,0.257900000000,0.143000000000,0.145700000000,0.139800000000,0.140000000000,0.196200000000,0.186700000000,0.151100000000,0.147000000000,0.131900000000,0.139600000000,0.249000000000,0.257000000000,0.164200000000,0.145600000000,0.139700000000,0.139600000000,0.195900000000,0.186300000000,0.150700000000,0.146300000000,0.131200000000,0.138000000000,0.248400000000,0.257400000000,0.165000000000,0.167400000000,35.09434242499992
contact,1,81.461538,21.119658,1.0,81.46,21.12,34.95233978299984,1.1182,53.652446289999716,0.135800000000,0.136300000000,0.186500000000,0.176300000000,0.209600000000,0.204500000000,0.129900000000,0.134200000000,0.247600000000,0.256300000000,0.162700000000,0.165700000000,0.191400000000,0.136500000000,0.186600000000,0.176300000000,0.209600000000,0.205000000000,0.129900000000,0.134400000000,0.247700000000,0.256400000000,0.162700000000,0.165600000000,0.191300000000,0.187400000000,0.186600000000,0.176300000000,0.210000000000,0.204800000000,0.130000000000,0.134300000000,0.247500000000,0.256200000000,0.162700000000,0.165700000000,0.191300000000,0.187500000000,0.137600000000,0.176300000000,0.209200000000,0.204900000000,0.129900000000,0.134300000000,0.247700000000,0.256300000000,0.162800000000,0.165800000000,0.191300000000,0.187400000000,0.137500000000,0.140400000000,0.210500000000,0.205800000000,0.129900000000,0.134300000000,0.247600000000,0.256300000000,0.162900000000,0.165800000000,0.191300000000,0.187500000000,0.137500000000,0.140500000000,0.135800000000,0.205900000000,0.129900000000,0.134400000000,0.247800000000,0.256300000000,0.162800000000,0.165700000000,0.191400000000,0.187500000000,0.137500000000,0.140500000000,0.135700000000,0.136500000000,0.129900000000,0.134500000000,0.247900000000,0.256300000000,0.162900000000,0.165900000000,0.191400000000,0.187400000000,0.137500000000,0.140400000000,0.136000000000,0.136400000000,0.186600000000,0.134700000000,0.248000000000,0.256400000000,0.162900000000,0.165800000000,0.191300000000,0.187500000000,0.137500000000,0.140500000000,0.135900000000,0.136500000000,0.186600000000,0.176400000000,0.248100000000,0.256300000000,0.162800000000,0.165700000000,0.191400000000,0.187500000000,0.137600000000,0.140400000000,0.135800000000,0.136400000000,0.186500000000,0.176500000000,0.211200000000,0.256400000000,0.163000000000,0.165900000000,0.191500000000,0.187400000000,0.137400000000,0.140400000000,0.135800000000,0.136400000000,0.186800000000,0.176500000000,0.211500000000,0.206400000000,0.162900000000,0.165700000000,0.191400000000,0.187300000000,0.137400000000,0.140400000000,0.135900000000,0.136500000000,0.186800000000,0.176500000000,0.211500000000,0.206700000000,0.130200000000,0.165700000000,0.191300000000,0.187300000000,0.137600000000,0.140400000000,0.135600000000,0.136500000000,0.186700000000,0.176500000000,0.212100000000,0.207300000000,0.130200000000,0.135100000000,0.191300000000,0.187300000000,0.137400000000,0.140400000000,0.135800000000,0.136400000000,0.186700000000,0.176400000000,0.211400000000,0.207000000000,0.130300000000,0.135500000000,0.248700000000,0.187400000000,0.137500000000,0.140400000000,0.135800000000,0.136400000000,0.186700000000,0.176500000000,0.211300000000,0.206100000000,0.130500000000,0.135700000000,0.248800000000,0.256400000000,0.137400000000,0.140400000000,0.135800000000,0.136500000000,0.186800000000,0.176600000000,0.210900000000,0.206300000000,0.130500000000,0.135900000000,0.248900000000,0.256400000000,0.163000000000,0.140300000000,0.135800000000,0.136600000000,0.186800000000,0.176600000000,0.211000000000,0.206300000000,0.130500000000,0.135800000000,0.248800000000,0.256300000000,0.163100000000,0.165900000000,54.784771827999975
baseline,2,68.333333,26.62963,2.0,68.33,26.63,57.32872328400026,0,,0.138000000000,0.139000000000,0.187600000000,0.177700000000,0.345000000000,0.339100000000,0.139200000000,0.147600000000,0.250400000000,0.256100000000,0.193100000000,0.195600000000,0.191600000000,0.139100000000,0.187200000000,0.177400000000,0.341600000000,0.336300000000,0.139100000000,0.147400000000,0.250500000000,0.256100000000,0.194600000000,0.196500000000,0.191600000000,0.186900000000,0.187300000000,0.177400000000,0.366300000000,0.366700000000,0.139000000000,0.147400000000,0.250500000000,0.256100000000,0.195200000000,0.197500000000,0.191200000000,0.186900000000,0.139100000000,0.176600000000,0.368600000000,0.372600000000,0.139100000000,0.147600000000,0.250400000000,0.256100000000,0.196900000000,0.199200000000,0.191400000000,0.186900000000,0.139100000000,0.142300000000,0.342200000000,0.338100000000,0.137800000000,0.144100000000,0.247100000000,0.255600000000,0.197800000000,0.200200000000,0.191300000000,0.186700000000,0.139000000000,0.142200000000,0.138000000000,0.368900000000,0.139100000000,0.147500000000,0.250500000000,0.255900000000,0.199400000000,0.201600000000,0.191000000000,0.186800000000,0.139200000000,0.142300000000,0.137800000000,0.138500000000,0.137700000000,0.143900000000,0.245800000000,0.255000000000,0.200100000000,0.202700000000,0.190800000000,0.186600000000,0.139100000000,0.142200000000,0.137800000000,0.138400000000,0.187100000000,0.143500000000,0.246700000000,0.255400000000,0.203000000000,0.205800000000,0.191100000000,0.186800000000,0.139300000000,0.142400000000,0.138200000000,0.139000000000,0.187400000000,0.177100000000,0.247000000000,0.255500000000,0.206400000000,0.209400000000,0.191200000000,0.186900000000,0.139400000000,0.142400000000,0.138600000000,0.139400000000,0.187700000000,0.177400000000,0.154700000000,0.255700000000,0.210000000000,0.213100000000,0.191300000000,0.187000000000,0.139500000000,0.142600000000,0.138700000000,0.139500000000,0.187900000000,0.177500000000,0.155000000000,0.151000000000,0.215200000000,0.218600000000,0.191300000000,0.186800000000,0.139300000000,0.142400000000,0.138200000000,0.139300000000,0.188000000000,0.177600000000,0.154600000000,0.150100000000,0.137000000000,0.224300000000,0.191300000000,0.186900000000,0.139400000000,0.142400000000,0.138200000000,0.139100000000,0.187700000000,0.177100000000,0.154300000000,0.150000000000,0.137100000000,0.145000000000,0.191800000000,0.187000000000,0.139400000000,0.142200000000,0.138300000000,0.139300000000,0.187800000000,0.177500000000,0.154600000000,0.150900000000,0.137800000000,0.144100000000,0.247200000000,0.187300000000,0.139500000000,0.142500000000,0.138300000000,0.139200000000,0.187900000000,0.177500000000,0.154600000000,0.150700000000,0.137700000000,0.144100000000,0.247200000000,0.255700000000,0.139400000000,0.142400000000,0.138500000000,0.139300000000,0.187900000000,0.177600000000,0.154700000000,0.150800000000,0.137800000000,0.144100000000,0.247400000000,0.255600000000,0.276600000000,0.142600000000,0.138500000000,0.139300000000,0.187900000000,0.177600000000,0.154700000000,0.151100000000,0.138100000000,0.145100000000,0.248300000000,0.255700000000,0.290000000000,0.289600000000,57.38070874499954
contact,2,68.333333,26.62963,2.0,68.33,26.63,57.32872328400026,2.1539,66.16207855099947,0.138000000000,0.135800000000,0.149400000000,0.147500000000,0.149600000000,0.146200000000,0.132900000000,0.137600000000,0.240500000000,0.251600000000,0.347700000000,0.347700000000,0.186300000000,0.135700000000,0.149200000000,0.147200000000,0.149600000000,0.146300000000,0.133000000000,0.137700000000,0.240500000000,0.251600000000,0.343100000000,0.345600000000,0.186300000000,0.183000000000,0.149300000000,0.147400000000,0.149600000000,0.146300000000,0.132900000000,0.137700000000,0.240500000000,0.251600000000,0.343000000000,0.347200000000,0.186300000000,0.183100000000,0.143000000000,0.147300000000,0.149500000000,0.146100000000,0.132800000000,0.137600000000,0.240600000000,0.251600000000,0.343600000000,0.343600000000,0.186300000000,0.183000000000,0.143000000000,0.146600000000,0.149600000000,0.146200000000,0.132900000000,0.137600000000,0.240500000000,0.251700000000,0.340500000000,0.346300000000,0.186400000000,0.183000000000,0.143000000000,0.146600000000,0.138100000000,0.146300000000,0.132900000000,0.137600000000,0.240400000000,0.251600000000,0.343300000000,0.344500000000,0.186300000000,0.183100000000,0.143000000000,0.146400000000,0.137900000000,0.135700000000,0.132900000000,0.137600000000,0.240500000000,0.251500000000,0.345100000000,0.348200000000,0.186300000000,0.183100000000,0.142900000000,0.146500000000,0.138100000000,0.135800000000,0.149400000000,0.137600000000,0.240500000000,0.251600000000,0.341000000000,0.344700000000,0.186300000000,0.183100000000,0.142900000000,0.146500000000,0.138000000000,0.135700000000,0.149400000000,0.147400000000,0.240500000000,0.251600000000,0.344100000000,0.345700000000,0.186300000000,0.183100000000,0.143000000000,0.146500000000,0.138000000000,0.135800000000,0.149300000000,0.147500000000,0.149500000000,0.251600000000,0.344700000000,0.343700000000,0.186300000000,0.183100000000,0.143000000000,0.146500000000,0.138100000000,0.135700000000,0.149200000000,0.147300000000,0.149500000000,0.146200000000,0.339400000000,0.341200000000,0.186300000000,0.183100000000,0.143000000000,0.146500000000,0.138100000000,0.135700000000,0.149300000000,0.147400000000,0.149500000000,0.146200000000,0.132800000000,0.338500000000,0.186300000000,0.183100000000,0.143100000000,0.146500000000,0.138000000000,0.135700000000,0.149200000000,0.147300000000,0.149600000000,0.146300000000,0.132900000000,0.137600000000,0.186400000000,0.183100000000,0.143100000000,0.146500000000,0.138000000000,0.135600000000,0.149300000000,0.147400000000,0.149500000000,0.146100000000,0.132900000000,0.137500000000,0.240400000000,0.183100000000,0.142900000000,0.146500000000,0.138000000000,0.135800000000,0.149200000000,0.147400000000,0.149400000000,0.146200000000,0.132800000000,0.137600000000,0.240400000000,0.251600000000,0.143100000000,0.146600000000,0.138000000000,0.135700000000,0.149300000000,0.147400000000,0.149600000000,0.146100000000,0.132800000000,0.137600000000,0.240400000000,0.251600000000,0.337800000000,0.146500000000,0.138200000000,0.135700000000,0.149300000000,0.147400000000,0.149500000000,0.146100000000,0.132800000000,0.137500000000,0.240400000000,0.251500000000,0.341500000000,0.342500000000,67.33466656400014
baseline,3,86.384615,17.683761,3.0,86.38,17.68,70.3470326429997,0,,0.137000000000,0.137200000000,0.196400000000,0.186400000000,0.149800000000,0.146500000000,0.134900000000,0.142800000000,0.244100000000,0.251800000000,0.255800000000,0.258000000000,0.187100000000,0.137600000000,0.196500000000,0.186800000000,0.150300000000,0.146600000000,0.135200000000,0.142800000000,0.244400000000,0.251700000000,0.256000000000,0.258300000000,0.187100000000,0.182800000000,0.196400000000,0.186600000000,0.150200000000,0.146500000000,0.135300000000,0.143000000000,0.244300000000,0.251800000000,0.256000000000,0.258100000000,0.187000000000,0.182800000000,0.140400000000,0.186400000000,0.150200000000,0.146400000000,0.135300000000,0.142900000000,0.244300000000,0.251800000000,0.256200000000,0.258000000000,0.187000000000,0.182800000000,0.140400000000,0.143500000000,0.149700000000,0.146300000000,0.135100000000,0.143000000000,0.244400000000,0.251800000000,0.255900000000,0.258200000000,0.187200000000,0.182900000000,0.140300000000,0.143400000000,0.136900000000,0.146100000000,0.134900000000,0.142300000000,0.243700000000,0.251700000000,0.255900000000,0.258100000000,0.187100000000,0.182900000000,0.140400000000,0.143500000000,0.136900000000,0.137200000000,0.134900000000,0.142300000000,0.243600000000,0.251800000000,0.256400000000,0.258200000000,0.187100000000,0.182900000000,0.140500000000,0.143500000000,0.137000000000,0.137200000000,0.196100000000,0.143000000000,0.244300000000,0.251900000000,0.256200000000,0.258300000000,0.187300000000,0.183000000000,0.140600000000,0.143600000000,0.137100000000,0.137400000000,0.196200000000,0.186200000000,0.244400000000,0.251900000000,0.256600000000,0.258200000000,0.187300000000,0.183000000000,0.140600000000,0.143600000000,0.137100000000,0.137400000000,0.196200000000,0.186200000000,0.149600000000,0.252000000000,0.256100000000,0.258200000000,0.187400000000,0.183000000000,0.140600000000,0.143600000000,0.137100000000,0.137300000000,0.196300000000,0.186300000000,0.149700000000,0.146100000000,0.255800000000,0.258100000000,0.187500000000,0.183100000000,0.140700000000,0.143700000000,0.137300000000,0.137400000000,0.196300000000,0.186300000000,0.149900000000,0.146200000000,0.135100000000,0.258000000000,0.187400000000,0.183000000000,0.140800000000,0.143900000000,0.137300000000,0.137500000000,0.196300000000,0.186800000000,0.149800000000,0.146100000000,0.135200000000,0.143100000000,0.187600000000,0.183100000000,0.140800000000,0.144000000000,0.137500000000,0.137300000000,0.196100000000,0.186600000000,0.149800000000,0.145700000000,0.134800000000,0.142900000000,0.244500000000,0.183200000000,0.141000000000,0.144100000000,0.137500000000,0.137400000000,0.196400000000,0.186100000000,0.149200000000,0.145500000000,0.134700000000,0.142100000000,0.243500000000,0.252200000000,0.141100000000,0.144100000000,0.137600000000,0.137500000000,0.196200000000,0.186100000000,0.149200000000,0.145600000000,0.134700000000,0.142000000000,0.243500000000,0.252300000000,0.256400000000,0.144400000000,0.138000000000,0.137500000000,0.196100000000,0.186300000000,0.149600000000,0.145900000000,0.135100000000,0.142200000000,0.243600000000,0.252400000000,0.256700000000,0.258500000000,70.36282516200026
contact,3,86.384615,17.683761,3.0,86.38,17.68,70.3470326429997,3.3829,80.75598380799966,0.134500000000,0.134400000000,0.191000000000,0.180800000000,0.144800000000,0.140100000000,0.125300000000,0.129600000000,0.249200000000,0.258400000000,0.249400000000,0.251500000000,0.188600000000,0.134400000000,0.190900000000,0.180800000000,0.144900000000,0.140100000000,0.125400000000,0.129700000000,0.249200000000,0.258300000000,0.249700000000,0.251100000000,0.188600000000,0.183900000000,0.191000000000,0.180700000000,0.144900000000,0.140100000000,0.125300000000,0.129600000000,0.249200000000,0.258300000000,0.249500000000,0.251100000000,0.188600000000,0.183900000000,0.138200000000,0.180700000000,0.144900000000,0.140100000000,0.125300000000,0.129600000000,0.249200000000,0.258300000000,0.249400000000,0.251200000000,0.188700000000,0.183800000000,0.138200000000,0.141200000000,0.144900000000,0.140100000000,0.125400000000,0.129600000000,0.249300000000,0.258500000000,0.249700000000,0.251300000000,0.188600000000,0.183800000000,0.138300000000,0.141200000000,0.134500000000,0.140200000000,0.125400000000,0.129700000000,0.249400000000,0.258500000000,0.249800000000,0.251500000000,0.188600000000,0.183900000000,0.138100000000,0.141200000000,0.134400000000,0.134300000000,0.125400000000,0.129700000000,0.249400000000,0.258500000000,0.249700000000,0.251200000000,0.188600000000,0.183800000000,0.138300000000,0.141200000000,0.134400000000,0.134300000000,0.190900000000,0.129700000000,0.249500000000,0.258500000000,0.249300000000,0.251200000000,0.188600000000,0.183800000000,0.138200000000,0.141300000000,0.134400000000,0.134300000000,0.191000000000,0.180800000000,0.249500000000,0.258600000000,0.249500000000,0.251200000000,0.188600000000,0.183900000000,0.138200000000,0.141300000000,0.134400000000,0.134400000000,0.190900000000,0.180700000000,0.144900000000,0.258500000000,0.249700000000,0.251300000000,0.188600000000,0.183900000000,0.138300000000,0.141200000000,0.134400000000,0.134400000000,0.190900000000,0.180600000000,0.145000000000,0.140100000000,0.249800000000,0.251100000000,0.188500000000,0.183800000000,0.138200000000,0.141300000000,0.134400000000,0.134400000000,0.190800000000,0.180700000000,0.144900000000,0.140200000000,0.125400000000,0.251300000000,0.188500000000,0.183800000000,0.138300000000,0.141200000000,0.134400000000,0.134300000000,0.190900000000,0.180700000000,0.144900000000,0.140200000000,0.125500000000,0.129800000000,0.188500000000,0.183800000000,0.138200000000,0.141200000000,0.134400000000,0.134400000000,0.190800000000,0.180700000000,0.144900000000,0.140100000000,0.125300000000,0.129700000000,0.249500000000,0.183900000000,0.138100000000,0.141300000000,0.134400000000,0.134300000000,0.190900000000,0.180700000000,0.144900000000,0.140200000000,0.125400000000,0.129700000000,0.249600000000,0.258500000000,0.138200000000,0.141200000000,0.134400000000,0.134400000000,0.190800000000,0.180600000000,0.144900000000,0.140100000000,0.125400000000,0.129800000000,0.249600000000,0.258500000000,0.249700000000,0.141300000000,0.134300000000,0.134300000000,0.190800000000,0.180700000000,0.144900000000,0.140100000000,0.125300000000,0.129900000000,0.249600000000,0.258600000000,0.249600000000,0.251200000000,81.83199198399961
baseline,4,50.282051,26.94302,4.0,50.28,26.94,86.16298909899979,0,,0.136400000000,0.138000000000,0.189000000000,0.179300000000,0.149900000000,0.147300000000,0.136200000000,0.145900000000,0.249400000000,0.255900000000,0.252300000000,0.254400000000,0.193100000000,0.137900000000,0.189400000000,0.179600000000,0.150000000000,0.147400000000,0.136200000000,0.145900000000,0.249400000000,0.255800000000,0.252500000000,0.254800000000,0.192400000000,0.186700000000,0.189200000000,0.179400000000,0.150000000000,0.147600000000,0.136100000000,0.145900000000,0.249300000000,0.255900000000,0.252400000000,0.254500000000,0.192100000000,0.186500000000,0.139500000000,0.179400000000,0.150200000000,0.147600000000,0.136200000000,0.145800000000,0.249400000000,0.255700000000,0.252600000000,0.254600000000,0.192100000000,0.186200000000,0.139600000000,0.142500000000,0.150200000000,0.147700000000,0.136100000000,0.146000000000,0.249300000000,0.255600000000,0.252400000000,0.254700000000,0.192000000000,0.186200000000,0.139500000000,0.142600000000,0.136400000000,0.147800000000,0.136100000000,0.145800000000,0.249200000000,0.255800000000,0.252500000000,0.254500000000,0.192200000000,0.186400000000,0.139500000000,0.142500000000,0.136400000000,0.137900000000,0.136200000000,0.145900000000,0.249200000000,0.255700000000,0.252300000000,0.254300000000,0.192300000000,0.186400000000,0.139500000000,0.142500000000,0.136300000000,0.137900000000,0.189100000000,0.145900000000,0.249200000000,0.255600000000,0.252400000000,0.254200000000,0.192200000000,0.186400000000,0.139500000000,0.142500000000,0.136300000000,0.137900000000,0.189100000000,0.179400000000,0.249200000000,0.255600000000,0.252000000000,0.253900000000,0.192400000000,0.186600000000,0.139500000000,0.142500000000,0.136300000000,0.137800000000,0.189000000000,0.179300000000,0.150700000000,0.255500000000,0.252000000000,0.254300000000,0.192500000000,0.186700000000,0.139500000000,0.142500000000,0.136200000000,0.137800000000,0.189000000000,0.179400000000,0.150700000000,0.148200000000,0.252200000000,0.254200000000,0.192300000000,0.186600000000,0.139500000000,0.142500000000,0.136400000000,0.137800000000,0.190000000000,0.180400000000,0.150600000000,0.148100000000,0.136100000000,0.254600000000,0.192200000000,0.186400000000,0.139400000000,0.142500000000,0.136300000000,0.137700000000,0.190100000000,0.180300000000,0.150700000000,0.148000000000,0.136100000000,0.145800000000,0.191900000000,0.186300000000,0.139500000000,0.142500000000,0.136200000000,0.137700000000,0.190100000000,0.180400000000,0.150800000000,0.148200000000,0.136100000000,0.146100000000,0.249000000000,0.186400000000,0.139400000000,0.142500000000,0.136200000000,0.137700000000,0.190000000000,0.180400000000,0.150700000000,0.148200000000,0.136200000000,0.146000000000,0.248900000000,0.255500000000,0.139500000000,0.142600000000,0.136300000000,0.137800000000,0.190000000000,0.180300000000,0.150800000000,0.148200000000,0.136200000000,0.146000000000,0.248900000000,0.255500000000,0.252400000000,0.142500000000,0.136300000000,0.137700000000,0.190000000000,0.180400000000,0.150800000000,0.148200000000,0.136200000000,0.146000000000,0.248900000000,0.255500000000,0.252000000000,0.254100000000,86.3747955079998
contact,4,50.282051,26.94302,4.0,50.28,26.94,86.16298909899979,4.3538,97.31001445399943,0.141500000000,0.133400000000,0.203400000000,0.195000000000,0.154100000000,0.151700000000,0.138900000000,0.147900000000,0.248200000000,0.254900000000,0.276300000000,0.277900000000,0.191200000000,0.133500000000,0.203300000000,0.195000000000,0.154200000000,0.151700000000,0.138900000000,0.148000000000,0.248200000000,0.255000000000,0.276500000000,0.277700000000,0.191100000000,0.186200000000,0.203300000000,0.195000000000,0.154000000000,0.151700000000,0.138800000000,0.148000000000,0.248200000000,0.254900000000,0.276100000000,0.279500000000,0.191200000000,0.186200000000,0.162500000000,0.195000000000,0.154100000000,0.151700000000,0.138800000000,0.147900000000,0.248200000000,0.255000000000,0.278600000000,0.280500000000,0.191200000000,0.186200000000,0.162400000000,0.165500000000,0.154000000000,0.151800000000,0.138900000000,0.147900000000,0.248100000000,0.254900000000,0.279100000000,0.281200000000,0.191200000000,0.186200000000,0.162300000000,0.165700000000,0.141500000000,0.151700000000,0.138800000000,0.147900000000,0.248100000000,0.255000000000,0.280100000000,0.280900000000,0.191100000000,0.186300000000,0.162300000000,0.165700000000,0.141500000000,0.133400000000,0.138900000000,0.148000000000,0.248200000000,0.255000000000,0.280200000000,0.280900000000,0.191100000000,0.186200000000,0.162300000000,0.165600000000,0.141500000000,0.133500000000,0.203400000000,0.147900000000,0.248300000000,0.254900000000,0.278300000000,0.279200000000,0.191100000000,0.186200000000,0.162300000000,0.165700000000,0.141500000000,0.133600000000,0.203400000000,0.195100000000,0.248200000000,0.254900000000,0.278800000000,0.281100000000,0.191100000000,0.186200000000,0.162200000000,0.165700000000,0.141500000000,0.133600000000,0.203300000000,0.195000000000,0.154000000000,0.254900000000,0.279800000000,0.281700000000,0.191100000000,0.186200000000,0.162400000000,0.165700000000,0.141500000000,0.133400000000,0.203400000000,0.194900000000,0.154000000000,0.151600000000,0.278800000000,0.281000000000,0.191100000000,0.186200000000,0.162300000000,0.165600000000,0.141400000000,0.133600000000,0.203400000000,0.195000000000,0.153900000000,0.151700000000,0.138800000000,0.279600000000,0.191100000000,0.186200000000,0.162200000000,0.165500000000,0.141400000000,0.133500000000,0.203300000000,0.195100000000,0.154000000000,0.151700000000,0.138800000000,0.147900000000,0.191100000000,0.186300000000,0.162300000000,0.165500000000,0.141400000000,0.133500000000,0.203300000000,0.194900000000,0.154000000000,0.151600000000,0.138800000000,0.147900000000,0.248200000000,0.186200000000,0.162300000000,0.165500000000,0.141500000000,0.133500000000,0.203300000000,0.194900000000,0.154000000000,0.151600000000,0.138900000000,0.147900000000,0.248200000000,0.254900000000,0.162300000000,0.165400000000,0.141500000000,0.133500000000,0.203300000000,0.195000000000,0.154100000000,0.151700000000,0.138800000000,0.147800000000,0.248200000000,0.255000000000,0.279500000000,0.165500000000,0.141500000000,0.133500000000,0.203300000000,0.194900000000,0.154000000000,0.151600000000,0.138800000000,0.147900000000,0.248200000000,0.255000000000,0.278900000000,0.280700000000,98.49204844399992
baseline,5,76.538462,21.102564,1.0,76.54,21.1,102.05840883899964,0,,0.140200000000,0.139200000000,0.196400000000,0.186600000000,0.150000000000,0.146300000000,0.134700000000,0.142700000000,0.246500000000,0.252600000000,0.273500000000,0.275200000000,0.190200000000,0.139200000000,0.196400000000,0.186700000000,0.150300000000,0.147600000000,0.136000000000,0.146000000000,0.246400000000,0.252600000000,0.273400000000,0.275200000000,0.190200000000,0.185400000000,0.196400000000,0.187000000000,0.150700000000,0.147800000000,0.136200000000,0.146000000000,0.246500000000,0.252500000000,0.273500000000,0.274800000000,0.190200000000,0.185300000000,0.143000000000,0.186700000000,0.150300000000,0.147700000000,0.136200000000,0.146000000000,0.246500000000,0.252600000000,0.273200000000,0.274600000000,0.190200000000,0.185300000000,0.142900000000,0.145900000000,0.150400000000,0.147600000000,0.136300000000,0.146200000000,0.246500000000,0.252600000000,0.272700000000,0.274100000000,0.190200000000,0.185200000000,0.142900000000,0.145900000000,0.140100000000,0.147600000000,0.136200000000,0.146000000000,0.246500000000,0.252500000000,0.272300000000,0.274700000000,0.190100000000,0.185200000000,0.143000000000,0.146100000000,0.140100000000,0.139200000000,0.136000000000,0.146000000000,0.246300000000,0.252500000000,0.272200000000,0.274700000000,0.190100000000,0.185200000000,0.143000000000,0.146000000000,0.140100000000,0.139200000000,0.196600000000,0.146100000000,0.246400000000,0.252500000000,0.272600000000,0.274600000000,0.190100000000,0.185400000000,0.143000000000,0.145900000000,0.139900000000,0.139200000000,0.196600000000,0.186800000000,0.246300000000,0.252600000000,0.272400000000,0.274800000000,0.190300000000,0.185300000000,0.142900000000,0.145900000000,0.140100000000,0.139200000000,0.196700000000,0.186900000000,0.150400000000,0.252600000000,0.273100000000,0.274800000000,0.190100000000,0.185200000000,0.143000000000,0.145800000000,0.140200000000,0.139100000000,0.196600000000,0.186800000000,0.150300000000,0.147500000000,0.273100000000,0.275100000000,0.190200000000,0.185300000000,0.142900000000,0.146000000000,0.140100000000,0.138800000000,0.196400000000,0.186300000000,0.149700000000,0.146100000000,0.134700000000,0.274700000000,0.189700000000,0.185300000000,0.142900000000,0.145900000000,0.140000000000,0.138700000000,0.196400000000,0.186200000000,0.149700000000,0.146000000000,0.134600000000,0.142100000000,0.189800000000,0.185200000000,0.142700000000,0.145900000000,0.139900000000,0.138600000000,0.196200000000,0.186000000000,0.149600000000,0.146000000000,0.134600000000,0.142100000000,0.242800000000,0.185200000000,0.143000000000,0.145900000000,0.139800000000,0.138700000000,0.196200000000,0.186100000000,0.149500000000,0.146000000000,0.134400000000,0.142100000000,0.242600000000,0.251900000000,0.142900000000,0.145900000000,0.140000000000,0.138600000000,0.196300000000,0.186100000000,0.149500000000,0.146000000000,0.134500000000,0.142000000000,0.242700000000,0.251900000000,0.272300000000,0.145900000000,0.139900000000,0.138600000000,0.196300000000,0.186100000000,0.149400000000,0.146000000000,0.134400000000,0.142000000000,0.242600000000,0.251800000000,0.272500000000,0.274700000000,102.17235020799944
contact,5,76.538462,21.102564,1.0,76.54,21.1,102.05840883899964,1.2731,111.35260954099977,0.136900000000,0.136700000000,0.194700000000,0.185000000000,0.140400000000,0.135200000000,0.128900000000,0.138600000000,0.244700000000,0.251000000000,0.269500000000,0.272000000000,0.189600000000,0.136700000000,0.194700000000,0.185000000000,0.140300000000,0.135200000000,0.128800000000,0.138700000000,0.244600000000,0.251000000000,0.269600000000,0.271800000000,0.189600000000,0.184900000000,0.194700000000,0.185000000000,0.140400000000,0.135200000000,0.128800000000,0.138500000000,0.244600000000,0.251000000000,0.269300000000,0.271200000000,0.189600000000,0.184900000000,0.140900000000,0.184900000000,0.140400000000,0.135200000000,0.128800000000,0.138500000000,0.244600000000,0.251000000000,0.269100000000,0.271300000000,0.189500000000,0.184900000000,0.140800000000,0.143800000000,0.140300000000,0.135100000000,0.128900000000,0.138600000000,0.244600000000,0.251000000000,0.269100000000,0.270900000000,0.189500000000,0.184900000000,0.140800000000,0.143800000000,0.136900000000,0.135100000000,0.128800000000,0.138500000000,0.244500000000,0.251000000000,0.269100000000,0.271200000000,0.189600000000,0.184900000000,0.140800000000,0.143900000000,0.136900000000,0.136800000000,0.128700000000,0.138600000000,0.244600000000,0.251000000000,0.269600000000,0.271400000000,0.189600000000,0.184900000000,0.140800000000,0.143900000000,0.136900000000,0.136600000000,0.194600000000,0.138600000000,0.244600000000,0.251100000000,0.268900000000,0.271200000000,0.189700000000,0.184800000000,0.140800000000,0.143800000000,0.137000000000,0.136700000000,0.194700000000,0.185000000000,0.244500000000,0.251000000000,0.269000000000,0.271500000000,0.189600000000,0.185000000000,0.140900000000,0.144000000000,0.137000000000,0.136800000000,0.194800000000,0.185100000000,0.140300000000,0.251100000000,0.269200000000,0.271700000000,0.189700000000,0.184900000000,0.140800000000,0.143800000000,0.137000000000,0.136700000000,0.194700000000,0.185000000000,0.140300000000,0.135100000000,0.269000000000,0.271500000000,0.189700000000,0.185000000000,0.140700000000,0.143900000000,0.137000000000,0.136800000000,0.194800000000,0.185000000000,0.140300000000,0.135100000000,0.128900000000,0.270900000000,0.189600000000,0.184900000000,0.140800000000,0.143800000000,0.136900000000,0.136700000000,0.194600000000,0.185000000000,0.140400000000,0.135100000000,0.128700000000,0.138600000000,0.189600000000,0.184900000000,0.140800000000,0.143800000000,0.137000000000,0.136800000000,0.194600000000,0.185000000000,0.140300000000,0.135100000000,0.128800000000,0.138600000000,0.244600000000,0.185000000000,0.140800000000,0.143900000000,0.137000000000,0.136800000000,0.194800000000,0.185000000000,0.140300000000,0.135100000000,0.128800000000,0.138500000000,0.244600000000,0.251000000000,0.140700000000,0.143800000000,0.136900000000,0.136800000000,0.194700000000,0.185000000000,0.140300000000,0.135100000000,0.128700000000,0.138600000000,0.244500000000,0.251000000000,0.268700000000,0.143800000000,0.136900000000,0.136800000000,0.194700000000,0.185000000000,0.140200000000,0.135100000000,0.128700000000,0.138500000000,0.244500000000,0.251000000000,0.268600000000,0.271000000000,112.55645976999949
baseline,6,66.692308,30.384615,2.0,66.69,30.38,115.05785582399949,0,,0.143100000000,0.143500000000,0.238800000000,0.229400000000,0.154800000000,0.151000000000,0.138700000000,0.147100000000,0.245500000000,0.252200000000,0.225100000000,0.227600000000,0.196900000000,0.143600000000,0.239000000000,0.229000000000,0.154100000000,0.150900000000,0.137300000000,0.144400000000,0.247500000000,0.253800000000,0.213600000000,0.211900000000,0.196100000000,0.191900000000,0.239300000000,0.229100000000,0.154000000000,0.150300000000,0.137000000000,0.143000000000,0.247000000000,0.256100000000,0.189500000000,0.191200000000,0.196400000000,0.192200000000,0.143500000000,0.229800000000,0.154600000000,0.151700000000,0.138300000000,0.146700000000,0.251800000000,0.258600000000,0.183900000000,0.185600000000,0.196400000000,0.192100000000,0.143700000000,0.146900000000,0.154500000000,0.151500000000,0.138300000000,0.146500000000,0.255300000000,0.261200000000,0.176000000000,0.177800000000,0.195900000000,0.191500000000,0.143900000000,0.147100000000,0.144100000000,0.151700000000,0.137800000000,0.146500000000,0.249400000000,0.257500000000,0.171300000000,0.173200000000,0.195000000000,0.191100000000,0.143700000000,0.147100000000,0.143700000000,0.144100000000,0.136500000000,0.142400000000,0.245300000000,0.254900000000,0.167400000000,0.169200000000,0.194300000000,0.190900000000,0.143800000000,0.147000000000,0.143700000000,0.143900000000,0.238800000000,0.141000000000,0.242300000000,0.252700000000,0.162300000000,0.164400000000,0.193900000000,0.190400000000,0.143700000000,0.147100000000,0.144000000000,0.144400000000,0.238900000000,0.228600000000,0.241800000000,0.252800000000,0.162300000000,0.164800000000,0.195000000000,0.191400000000,0.144000000000,0.147100000000,0.144600000000,0.145100000000,0.238800000000,0.228600000000,0.153300000000,0.253800000000,0.165000000000,0.167700000000,0.194800000000,0.191100000000,0.144100000000,0.147300000000,0.144900000000,0.145200000000,0.239000000000,0.228900000000,0.153200000000,0.149000000000,0.169600000000,0.172300000000,0.193300000000,0.189800000000,0.144200000000,0.147400000000,0.144900000000,0.144900000000,0.238900000000,0.228600000000,0.152900000000,0.148800000000,0.135500000000,0.174900000000,0.193300000000,0.189800000000,0.144200000000,0.147400000000,0.144600000000,0.144700000000,0.238700000000,0.228600000000,0.152900000000,0.148600000000,0.135400000000,0.139500000000,0.191000000000,0.187500000000,0.144300000000,0.147500000000,0.144400000000,0.144300000000,0.238600000000,0.228300000000,0.152900000000,0.148500000000,0.135300000000,0.139400000000,0.242100000000,0.187200000000,0.144300000000,0.147300000000,0.144300000000,0.144200000000,0.238600000000,0.228200000000,0.152800000000,0.148600000000,0.135300000000,0.139300000000,0.242000000000,0.253500000000,0.144300000000,0.147400000000,0.144200000000,0.144100000000,0.238800000000,0.228600000000,0.152900000000,0.148600000000,0.135300000000,0.139400000000,0.241700000000,0.253400000000,0.166200000000,0.147300000000,0.144200000000,0.144000000000,0.238600000000,0.228300000000,0.152900000000,0.148600000000,0.135200000000,0.139400000000,0.241600000000,0.253400000000,0.165400000000,0.167600000000,115.15378979399975
contact,6,66.692308,30.384615,2.0,66.69,30.38,115.05785582399949,2.5197,124.38419152499955,0.138700000000,0.137900000000,0.173200000000,0.166100000000,0.151300000000,0.147600000000,0.134100000000,0.138700000000,0.245300000000,0.256700000000,0.182000000000,0.184300000000,0.186500000000,0.137800000000,0.173200000000,0.166100000000,0.151200000000,0.147600000000,0.134200000000,0.138600000000,0.245200000000,0.256800000000,0.182000000000,0.184300000000,0.186500000000,0.182700000000,0.173100000000,0.166000000000,0.151200000000,0.147600000000,0.134200000000,0.138700000000,0.245200000000,0.256700000000,0.181900000000,0.184500000000,0.186500000000,0.182700000000,0.144600000000,0.166000000000,0.151200000000,0.147600000000,0.134200000000,0.138700000000,0.245300000000,0.256700000000,0.181900000000,0.184300000000,0.186500000000,0.182700000000,0.144500000000,0.147900000000,0.151100000000,0.147600000000,0.134200000000,0.138700000000,0.245200000000,0.256800000000,0.182000000000,0.184400000000,0.186500000000,0.182800000000,0.144600000000,0.147900000000,0.138700000000,0.147600000000,0.134100000000,0.138700000000,0.245300000000,0.256800000000,0.181900000000,0.184400000000,0.186500000000,0.182600000000,0.144600000000,0.148100000000,0.138700000000,0.137900000000,0.134200000000,0.138700000000,0.245200000000,0.256700000000,0.182000000000,0.184300000000,0.186500000000,0.182700000000,0.144600000000,0.147800000000,0.138800000000,0.137900000000,0.173200000000,0.138700000000,0.245300000000,0.256700000000,0.182000000000,0.184400000000,0.186500000000,0.182800000000,0.144700000000,0.148000000000,0.138700000000,0.137900000000,0.173000000000,0.165900000000,0.245200000000,0.256700000000,0.182000000000,0.184300000000,0.186400000000,0.182800000000,0.144600000000,0.148000000000,0.138800000000,0.137900000000,0.173000000000,0.165900000000,0.151300000000,0.256600000000,0.182000000000,0.184300000000,0.186500000000,0.182800000000,0.144700000000,0.147900000000,0.138700000000,0.137900000000,0.173100000000,0.166000000000,0.151200000000,0.147600000000,0.181900000000,0.184300000000,0.186500000000,0.182800000000,0.144700000000,0.148000000000,0.138700000000,0.137900000000,0.173100000000,0.166200000000,0.151200000000,0.147700000000,0.134200000000,0.184300000000,0.186500000000,0.182700000000,0.144800000000,0.148000000000,0.138600000000,0.137900000000,0.173200000000,0.166100000000,0.151200000000,0.147500000000,0.134100000000,0.138700000000,0.186400000000,0.182700000000,0.144700000000,0.147900000000,0.138700000000,0.137800000000,0.173200000000,0.166100000000,0.151100000000,0.147600000000,0.134100000000,0.138700000000,0.245000000000,0.182700000000,0.144700000000,0.148000000000,0.138700000000,0.137900000000,0.173100000000,0.166100000000,0.151200000000,0.147600000000,0.134200000000,0.138700000000,0.245100000000,0.256500000000,0.144700000000,0.148000000000,0.138700000000,0.138000000000,0.173200000000,0.166000000000,0.151200000000,0.147600000000,0.134100000000,0.138700000000,0.245000000000,0.256500000000,0.181900000000,0.148000000000,0.138700000000,0.138000000000,0.173000000000,0.165900000000,0.151200000000,0.147500000000,0.134200000000,0.138600000000,0.245000000000,0.256500000000,0.181900000000,0.184300000000,125.53841783600001
baseline,7,69.974359,24.760684,3.0,69.97,24.76,127.52989922599954,0,,0.140100000000,0.138500000000,0.217300000000,0.206900000000,0.154000000000,0.150400000000,0.136200000000,0.143400000000,0.247400000000,0.256400000000,0.176700000000,0.179200000000,0.186800000000,0.138400000000,0.217000000000,0.206800000000,0.154200000000,0.150400000000,0.136300000000,0.143000000000,0.247500000000,0.256500000000,0.178700000000,0.181300000000,0.187000000000,0.184100000000,0.216900000000,0.206500000000,0.154100000000,0.150300000000,0.136100000000,0.142900000000,0.247200000000,0.256400000000,0.180900000000,0.183500000000,0.187000000000,0.184100000000,0.144900000000,0.206400000000,0.154000000000,0.150400000000,0.136000000000,0.142700000000,0.247200000000,0.256400000000,0.182300000000,0.184900000000,0.186900000000,0.184000000000,0.144800000000,0.147800000000,0.154000000000,0.150300000000,0.136000000000,0.142800000000,0.247200000000,0.256300000000,0.182900000000,0.185400000000,0.186900000000,0.184200000000,0.144900000000,0.147900000000,0.140000000000,0.150200000000,0.135900000000,0.142700000000,0.247200000000,0.256300000000,0.183300000000,0.185500000000,0.186700000000,0.184100000000,0.144700000000,0.148000000000,0.139600000000,0.138200000000,0.136000000000,0.142600000000,0.247100000000,0.256300000000,0.183600000000,0.186100000000,0.186700000000,0.184100000000,0.144600000000,0.147900000000,0.139600000000,0.138200000000,0.215900000000,0.142500000000,0.247000000000,0.256200000000,0.184000000000,0.186300000000,0.186800000000,0.184200000000,0.144800000000,0.148200000000,0.139800000000,0.138000000000,0.216000000000,0.205700000000,0.247100000000,0.256300000000,0.184000000000,0.186300000000,0.186700000000,0.184200000000,0.144800000000,0.148000000000,0.139800000000,0.138000000000,0.216000000000,0.205700000000,0.154000000000,0.256200000000,0.184100000000,0.186400000000,0.186700000000,0.184100000000,0.144700000000,0.148000000000,0.139600000000,0.137800000000,0.216100000000,0.205600000000,0.153900000000,0.150200000000,0.184200000000,0.186500000000,0.186700000000,0.184000000000,0.144700000000,0.147900000000,0.139300000000,0.137800000000,0.216000000000,0.205600000000,0.153900000000,0.150200000000,0.135800000000,0.186500000000,0.186700000000,0.183700000000,0.144400000000,0.147600000000,0.139100000000,0.137700000000,0.215700000000,0.205300000000,0.153900000000,0.150100000000,0.135800000000,0.142400000000,0.186600000000,0.183700000000,0.144400000000,0.147400000000,0.139000000000,0.137600000000,0.215400000000,0.205100000000,0.153800000000,0.150100000000,0.135800000000,0.142400000000,0.246900000000,0.183700000000,0.144200000000,0.147300000000,0.138900000000,0.137600000000,0.215200000000,0.204900000000,0.153800000000,0.150000000000,0.135700000000,0.142200000000,0.246900000000,0.256200000000,0.144200000000,0.147100000000,0.138900000000,0.137500000000,0.215100000000,0.204600000000,0.153800000000,0.150000000000,0.135700000000,0.142200000000,0.246900000000,0.256100000000,0.184200000000,0.147100000000,0.138600000000,0.137300000000,0.215100000000,0.204700000000,0.153700000000,0.150100000000,0.135700000000,0.142300000000,0.246900000000,0.256100000000,0.184100000000,0.186400000000,127.70356624499982
contact,7,69.974359,24.760684,3.0,69.97,24.76,127.52989922599954,3.4865,137.43711891800012,0.136100000000,0.135000000000,0.209900000000,0.198700000000,0.157600000000,0.154900000000,0.137200000000,0.144100000000,0.246800000000,0.255600000000,0.183400000000,0.185800000000,0.185700000000,0.135100000000,0.209900000000,0.198600000000,0.157400000000,0.154900000000,0.137100000000,0.144100000000,0.246900000000,0.255600000000,0.183500000000,0.185800000000,0.185700000000,0.182200000000,0.209900000000,0.198800000000,0.157600000000,0.155000000000,0.137200000000,0.144200000000,0.246800000000,0.255600000000,0.183500000000,0.185800000000,0.185600000000,0.182400000000,0.142800000000,0.199000000000,0.157500000000,0.154900000000,0.137200000000,0.144100000000,0.246900000000,0.255500000000,0.183400000000,0.185800000000,0.185600000000,0.182300000000,0.142700000000,0.145700000000,0.157500000000,0.154900000000,0.137200000000,0.144200000000,0.246900000000,0.255600000000,0.183500000000,0.185700000000,0.185700000000,0.182300000000,0.142900000000,0.145700000000,0.136200000000,0.154800000000,0.137200000000,0.144200000000,0.246900000000,0.255600000000,0.183500000000,0.185900000000,0.185700000000,0.182300000000,0.142800000000,0.145700000000,0.136200000000,0.135000000000,0.137300000000,0.144100000000,0.246900000000,0.255500000000,0.183500000000,0.185800000000,0.185600000000,0.182200000000,0.142700000000,0.145600000000,0.136100000000,0.135000000000,0.210000000000,0.144200000000,0.246900000000,0.255500000000,0.183500000000,0.185800000000,0.185700000000,0.182300000000,0.142700000000,0.145600000000,0.136100000000,0.135000000000,0.210000000000,0.198800000000,0.246800000000,0.255500000000,0.183500000000,0.185800000000,0.185600000000,0.182300000000,0.142700000000,0.145600000000,0.136100000000,0.135000000000,0.210200000000,0.199000000000,0.157600000000,0.255500000000,0.183500000000,0.185800000000,0.185700000000,0.182300000000,0.142800000000,0.145500000000,0.136100000000,0.135100000000,0.210100000000,0.199100000000,0.157600000000,0.155000000000,0.183400000000,0.185800000000,0.185700000000,0.182400000000,0.142600000000,0.145500000000,0.136200000000,0.135000000000,0.210300000000,0.199000000000,0.157600000000,0.155000000000,0.137200000000,0.185800000000,0.185700000000,0.182400000000,0.142700000000,0.145500000000,0.136100000000,0.135000000000,0.210100000000,0.198900000000,0.157600000000,0.155000000000,0.137400000000,0.144100000000,0.185700000000,0.182300000000,0.142700000000,0.145700000000,0.136200000000,0.135100000000,0.210200000000,0.199000000000,0.157500000000,0.155000000000,0.137200000000,0.144100000000,0.246900000000,0.182400000000,0.142700000000,0.145600000000,0.136100000000,0.135100000000,0.210200000000,0.199000000000,0.157600000000,0.154900000000,0.137200000000,0.144200000000,0.246800000000,0.255600000000,0.142700000000,0.145500000000,0.136100000000,0.135000000000,0.210200000000,0.198900000000,0.157600000000,0.154900000000,0.137200000000,0.144100000000,0.246800000000,0.255600000000,0.183500000000,0.145500000000,0.136000000000,0.135000000000,0.210200000000,0.199100000000,0.157600000000,0.154900000000,0.137300000000,0.144000000000,0.246800000000,0.255500000000,0.183500000000,0.185800000000,138.52149848199952
baseline,8,101.153846,16.316239,3.0,101.15,16.32,142.46614341900022,0,,0.137700000000,0.136300000000,0.212600000000,0.202100000000,0.163900000000,0.160100000000,0.133900000000,0.139900000000,0.245400000000,0.256300000000,0.219700000000,0.221200000000,0.187600000000,0.136500000000,0.212500000000,0.201900000000,0.163900000000,0.160300000000,0.134000000000,0.140000000000,0.245400000000,0.256200000000,0.219500000000,0.221000000000,0.187500000000,0.183900000000,0.212500000000,0.201900000000,0.163900000000,0.160300000000,0.133900000000,0.140000000000,0.245300000000,0.256200000000,0.219600000000,0.221200000000,0.187600000000,0.184100000000,0.142900000000,0.201900000000,0.164100000000,0.160400000000,0.133900000000,0.140100000000,0.245500000000,0.256200000000,0.219700000000,0.221200000000,0.187500000000,0.184000000000,0.142800000000,0.145700000000,0.164200000000,0.160600000000,0.133900000000,0.140100000000,0.245500000000,0.256300000000,0.221200000000,0.223300000000,0.187400000000,0.184100000000,0.142900000000,0.145700000000,0.138200000000,0.160500000000,0.133800000000,0.140100000000,0.245500000000,0.256300000000,0.222300000000,0.223800000000,0.187500000000,0.184100000000,0.142800000000,0.145700000000,0.138000000000,0.136300000000,0.133800000000,0.140100000000,0.245600000000,0.256300000000,0.222300000000,0.224400000000,0.187400000000,0.184100000000,0.142700000000,0.145700000000,0.138100000000,0.136500000000,0.212500000000,0.140100000000,0.245600000000,0.256300000000,0.222600000000,0.225500000000,0.187400000000,0.184000000000,0.142700000000,0.145500000000,0.138000000000,0.136400000000,0.212400000000,0.201900000000,0.245600000000,0.256300000000,0.223600000000,0.225400000000,0.187400000000,0.184000000000,0.142800000000,0.145600000000,0.138000000000,0.136500000000,0.212400000000,0.201900000000,0.164400000000,0.256200000000,0.223400000000,0.225000000000,0.187400000000,0.184000000000,0.142700000000,0.145600000000,0.137900000000,0.136500000000,0.212400000000,0.201900000000,0.164400000000,0.160700000000,0.223300000000,0.226600000000,0.187400000000,0.184000000000,0.142600000000,0.145200000000,0.137700000000,0.136300000000,0.212400000000,0.201800000000,0.164500000000,0.160800000000,0.133800000000,0.226800000000,0.187400000000,0.183800000000,0.142500000000,0.145200000000,0.137700000000,0.136200000000,0.212400000000,0.201900000000,0.164500000000,0.160800000000,0.133800000000,0.140000000000,0.187400000000,0.183900000000,0.142600000000,0.145200000000,0.137600000000,0.136300000000,0.212400000000,0.202000000000,0.164700000000,0.161000000000,0.133800000000,0.140000000000,0.245500000000,0.183800000000,0.142700000000,0.145300000000,0.137600000000,0.136300000000,0.212600000000,0.202000000000,0.164800000000,0.161000000000,0.134000000000,0.140000000000,0.245500000000,0.256200000000,0.142600000000,0.145400000000,0.137600000000,0.136100000000,0.212600000000,0.202100000000,0.164900000000,0.161100000000,0.134000000000,0.140100000000,0.245500000000,0.256300000000,0.226600000000,0.145500000000,0.137700000000,0.136200000000,0.212800000000,0.202300000000,0.164900000000,0.161200000000,0.134100000000,0.140100000000,0.245500000000,0.256200000000,0.227700000000,0.229700000000,142.63239913399957
contact,8,101.153846,16.316239,3.0,101.15,16.32,142.46614341900022,3.3199,152.0141613200003,0.135100000000,0.133600000000,0.206700000000,0.196600000000,0.193600000000,0.189700000000,0.132000000000,0.139000000000,0.262300000000,0.267700000000,0.236700000000,0.238800000000,0.134400000000,0.133700000000,0.206800000000,0.196600000000,0.193500000000,0.190200000000,0.132000000000,0.139200000000,0.262400000000,0.267800000000,0.236700000000,0.238700000000,0.134200000000,0.155200000000,0.206700000000,0.196500000000,0.194100000000,0.190300000000,0.132100000000,0.139200000000,0.262400000000,0.267700000000,0.236800000000,0.238700000000,0.134300000000,0.155200000000,0.140900000000,0.196600000000,0.193800000000,0.190200000000,0.132000000000,0.139100000000,0.262200000000,0.267700000000,0.236800000000,0.238800000000,0.134300000000,0.155200000000,0.141000000000,0.143900000000,0.193900000000,0.190200000000,0.132200000000,0.139200000000,0.262300000000,0.267700000000,0.236700000000,0.238600000000,0.134300000000,0.155200000000,0.140900000000,0.143800000000,0.135100000000,0.190100000000,0.132100000000,0.139100000000,0.262200000000,0.267700000000,0.236600000000,0.238500000000,0.134400000000,0.155300000000,0.140900000000,0.143900000000,0.134900000000,0.133700000000,0.132000000000,0.139100000000,0.262100000000,0.267800000000,0.236400000000,0.238500000000,0.134300000000,0.155200000000,0.140900000000,0.143800000000,0.135100000000,0.133700000000,0.206700000000,0.139100000000,0.262400000000,0.267800000000,0.236700000000,0.238600000000,0.134300000000,0.155300000000,0.141100000000,0.143900000000,0.135000000000,0.133800000000,0.206800000000,0.196500000000,0.262200000000,0.267700000000,0.236500000000,0.238600000000,0.134400000000,0.155400000000,0.141000000000,0.144000000000,0.135100000000,0.133800000000,0.206700000000,0.196600000000,0.194000000000,0.267900000000,0.236500000000,0.238600000000,0.134400000000,0.155300000000,0.140900000000,0.143900000000,0.135100000000,0.133800000000,0.206700000000,0.196500000000,0.193900000000,0.190300000000,0.236600000000,0.238600000000,0.134400000000,0.155400000000,0.140900000000,0.143900000000,0.135100000000,0.133800000000,0.206700000000,0.196400000000,0.193800000000,0.190300000000,0.132100000000,0.238400000000,0.134300000000,0.155200000000,0.140900000000,0.143900000000,0.134900000000,0.133700000000,0.206600000000,0.196500000000,0.193800000000,0.190000000000,0.132000000000,0.139200000000,0.134300000000,0.155400000000,0.141000000000,0.143900000000,0.135000000000,0.133700000000,0.206600000000,0.196500000000,0.193800000000,0.190200000000,0.132100000000,0.139200000000,0.262600000000,0.155300000000,0.141000000000,0.143900000000,0.135000000000,0.133700000000,0.206500000000,0.196400000000,0.193800000000,0.190000000000,0.132100000000,0.139100000000,0.262600000000,0.268000000000,0.140900000000,0.143900000000,0.135100000000,0.133600000000,0.206600000000,0.196600000000,0.193600000000,0.190200000000,0.132000000000,0.139200000000,0.263000000000,0.268300000000,0.236900000000,0.143800000000,0.135000000000,0.133700000000,0.206700000000,0.196500000000,0.193700000000,0.190000000000,0.132000000000,0.139100000000,0.262800000000,0.268300000000,0.236800000000,0.238700000000,153.0189467069995
baseline,9,79.820513,17.569801,1.0,79.82,17.57,156.1328589269997,0,,0.134800000000,0.133800000000,0.207000000000,0.197100000000,0.200100000000,0.197700000000,0.134800000000,0.145400000000,0.260200000000,0.266600000000,0.235000000000,0.236800000000,0.194100000000,0.133800000000,0.207100000000,0.197200000000,0.199900000000,0.197600000000,0.134900000000,0.145400000000,0.260200000000,0.266500000000,0.235000000000,0.236800000000,0.194000000000,0.187700000000,0.207000000000,0.197000000000,0.200100000000,0.197700000000,0.134800000000,0.145400000000,0.260200000000,0.266600000000,0.235000000000,0.236800000000,0.194300000000,0.188000000000,0.140700000000,0.197200000000,0.200000000000,0.197700000000,0.134900000000,0.145400000000,0.260100000000,0.266600000000,0.235000000000,0.236800000000,0.194300000000,0.187900000000,0.140700000000,0.143700000000,0.200200000000,0.197600000000,0.135000000000,0.145400000000,0.260200000000,0.266600000000,0.235000000000,0.236800000000,0.194000000000,0.187800000000,0.140700000000,0.143600000000,0.134800000000,0.196000000000,0.133000000000,0.140800000000,0.255500000000,0.265600000000,0.234400000000,0.236300000000,0.193300000000,0.187800000000,0.140700000000,0.143600000000,0.134800000000,0.133300000000,0.133200000000,0.140600000000,0.255500000000,0.265300000000,0.234300000000,0.236200000000,0.193600000000,0.187900000000,0.140700000000,0.143600000000,0.134900000000,0.133200000000,0.206600000000,0.140700000000,0.255400000000,0.265300000000,0.234300000000,0.236200000000,0.193400000000,0.187900000000,0.140600000000,0.143600000000,0.134900000000,0.133800000000,0.206800000000,0.196800000000,0.259800000000,0.266100000000,0.234900000000,0.236700000000,0.193600000000,0.187600000000,0.140600000000,0.143500000000,0.134700000000,0.133100000000,0.206300000000,0.195900000000,0.199000000000,0.265300000000,0.234400000000,0.236300000000,0.193300000000,0.187700000000,0.140700000000,0.143500000000,0.134700000000,0.133100000000,0.206300000000,0.195700000000,0.199100000000,0.195900000000,0.234300000000,0.236200000000,0.193200000000,0.187700000000,0.140600000000,0.143600000000,0.134700000000,0.133100000000,0.206200000000,0.195700000000,0.199100000000,0.195900000000,0.133000000000,0.236100000000,0.193100000000,0.187600000000,0.140600000000,0.143600000000,0.134600000000,0.133000000000,0.206300000000,0.195800000000,0.199000000000,0.195900000000,0.133100000000,0.140500000000,0.193300000000,0.187800000000,0.140700000000,0.143600000000,0.134700000000,0.133200000000,0.206300000000,0.195800000000,0.198900000000,0.195800000000,0.132900000000,0.140500000000,0.255200000000,0.187900000000,0.140600000000,0.143700000000,0.134600000000,0.133100000000,0.206300000000,0.195900000000,0.198900000000,0.195800000000,0.133100000000,0.140500000000,0.255200000000,0.265200000000,0.140500000000,0.143600000000,0.134600000000,0.133000000000,0.206300000000,0.195800000000,0.198800000000,0.195700000000,0.133000000000,0.140500000000,0.255000000000,0.265000000000,0.234300000000,0.143500000000,0.134600000000,0.133000000000,0.206200000000,0.195800000000,0.198900000000,0.195600000000,0.132900000000,0.140500000000,0.255000000000,0.265100000000,0.234300000000,0.236300000000,156.26547636600026
contact,9,79.820513,17.569801,1.0,79.82,17.57,156.1328589269997,1.2025,164.54402233899964,0.134100000000,0.133000000000,0.206800000000,0.196700000000,0.211600000000,0.209700000000,0.133500000000,0.142500000000,0.256700000000,0.261600000000,0.230700000000,0.232600000000,0.190300000000,0.133000000000,0.206800000000,0.196700000000,0.211800000000,0.209500000000,0.133500000000,0.142600000000,0.256700000000,0.261600000000,0.230700000000,0.232600000000,0.190100000000,0.185300000000,0.206800000000,0.196900000000,0.211800000000,0.209500000000,0.133600000000,0.142600000000,0.256700000000,0.261500000000,0.230700000000,0.232500000000,0.190100000000,0.185200000000,0.139900000000,0.196800000000,0.211700000000,0.209500000000,0.133500000000,0.142500000000,0.256600000000,0.261600000000,0.230800000000,0.232600000000,0.190000000000,0.185200000000,0.139900000000,0.143000000000,0.211700000000,0.209500000000,0.133400000000,0.142400000000,0.256600000000,0.261700000000,0.230700000000,0.232500000000,0.190100000000,0.185200000000,0.139900000000,0.142900000000,0.134100000000,0.209400000000,0.133500000000,0.142400000000,0.256700000000,0.261700000000,0.230600000000,0.232500000000,0.190100000000,0.185200000000,0.140000000000,0.142900000000,0.134000000000,0.133100000000,0.133500000000,0.142500000000,0.256700000000,0.261600000000,0.230700000000,0.232500000000,0.190100000000,0.185300000000,0.139900000000,0.142900000000,0.134100000000,0.133000000000,0.206800000000,0.142500000000,0.256600000000,0.261700000000,0.230500000000,0.232600000000,0.190000000000,0.185100000000,0.140000000000,0.142900000000,0.134200000000,0.133100000000,0.206900000000,0.196800000000,0.256800000000,0.261700000000,0.230700000000,0.232600000000,0.190100000000,0.185300000000,0.140000000000,0.142900000000,0.134100000000,0.133100000000,0.206800000000,0.196800000000,0.211900000000,0.261700000000,0.230700000000,0.232500000000,0.190100000000,0.185200000000,0.140000000000,0.142800000000,0.134000000000,0.133100000000,0.206800000000,0.196800000000,0.211700000000,0.209500000000,0.230700000000,0.232600000000,0.190100000000,0.185300000000,0.139900000000,0.142900000000,0.134100000000,0.133100000000,0.206800000000,0.196700000000,0.211700000000,0.209400000000,0.133600000000,0.232600000000,0.190100000000,0.185200000000,0.139900000000,0.143000000000,0.134100000000,0.133100000000,0.206700000000,0.196700000000,0.210800000000,0.209300000000,0.133600000000,0.142600000000,0.190000000000,0.185300000000,0.139900000000,0.143000000000,0.134100000000,0.133000000000,0.206800000000,0.196800000000,0.211900000000,0.209400000000,0.133600000000,0.142400000000,0.256700000000,0.185200000000,0.140000000000,0.142900000000,0.134100000000,0.133000000000,0.206900000000,0.196800000000,0.211600000000,0.209500000000,0.133500000000,0.142600000000,0.256800000000,0.261700000000,0.140000000000,0.142900000000,0.134100000000,0.133000000000,0.206800000000,0.196700000000,0.211700000000,0.209500000000,0.133600000000,0.142600000000,0.256700000000,0.261600000000,0.230500000000,0.142900000000,0.134000000000,0.133000000000,0.206900000000,0.196800000000,0.211800000000,0.209600000000,0.133600000000,0.142800000000,0.256900000000,0.261700000000,0.230600000000,0.232500000000,165.56888525500017
baseline,10,66.692308,17.34188,4.0,66.69,17.34,168.03425640099977,0,,0.133600000000,0.132200000000,0.207900000000,0.197500000000,0.210100000000,0.208100000000,0.134000000000,0.141400000000,0.251500000000,0.261100000000,0.229500000000,0.231400000000,0.188900000000,0.132200000000,0.207900000000,0.197500000000,0.210900000000,0.208000000000,0.133900000000,0.141200000000,0.251600000000,0.261200000000,0.229500000000,0.231300000000,0.188900000000,0.184100000000,0.207900000000,0.197500000000,0.210700000000,0.208100000000,0.133900000000,0.141300000000,0.251500000000,0.261100000000,0.229400000000,0.231300000000,0.188900000000,0.184000000000,0.139800000000,0.197500000000,0.210700000000,0.208100000000,0.133900000000,0.141300000000,0.251400000000,0.261000000000,0.229400000000,0.231200000000,0.188900000000,0.184100000000,0.139700000000,0.142400000000,0.210800000000,0.208100000000,0.133900000000,0.141300000000,0.251500000000,0.261000000000,0.229400000000,0.231200000000,0.188900000000,0.184100000000,0.139700000000,0.142500000000,0.133500000000,0.208000000000,0.133900000000,0.141200000000,0.251500000000,0.261200000000,0.229300000000,0.231300000000,0.188800000000,0.184100000000,0.139700000000,0.142400000000,0.133500000000,0.132200000000,0.133900000000,0.141200000000,0.251500000000,0.261200000000,0.229400000000,0.231200000000,0.188900000000,0.184200000000,0.139700000000,0.142500000000,0.133600000000,0.132000000000,0.207900000000,0.141100000000,0.251400000000,0.261200000000,0.229300000000,0.231300000000,0.189000000000,0.184200000000,0.139800000000,0.142400000000,0.133500000000,0.132100000000,0.208000000000,0.197500000000,0.251400000000,0.261100000000,0.229200000000,0.231300000000,0.188900000000,0.184300000000,0.139800000000,0.142400000000,0.133500000000,0.132100000000,0.207900000000,0.197400000000,0.210600000000,0.261200000000,0.229300000000,0.231300000000,0.189000000000,0.184200000000,0.139700000000,0.142500000000,0.133500000000,0.132100000000,0.208000000000,0.197600000000,0.210700000000,0.208400000000,0.229400000000,0.231300000000,0.189000000000,0.184300000000,0.139700000000,0.142400000000,0.133600000000,0.132100000000,0.208000000000,0.197600000000,0.210700000000,0.208100000000,0.133900000000,0.231300000000,0.189100000000,0.184200000000,0.139700000000,0.142400000000,0.133600000000,0.132100000000,0.208000000000,0.197600000000,0.210800000000,0.208000000000,0.133900000000,0.141200000000,0.189100000000,0.184200000000,0.139700000000,0.142400000000,0.133600000000,0.132200000000,0.208100000000,0.197700000000,0.210800000000,0.208000000000,0.133900000000,0.141200000000,0.251400000000,0.184300000000,0.139800000000,0.142500000000,0.133500000000,0.132100000000,0.208000000000,0.197600000000,0.210800000000,0.207900000000,0.133900000000,0.141200000000,0.251500000000,0.261100000000,0.139700000000,0.142500000000,0.133600000000,0.132100000000,0.208100000000,0.197800000000,0.210700000000,0.208000000000,0.133900000000,0.141200000000,0.251500000000,0.261200000000,0.229200000000,0.142400000000,0.133600000000,0.132100000000,0.207900000000,0.197600000000,0.210700000000,0.208000000000,0.133800000000,0.141100000000,0.251500000000,0.261100000000,0.229300000000,0.231300000000,168.16541389099984
contact,10,66.692308,17.34188,4.0,66.69,17.34,168.03425640099977,4.3549,178.0993767330001,0.133100000000,0.131800000000,0.181300000000,0.168100000000,0.214200000000,0.210100000000,0.133600000000,0.138800000000,0.248600000000,0.257900000000,0.227200000000,0.229700000000,0.187300000000,0.131700000000,0.181200000000,0.168100000000,0.214000000000,0.210200000000,0.133500000000,0.138800000000,0.248600000000,0.257900000000,0.227400000000,0.229700000000,0.187300000000,0.183500000000,0.181200000000,0.168000000000,0.213900000000,0.211000000000,0.133500000000,0.138800000000,0.248600000000,0.257900000000,0.227400000000,0.229700000000,0.187400000000,0.183500000000,0.141900000000,0.168100000000,0.214100000000,0.210300000000,0.133500000000,0.138800000000,0.248500000000,0.257800000000,0.227200000000,0.229700000000,0.187200000000,0.183500000000,0.141800000000,0.144700000000,0.214100000000,0.210300000000,0.133400000000,0.138700000000,0.248400000000,0.257800000000,0.227300000000,0.229700000000,0.187300000000,0.183500000000,0.141800000000,0.144900000000,0.133100000000,0.210100000000,0.133600000000,0.138700000000,0.248600000000,0.257900000000,0.227400000000,0.229800000000,0.187400000000,0.183500000000,0.141900000000,0.144700000000,0.133200000000,0.131700000000,0.133400000000,0.138700000000,0.248500000000,0.257900000000,0.227300000000,0.229800000000,0.187200000000,0.183400000000,0.141900000000,0.144800000000,0.133100000000,0.131800000000,0.181000000000,0.138800000000,0.248500000000,0.258000000000,0.227300000000,0.229700000000,0.187300000000,0.183400000000,0.141800000000,0.144700000000,0.133100000000,0.131800000000,0.181100000000,0.167900000000,0.248500000000,0.257900000000,0.227100000000,0.229600000000,0.187200000000,0.183400000000,0.141900000000,0.144700000000,0.133000000000,0.131800000000,0.181200000000,0.168200000000,0.214000000000,0.258000000000,0.227300000000,0.229800000000,0.187300000000,0.183600000000,0.141900000000,0.144700000000,0.133100000000,0.131800000000,0.181300000000,0.168100000000,0.214000000000,0.210200000000,0.227300000000,0.229800000000,0.187400000000,0.183400000000,0.141800000000,0.144700000000,0.133200000000,0.131700000000,0.181200000000,0.168100000000,0.214000000000,0.210300000000,0.133500000000,0.229700000000,0.187500000000,0.183500000000,0.142000000000,0.144900000000,0.133100000000,0.131900000000,0.181100000000,0.168100000000,0.214100000000,0.210000000000,0.133400000000,0.138600000000,0.187300000000,0.183500000000,0.141900000000,0.144800000000,0.133200000000,0.131900000000,0.181100000000,0.167900000000,0.213800000000,0.210100000000,0.133400000000,0.138700000000,0.248600000000,0.183400000000,0.141900000000,0.144800000000,0.133100000000,0.131800000000,0.181100000000,0.168000000000,0.214200000000,0.210300000000,0.133400000000,0.138700000000,0.248500000000,0.258000000000,0.141900000000,0.144700000000,0.133100000000,0.131800000000,0.181000000000,0.168000000000,0.214100000000,0.210200000000,0.133400000000,0.138600000000,0.248500000000,0.258000000000,0.227200000000,0.144900000000,0.133100000000,0.131800000000,0.181000000000,0.167900000000,0.214000000000,0.210400000000,0.133500000000,0.138600000000,0.248600000000,0.258000000000,0.227300000000,0.229700000000,179.20018068700028
baseline,11,61.769231,24.846154,2.0,61.77,24.85,181.3898341309996,0,,0.135600000000,0.136100000000,0.223600000000,0.213900000000,0.213700000000,0.211000000000,0.135100000000,0.141500000000,0.250600000000,0.260800000000,0.183500000000,0.185800000000,0.190300000000,0.135900000000,0.223500000000,0.213400000000,0.212600000000,0.209400000000,0.133600000000,0.140300000000,0.250800000000,0.260600000000,0.183500000000,0.185800000000,0.190400000000,0.185800000000,0.222800000000,0.212600000000,0.212500000000,0.208900000000,0.133100000000,0.138400000000,0.249200000000,0.260400000000,0.181700000000,0.184300000000,0.191100000000,0.186500000000,0.142100000000,0.212700000000,0.212500000000,0.209000000000,0.132900000000,0.138300000000,0.249200000000,0.260300000000,0.181700000000,0.183900000000,0.189600000000,0.185500000000,0.142000000000,0.145100000000,0.212600000000,0.208900000000,0.132800000000,0.138200000000,0.249200000000,0.260300000000,0.181400000000,0.183500000000,0.189300000000,0.185200000000,0.141900000000,0.145200000000,0.136000000000,0.208800000000,0.132800000000,0.138300000000,0.249100000000,0.260300000000,0.181200000000,0.183400000000,0.189300000000,0.185200000000,0.142000000000,0.145200000000,0.135900000000,0.135500000000,0.132700000000,0.138200000000,0.249100000000,0.260200000000,0.181100000000,0.183500000000,0.189500000000,0.185200000000,0.141900000000,0.145100000000,0.135800000000,0.135300000000,0.223800000000,0.138100000000,0.249000000000,0.260400000000,0.181100000000,0.183400000000,0.189400000000,0.185000000000,0.141900000000,0.145100000000,0.135700000000,0.135200000000,0.224000000000,0.213800000000,0.249100000000,0.260300000000,0.181100000000,0.183400000000,0.189300000000,0.185000000000,0.141900000000,0.145100000000,0.135800000000,0.135100000000,0.223600000000,0.213400000000,0.212400000000,0.260200000000,0.181000000000,0.183300000000,0.189100000000,0.184700000000,0.141900000000,0.145000000000,0.135700000000,0.135100000000,0.223500000000,0.213100000000,0.212400000000,0.208800000000,0.180900000000,0.183400000000,0.188900000000,0.184600000000,0.141900000000,0.144900000000,0.135600000000,0.135100000000,0.223500000000,0.213200000000,0.212500000000,0.209000000000,0.132500000000,0.183300000000,0.188600000000,0.184400000000,0.141800000000,0.145100000000,0.135700000000,0.135100000000,0.223400000000,0.213100000000,0.212600000000,0.209000000000,0.132400000000,0.137900000000,0.188500000000,0.184400000000,0.141800000000,0.145000000000,0.135600000000,0.135000000000,0.223600000000,0.213400000000,0.212600000000,0.209100000000,0.132400000000,0.138000000000,0.249100000000,0.184300000000,0.141700000000,0.145000000000,0.135600000000,0.135100000000,0.224400000000,0.214200000000,0.212700000000,0.209600000000,0.132400000000,0.137900000000,0.249100000000,0.260200000000,0.142000000000,0.145000000000,0.135600000000,0.135100000000,0.224700000000,0.214400000000,0.212600000000,0.209000000000,0.132400000000,0.138000000000,0.249000000000,0.259900000000,0.180600000000,0.145000000000,0.135600000000,0.134900000000,0.224800000000,0.214500000000,0.212700000000,0.209100000000,0.132500000000,0.137900000000,0.249100000000,0.260100000000,0.180800000000,0.182900000000,181.58084094100013
contact,11,61.769231,24.846154,2.0,61.77,24.85,181.3898341309996,2.364,191.1636259119996,0.134400000000,0.134600000000,0.221600000000,0.211600000000,0.255100000000,0.253100000000,0.132600000000,0.141500000000,0.252200000000,0.258900000000,0.180100000000,0.182300000000,0.182700000000,0.134700000000,0.221500000000,0.211600000000,0.255100000000,0.253100000000,0.132700000000,0.141500000000,0.252100000000,0.258900000000,0.180200000000,0.182200000000,0.182800000000,0.178200000000,0.221700000000,0.211600000000,0.255500000000,0.253400000000,0.132700000000,0.141500000000,0.252100000000,0.258800000000,0.180200000000,0.182200000000,0.182700000000,0.178300000000,0.141600000000,0.211700000000,0.255600000000,0.253300000000,0.132600000000,0.141500000000,0.252100000000,0.259000000000,0.180200000000,0.182200000000,0.182800000000,0.178200000000,0.141700000000,0.144500000000,0.255500000000,0.253400000000,0.132800000000,0.141500000000,0.252100000000,0.259000000000,0.180100000000,0.182200000000,0.182800000000,0.178200000000,0.141700000000,0.144500000000,0.134400000000,0.253400000000,0.132700000000,0.141600000000,0.252200000000,0.259000000000,0.180200000000,0.182200000000,0.182700000000,0.178200000000,0.141600000000,0.144500000000,0.134400000000,0.134700000000,0.132600000000,0.141500000000,0.252100000000,0.259000000000,0.180100000000,0.182200000000,0.182800000000,0.178200000000,0.141700000000,0.144500000000,0.134300000000,0.134600000000,0.221600000000,0.141400000000,0.252200000000,0.258900000000,0.180100000000,0.182100000000,0.182700000000,0.178200000000,0.141700000000,0.144500000000,0.134300000000,0.134600000000,0.221600000000,0.211700000000,0.252100000000,0.258900000000,0.180100000000,0.182100000000,0.182600000000,0.178200000000,0.141600000000,0.144600000000,0.134300000000,0.134600000000,0.221600000000,0.211700000000,0.255600000000,0.258900000000,0.180100000000,0.182200000000,0.182700000000,0.178200000000,0.141700000000,0.144700000000,0.134300000000,0.134600000000,0.221500000000,0.211600000000,0.255900000000,0.253600000000,0.180200000000,0.182100000000,0.182700000000,0.178300000000,0.141800000000,0.144600000000,0.134400000000,0.134600000000,0.221500000000,0.211700000000,0.255700000000,0.253600000000,0.132600000000,0.182100000000,0.182700000000,0.178100000000,0.141600000000,0.144500000000,0.134300000000,0.134500000000,0.221400000000,0.211400000000,0.255900000000,0.253300000000,0.132600000000,0.141400000000,0.182700000000,0.178300000000,0.141900000000,0.144600000000,0.134400000000,0.134600000000,0.221500000000,0.211500000000,0.255500000000,0.253000000000,0.132600000000,0.141500000000,0.252200000000,0.178100000000,0.141700000000,0.144600000000,0.134400000000,0.134600000000,0.221400000000,0.211500000000,0.255300000000,0.253300000000,0.132700000000,0.141500000000,0.252200000000,0.259000000000,0.141800000000,0.144600000000,0.134300000000,0.134600000000,0.221600000000,0.211600000000,0.255600000000,0.253600000000,0.132600000000,0.141400000000,0.252200000000,0.258900000000,0.180100000000,0.144600000000,0.134300000000,0.134600000000,0.221600000000,0.211500000000,0.255600000000,0.253200000000,0.132600000000,0.141500000000,0.252300000000,0.258900000000,0.180100000000,0.182200000000,192.18304412999987
baseline,12,89.666667,27.962963,2.0,89.67,27.96,195.79477112599943,0,,0.134700000000,0.135400000000,0.222800000000,0.212400000000,0.160100000000,0.156200000000,0.130500000000,0.135500000000,0.247600000000,0.258700000000,0.182600000000,0.184600000000,0.181900000000,0.135300000000,0.223000000000,0.212800000000,0.160000000000,0.156300000000,0.130500000000,0.135700000000,0.247800000000,0.258900000000,0.182700000000,0.184600000000,0.182000000000,0.178400000000,0.222900000000,0.212600000000,0.160100000000,0.156400000000,0.131100000000,0.137500000000,0.249500000000,0.259300000000,0.183100000000,0.184900000000,0.182100000000,0.178400000000,0.141100000000,0.212800000000,0.160100000000,0.156400000000,0.130600000000,0.136000000000,0.248000000000,0.258900000000,0.183000000000,0.185100000000,0.182100000000,0.178300000000,0.141200000000,0.143900000000,0.160000000000,0.156400000000,0.130600000000,0.136000000000,0.248000000000,0.258800000000,0.183000000000,0.185200000000,0.182100000000,0.178400000000,0.141100000000,0.143900000000,0.134700000000,0.156400000000,0.130500000000,0.136000000000,0.248000000000,0.258900000000,0.183300000000,0.185300000000,0.182200000000,0.178400000000,0.141300000000,0.144000000000,0.134700000000,0.135300000000,0.131000000000,0.137300000000,0.249400000000,0.259100000000,0.183400000000,0.185400000000,0.182300000000,0.178500000000,0.141200000000,0.144100000000,0.134800000000,0.135400000000,0.223000000000,0.137500000000,0.249700000000,0.259300000000,0.183600000000,0.185600000000,0.182400000000,0.178600000000,0.141300000000,0.144100000000,0.134900000000,0.135500000000,0.223200000000,0.213000000000,0.249900000000,0.259300000000,0.183800000000,0.185600000000,0.182400000000,0.178600000000,0.141300000000,0.144100000000,0.134900000000,0.135500000000,0.223200000000,0.213100000000,0.160700000000,0.259300000000,0.183800000000,0.185600000000,0.182400000000,0.178500000000,0.141400000000,0.144200000000,0.134800000000,0.135400000000,0.223400000000,0.213100000000,0.160800000000,0.157300000000,0.183900000000,0.185900000000,0.182400000000,0.178500000000,0.141300000000,0.144200000000,0.134800000000,0.135400000000,0.223200000000,0.213000000000,0.160700000000,0.157000000000,0.130800000000,0.185900000000,0.182300000000,0.178700000000,0.141400000000,0.144300000000,0.134800000000,0.135400000000,0.223100000000,0.212800000000,0.160700000000,0.157000000000,0.130700000000,0.136500000000,0.182300000000,0.178600000000,0.141400000000,0.144200000000,0.134900000000,0.135300000000,0.223000000000,0.212700000000,0.160600000000,0.156800000000,0.130600000000,0.136400000000,0.248500000000,0.178600000000,0.141400000000,0.144200000000,0.134800000000,0.135300000000,0.222900000000,0.212600000000,0.160700000000,0.156900000000,0.130500000000,0.135800000000,0.248000000000,0.258900000000,0.141300000000,0.144200000000,0.134700000000,0.135300000000,0.222900000000,0.212600000000,0.160700000000,0.156900000000,0.130500000000,0.136100000000,0.248200000000,0.259000000000,0.184400000000,0.144200000000,0.134800000000,0.135300000000,0.222900000000,0.212600000000,0.160800000000,0.157200000000,0.130900000000,0.137600000000,0.249600000000,0.259100000000,0.184500000000,0.186400000000,195.8607125540002
contact,12,89.666667,27.962963,2.0,89.67,27.96,195.79477112599943,2.1575,205.1937319990002,0.135100000000,0.134800000000,0.223200000000,0.213000000000,0.163800000000,0.160500000000,0.131700000000,0.137800000000,0.251900000000,0.262000000000,0.183600000000,0.185700000000,0.182500000000,0.134800000000,0.223100000000,0.212900000000,0.163600000000,0.160000000000,0.131200000000,0.136500000000,0.250700000000,0.261800000000,0.183500000000,0.185700000000,0.182400000000,0.181200000000,0.223100000000,0.212700000000,0.163600000000,0.159800000000,0.131100000000,0.136300000000,0.250500000000,0.261700000000,0.183400000000,0.185600000000,0.182400000000,0.181200000000,0.141500000000,0.212600000000,0.163600000000,0.159800000000,0.131100000000,0.136200000000,0.250400000000,0.261700000000,0.183500000000,0.185500000000,0.182400000000,0.181100000000,0.141500000000,0.144500000000,0.163500000000,0.159800000000,0.131100000000,0.136300000000,0.250400000000,0.261700000000,0.183400000000,0.185700000000,0.182400000000,0.181100000000,0.141500000000,0.144400000000,0.135000000000,0.159800000000,0.131100000000,0.136400000000,0.250500000000,0.261700000000,0.183500000000,0.185700000000,0.182300000000,0.181100000000,0.141500000000,0.144400000000,0.134900000000,0.134800000000,0.131600000000,0.137900000000,0.252000000000,0.262000000000,0.183600000000,0.185800000000,0.182500000000,0.181200000000,0.141500000000,0.144400000000,0.134900000000,0.134700000000,0.223300000000,0.137500000000,0.251500000000,0.261900000000,0.183600000000,0.185700000000,0.182500000000,0.181200000000,0.141400000000,0.144500000000,0.135100000000,0.134800000000,0.223400000000,0.213000000000,0.251400000000,0.261900000000,0.183600000000,0.185800000000,0.182500000000,0.181300000000,0.141600000000,0.144400000000,0.135000000000,0.134800000000,0.223300000000,0.212900000000,0.163500000000,0.261700000000,0.183500000000,0.185600000000,0.182500000000,0.181100000000,0.141500000000,0.144400000000,0.135000000000,0.134700000000,0.223300000000,0.212600000000,0.163600000000,0.159900000000,0.183500000000,0.185700000000,0.182400000000,0.181100000000,0.141500000000,0.144400000000,0.135000000000,0.134700000000,0.223300000000,0.213100000000,0.163500000000,0.159900000000,0.131300000000,0.185700000000,0.182400000000,0.181200000000,0.141400000000,0.144300000000,0.134900000000,0.134700000000,0.223400000000,0.213000000000,0.163500000000,0.159900000000,0.131200000000,0.136600000000,0.182500000000,0.181200000000,0.141500000000,0.144500000000,0.134900000000,0.134700000000,0.223300000000,0.213000000000,0.163600000000,0.160000000000,0.131100000000,0.136600000000,0.250700000000,0.181200000000,0.141500000000,0.144400000000,0.134900000000,0.134700000000,0.223100000000,0.212900000000,0.163500000000,0.159900000000,0.131200000000,0.136600000000,0.250700000000,0.261800000000,0.141400000000,0.144400000000,0.134900000000,0.134700000000,0.223200000000,0.212800000000,0.163500000000,0.159900000000,0.131200000000,0.136500000000,0.250800000000,0.261800000000,0.183300000000,0.144400000000,0.135000000000,0.134600000000,0.223200000000,0.212900000000,0.163600000000,0.159900000000,0.131100000000,0.136600000000,0.250900000000,0.261700000000,0.183500000000,0.185700000000,206.2469103909998
baseline,13,86.384615,28.042735,2.0,86.38,28.04,207.99895911299973,0,,0.134500000000,0.135300000000,0.225100000000,0.215200000000,0.164200000000,0.161700000000,0.132900000000,0.141700000000,0.254500000000,0.261000000000,0.183900000000,0.185900000000,0.181700000000,0.135300000000,0.225200000000,0.215200000000,0.164100000000,0.161600000000,0.132700000000,0.141700000000,0.254300000000,0.260800000000,0.183700000000,0.185900000000,0.181700000000,0.178100000000,0.225100000000,0.215400000000,0.164400000000,0.161700000000,0.132800000000,0.141800000000,0.254500000000,0.260900000000,0.183800000000,0.185800000000,0.181600000000,0.178100000000,0.141000000000,0.215000000000,0.164100000000,0.161400000000,0.132700000000,0.141700000000,0.254500000000,0.261000000000,0.183700000000,0.185900000000,0.181600000000,0.178100000000,0.141000000000,0.143800000000,0.164000000000,0.161500000000,0.132700000000,0.141700000000,0.254400000000,0.260900000000,0.183800000000,0.185900000000,0.181600000000,0.178100000000,0.141100000000,0.143800000000,0.134500000000,0.161700000000,0.132900000000,0.141800000000,0.254400000000,0.261000000000,0.183700000000,0.185900000000,0.181500000000,0.178100000000,0.141000000000,0.143800000000,0.134500000000,0.135200000000,0.132600000000,0.141700000000,0.254300000000,0.261000000000,0.183800000000,0.186000000000,0.181600000000,0.178100000000,0.141100000000,0.143700000000,0.134600000000,0.135200000000,0.225000000000,0.141700000000,0.254300000000,0.260900000000,0.183700000000,0.185800000000,0.181500000000,0.178000000000,0.140900000000,0.143900000000,0.134500000000,0.135200000000,0.225100000000,0.215200000000,0.254300000000,0.260900000000,0.183800000000,0.185900000000,0.181600000000,0.178000000000,0.141000000000,0.143900000000,0.134400000000,0.135200000000,0.225000000000,0.215000000000,0.164200000000,0.260800000000,0.183700000000,0.185800000000,0.181600000000,0.178100000000,0.140900000000,0.143700000000,0.134500000000,0.135200000000,0.224900000000,0.215000000000,0.164100000000,0.161500000000,0.183800000000,0.185900000000,0.181600000000,0.177900000000,0.140900000000,0.143700000000,0.134500000000,0.135200000000,0.225000000000,0.215100000000,0.164200000000,0.161600000000,0.132800000000,0.185800000000,0.181700000000,0.178000000000,0.141000000000,0.143800000000,0.134500000000,0.135200000000,0.224800000000,0.214900000000,0.164200000000,0.161600000000,0.132800000000,0.141700000000,0.181600000000,0.177900000000,0.141000000000,0.143700000000,0.134400000000,0.135300000000,0.224600000000,0.214800000000,0.164100000000,0.161600000000,0.132800000000,0.141800000000,0.254100000000,0.178000000000,0.141000000000,0.143800000000,0.134500000000,0.135200000000,0.224700000000,0.214900000000,0.164200000000,0.161500000000,0.132700000000,0.141800000000,0.254100000000,0.260700000000,0.140900000000,0.143700000000,0.134400000000,0.135300000000,0.224900000000,0.215000000000,0.164200000000,0.161500000000,0.132600000000,0.141700000000,0.254200000000,0.260800000000,0.183800000000,0.143800000000,0.134600000000,0.135300000000,0.225000000000,0.215200000000,0.164200000000,0.161500000000,0.132800000000,0.141700000000,0.254200000000,0.260800000000,0.183800000000,0.185800000000,208.19435879399953
contact,13,86.384615,28.042735,2.0,86.38,28.04,207.99895911299973,2.3865,217.77715995699964,0.133500000000,0.134200000000,0.223900000000,0.213500000000,0.163400000000,0.160300000000,0.128600000000,0.134900000000,0.252000000000,0.261900000000,0.182800000000,0.185000000000,0.181000000000,0.134200000000,0.223800000000,0.213500000000,0.163400000000,0.160300000000,0.128500000000,0.134700000000,0.252100000000,0.262000000000,0.182800000000,0.185000000000,0.180900000000,0.178300000000,0.223800000000,0.213400000000,0.163400000000,0.160300000000,0.128400000000,0.134900000000,0.252000000000,0.262100000000,0.182800000000,0.184900000000,0.180900000000,0.178200000000,0.140500000000,0.213500000000,0.163400000000,0.160300000000,0.128600000000,0.134900000000,0.252000000000,0.262000000000,0.182800000000,0.185000000000,0.180900000000,0.178200000000,0.140600000000,0.142900000000,0.163400000000,0.160300000000,0.128500000000,0.134800000000,0.252000000000,0.261900000000,0.182800000000,0.185000000000,0.181000000000,0.178100000000,0.140400000000,0.142900000000,0.133600000000,0.160200000000,0.128400000000,0.134900000000,0.252100000000,0.261900000000,0.182800000000,0.184900000000,0.180800000000,0.178100000000,0.140500000000,0.142900000000,0.133500000000,0.134100000000,0.128500000000,0.134900000000,0.252000000000,0.261900000000,0.182800000000,0.185000000000,0.180900000000,0.178100000000,0.140400000000,0.143000000000,0.133700000000,0.134100000000,0.223800000000,0.134900000000,0.252100000000,0.262000000000,0.182800000000,0.185100000000,0.180900000000,0.178100000000,0.140400000000,0.142900000000,0.133400000000,0.134200000000,0.223800000000,0.213500000000,0.252100000000,0.262000000000,0.182800000000,0.185000000000,0.180900000000,0.178200000000,0.140500000000,0.142800000000,0.133500000000,0.134200000000,0.223700000000,0.213500000000,0.163400000000,0.262000000000,0.182800000000,0.185000000000,0.180900000000,0.178000000000,0.140400000000,0.142900000000,0.133600000000,0.134200000000,0.223700000000,0.213500000000,0.163400000000,0.160400000000,0.182800000000,0.185000000000,0.180800000000,0.178200000000,0.140500000000,0.143000000000,0.133600000000,0.134100000000,0.223800000000,0.213500000000,0.163300000000,0.160200000000,0.128600000000,0.185000000000,0.180800000000,0.178100000000,0.140500000000,0.142900000000,0.133500000000,0.134200000000,0.223800000000,0.213400000000,0.163400000000,0.160300000000,0.128500000000,0.134800000000,0.180800000000,0.178100000000,0.140600000000,0.142900000000,0.133600000000,0.134100000000,0.223700000000,0.213400000000,0.163400000000,0.160400000000,0.128600000000,0.134900000000,0.252000000000,0.178100000000,0.140500000000,0.142900000000,0.133600000000,0.134200000000,0.223700000000,0.213300000000,0.163400000000,0.160200000000,0.128600000000,0.134900000000,0.252000000000,0.262000000000,0.140600000000,0.142900000000,0.133600000000,0.134200000000,0.223900000000,0.213500000000,0.163300000000,0.160300000000,0.128400000000,0.134800000000,0.252100000000,0.262000000000,0.182800000000,0.142900000000,0.133500000000,0.134200000000,0.223800000000,0.213500000000,0.163300000000,0.160200000000,0.128400000000,0.134800000000,0.252000000000,0.262000000000,0.182900000000,0.184900000000,218.79649066099955
baseline,14,84.74359,29.820513,2.0,84.74,29.82,220.47907660300007,0,,0.134200000000,0.134900000000,0.225000000000,0.215000000000,0.167000000000,0.163200000000,0.134700000000,0.142400000000,0.252400000000,0.259900000000,0.183100000000,0.185600000000,0.181400000000,0.134600000000,0.224600000000,0.214100000000,0.165900000000,0.163400000000,0.134700000000,0.141800000000,0.250500000000,0.259400000000,0.183100000000,0.185300000000,0.180900000000,0.177400000000,0.224600000000,0.214400000000,0.166600000000,0.164200000000,0.134900000000,0.142900000000,0.250700000000,0.259500000000,0.183000000000,0.185300000000,0.180900000000,0.177300000000,0.140700000000,0.214600000000,0.166800000000,0.163700000000,0.134800000000,0.141800000000,0.250800000000,0.259400000000,0.182900000000,0.185100000000,0.180500000000,0.177300000000,0.140700000000,0.143600000000,0.166500000000,0.162600000000,0.133600000000,0.139000000000,0.249500000000,0.259200000000,0.182800000000,0.185100000000,0.180600000000,0.177300000000,0.140800000000,0.143700000000,0.134100000000,0.162200000000,0.133600000000,0.138200000000,0.247200000000,0.258800000000,0.182800000000,0.185200000000,0.181000000000,0.177200000000,0.140800000000,0.143600000000,0.134300000000,0.134900000000,0.134000000000,0.140200000000,0.253100000000,0.259800000000,0.185400000000,0.187400000000,0.181200000000,0.177200000000,0.140700000000,0.143600000000,0.134400000000,0.135300000000,0.228500000000,0.144200000000,0.253100000000,0.259900000000,0.185200000000,0.187200000000,0.181100000000,0.177200000000,0.140800000000,0.143700000000,0.134500000000,0.135500000000,0.228900000000,0.219000000000,0.253400000000,0.259900000000,0.185200000000,0.187100000000,0.180700000000,0.177100000000,0.140800000000,0.143600000000,0.134400000000,0.135100000000,0.228800000000,0.218400000000,0.166700000000,0.259200000000,0.185000000000,0.187100000000,0.180600000000,0.177200000000,0.140800000000,0.143700000000,0.134500000000,0.135500000000,0.233000000000,0.222800000000,0.167200000000,0.163300000000,0.186500000000,0.188900000000,0.180700000000,0.177100000000,0.140900000000,0.143800000000,0.135000000000,0.135800000000,0.233300000000,0.223200000000,0.166900000000,0.163400000000,0.134400000000,0.191000000000,0.180800000000,0.177100000000,0.141100000000,0.143900000000,0.135500000000,0.136400000000,0.233500000000,0.223000000000,0.166700000000,0.162900000000,0.133700000000,0.139100000000,0.180800000000,0.177100000000,0.141100000000,0.144100000000,0.135400000000,0.136200000000,0.233400000000,0.223100000000,0.166700000000,0.162700000000,0.133700000000,0.139300000000,0.248900000000,0.177100000000,0.141100000000,0.144000000000,0.135300000000,0.136100000000,0.233300000000,0.223000000000,0.166900000000,0.162900000000,0.133700000000,0.139000000000,0.248500000000,0.259500000000,0.141200000000,0.144000000000,0.135200000000,0.136100000000,0.233200000000,0.222800000000,0.166900000000,0.162800000000,0.133500000000,0.138800000000,0.248200000000,0.259300000000,0.206100000000,0.144000000000,0.135100000000,0.136000000000,0.233200000000,0.222600000000,0.166800000000,0.162800000000,0.133300000000,0.138500000000,0.248200000000,0.259300000000,0.206100000000,0.207900000000,220.52806641499956
contact,14,84.74359,29.820513,2.0,84.74,29.82,220.47907660300007,2.0534,228.80438157299977,0.133300000000,0.134700000000,0.232800000000,0.222900000000,0.155900000000,0.154500000000,0.106700000000,0.116900000000,0.266800000000,0.273000000000,0.230800000000,0.232800000000,0.181100000000,0.134700000000,0.232800000000,0.222900000000,0.155900000000,0.154400000000,0.106700000000,0.116900000000,0.266900000000,0.272900000000,0.230700000000,0.232600000000,0.181000000000,0.175700000000,0.232800000000,0.223000000000,0.155800000000,0.154400000000,0.106500000000,0.116900000000,0.266600000000,0.272800000000,0.230800000000,0.232600000000,0.181000000000,0.175700000000,0.140500000000,0.223100000000,0.155800000000,0.154400000000,0.106600000000,0.117000000000,0.266700000000,0.272800000000,0.230700000000,0.232600000000,0.181000000000,0.175700000000,0.140500000000,0.143600000000,0.155900000000,0.154300000000,0.106700000000,0.117000000000,0.266600000000,0.272700000000,0.230700000000,0.232300000000,0.181000000000,0.175800000000,0.140400000000,0.143700000000,0.133300000000,0.154300000000,0.106500000000,0.116800000000,0.266500000000,0.272600000000,0.230400000000,0.232400000000,0.180900000000,0.175800000000,0.140400000000,0.143700000000,0.133200000000,0.134700000000,0.106500000000,0.116900000000,0.266600000000,0.272800000000,0.230500000000,0.232400000000,0.181000000000,0.175700000000,0.140500000000,0.143600000000,0.133300000000,0.134700000000,0.232900000000,0.116900000000,0.266500000000,0.272600000000,0.230700000000,0.232700000000,0.181000000000,0.175700000000,0.140500000000,0.143600000000,0.133300000000,0.134800000000,0.232800000000,0.223000000000,0.266500000000,0.272700000000,0.230800000000,0.232700000000,0.181000000000,0.175700000000,0.140400000000,0.143600000000,0.133300000000,0.134700000000,0.232900000000,0.222900000000,0.155800000000,0.272700000000,0.231100000000,0.233100000000,0.181100000000,0.175700000000,0.140400000000,0.143700000000,0.133300000000,0.134700000000,0.232700000000,0.222800000000,0.155800000000,0.154400000000,0.231400000000,0.233300000000,0.181000000000,0.175700000000,0.140500000000,0.143500000000,0.133300000000,0.134700000000,0.232800000000,0.222900000000,0.155900000000,0.154400000000,0.106600000000,0.233300000000,0.181000000000,0.175700000000,0.140500000000,0.143700000000,0.133400000000,0.134700000000,0.232700000000,0.222800000000,0.155800000000,0.154400000000,0.106600000000,0.117000000000,0.181000000000,0.175700000000,0.140500000000,0.143600000000,0.133300000000,0.134700000000,0.232600000000,0.222800000000,0.155900000000,0.154400000000,0.106600000000,0.116800000000,0.266600000000,0.175700000000,0.140300000000,0.143600000000,0.133300000000,0.134600000000,0.232800000000,0.222900000000,0.155800000000,0.154300000000,0.106600000000,0.116800000000,0.266700000000,0.272900000000,0.140400000000,0.143600000000,0.133200000000,0.134700000000,0.232700000000,0.222800000000,0.155600000000,0.154300000000,0.106300000000,0.116700000000,0.266800000000,0.273000000000,0.230900000000,0.143600000000,0.133300000000,0.134700000000,0.232700000000,0.222800000000,0.155600000000,0.154200000000,0.106400000000,0.116700000000,0.266700000000,0.272800000000,0.230800000000,0.232700000000,229.83224905399948
baseline,15,107.717949,18.054131,4.0,107.72,18.05,233.24534852299985,0,,0.134700000000,0.135300000000,0.233800000000,0.224500000000,0.186200000000,0.182200000000,0.138000000000,0.145300000000,0.255000000000,0.262700000000,0.179100000000,0.181600000000,0.181400000000,0.135300000000,0.233800000000,0.224500000000,0.186300000000,0.182200000000,0.137800000000,0.145100000000,0.254600000000,0.262600000000,0.179000000000,0.181700000000,0.181300000000,0.177100000000,0.233800000000,0.224400000000,0.186400000000,0.182200000000,0.137200000000,0.143000000000,0.252900000000,0.262400000000,0.179000000000,0.181500000000,0.181100000000,0.177100000000,0.142100000000,0.224100000000,0.186100000000,0.181500000000,0.137200000000,0.142900000000,0.252900000000,0.262400000000,0.179000000000,0.181600000000,0.181100000000,0.177100000000,0.142100000000,0.144700000000,0.185800000000,0.181400000000,0.137100000000,0.142800000000,0.252700000000,0.262500000000,0.179100000000,0.181700000000,0.181200000000,0.177000000000,0.142100000000,0.144800000000,0.134900000000,0.181500000000,0.137000000000,0.142800000000,0.252800000000,0.262400000000,0.179200000000,0.181600000000,0.181100000000,0.177000000000,0.142200000000,0.144700000000,0.134800000000,0.134800000000,0.137100000000,0.142900000000,0.252700000000,0.262400000000,0.179200000000,0.181700000000,0.181100000000,0.177100000000,0.142100000000,0.144700000000,0.134800000000,0.134900000000,0.233300000000,0.142700000000,0.252600000000,0.262500000000,0.179200000000,0.181700000000,0.181300000000,0.177100000000,0.142000000000,0.145000000000,0.135100000000,0.135100000000,0.233500000000,0.224300000000,0.252700000000,0.262500000000,0.179300000000,0.181900000000,0.181300000000,0.177100000000,0.142200000000,0.145000000000,0.135300000000,0.135100000000,0.233400000000,0.223900000000,0.186700000000,0.262500000000,0.179500000000,0.182000000000,0.181200000000,0.177200000000,0.142200000000,0.145000000000,0.135200000000,0.135200000000,0.233400000000,0.224100000000,0.187200000000,0.182400000000,0.179800000000,0.182200000000,0.181200000000,0.177200000000,0.142200000000,0.145100000000,0.135200000000,0.135300000000,0.233700000000,0.224400000000,0.187400000000,0.182600000000,0.137200000000,0.182500000000,0.181100000000,0.177100000000,0.142100000000,0.145000000000,0.135100000000,0.135100000000,0.233500000000,0.224300000000,0.187700000000,0.182800000000,0.137300000000,0.143100000000,0.181100000000,0.177200000000,0.142100000000,0.145200000000,0.135200000000,0.135100000000,0.233500000000,0.223900000000,0.187300000000,0.182800000000,0.137200000000,0.143100000000,0.252800000000,0.177200000000,0.142300000000,0.145200000000,0.135200000000,0.135100000000,0.233400000000,0.223700000000,0.187300000000,0.182900000000,0.137000000000,0.143000000000,0.252900000000,0.262800000000,0.142400000000,0.145200000000,0.135200000000,0.134900000000,0.233400000000,0.223700000000,0.187400000000,0.183000000000,0.136900000000,0.142900000000,0.252700000000,0.262600000000,0.180200000000,0.145200000000,0.135200000000,0.134600000000,0.233400000000,0.223600000000,0.187500000000,0.183100000000,0.136900000000,0.142900000000,0.252700000000,0.262500000000,0.180200000000,0.182500000000,233.2923388270001
contact,15,107.717949,18.054131,4.0,107.72,18.05,233.24534852299985,4.0208,244.37994523499947,0.132700000000,0.132200000000,0.230100000000,0.220100000000,0.214700000000,0.210400000000,0.131300000000,0.137100000000,0.249400000000,0.259700000000,0.181500000000,0.184500000000,0.194400000000,0.132200000000,0.229900000000,0.220100000000,0.214800000000,0.210400000000,0.131200000000,0.137200000000,0.249400000000,0.259800000000,0.181700000000,0.184500000000,0.194400000000,0.187000000000,0.230100000000,0.220100000000,0.214700000000,0.210400000000,0.131200000000,0.137000000000,0.249300000000,0.259700000000,0.181500000000,0.184400000000,0.194300000000,0.187000000000,0.140500000000,0.220200000000,0.214700000000,0.210600000000,0.131300000000,0.137200000000,0.249500000000,0.259700000000,0.181700000000,0.184500000000,0.194300000000,0.186900000000,0.140600000000,0.143500000000,0.214900000000,0.210800000000,0.131300000000,0.137200000000,0.249400000000,0.259700000000,0.181600000000,0.184500000000,0.194200000000,0.186900000000,0.140500000000,0.143500000000,0.132700000000,0.210700000000,0.131200000000,0.137100000000,0.249100000000,0.259600000000,0.181700000000,0.184400000000,0.194200000000,0.186900000000,0.140600000000,0.143500000000,0.132700000000,0.132100000000,0.131200000000,0.137200000000,0.249400000000,0.259700000000,0.181600000000,0.184500000000,0.194200000000,0.186800000000,0.140600000000,0.143400000000,0.132800000000,0.132100000000,0.230100000000,0.137200000000,0.249300000000,0.259700000000,0.181600000000,0.184500000000,0.194000000000,0.186800000000,0.140500000000,0.143300000000,0.132800000000,0.132200000000,0.230000000000,0.220000000000,0.249200000000,0.259600000000,0.181600000000,0.184600000000,0.193900000000,0.186800000000,0.140600000000,0.143400000000,0.132800000000,0.132100000000,0.230000000000,0.220100000000,0.215500000000,0.259600000000,0.181900000000,0.184700000000,0.194100000000,0.186900000000,0.140400000000,0.143400000000,0.132700000000,0.132200000000,0.229900000000,0.219900000000,0.215500000000,0.211200000000,0.182000000000,0.184800000000,0.194000000000,0.186800000000,0.140500000000,0.143400000000,0.132800000000,0.132200000000,0.230000000000,0.220000000000,0.215500000000,0.211200000000,0.131100000000,0.184900000000,0.194100000000,0.186700000000,0.140600000000,0.143400000000,0.132700000000,0.132100000000,0.229900000000,0.219900000000,0.215500000000,0.211000000000,0.131200000000,0.137100000000,0.194100000000,0.186800000000,0.140500000000,0.143500000000,0.132800000000,0.132100000000,0.230000000000,0.220100000000,0.215200000000,0.211000000000,0.131200000000,0.137100000000,0.249300000000,0.186700000000,0.140500000000,0.143400000000,0.132700000000,0.132100000000,0.230000000000,0.220100000000,0.215300000000,0.211000000000,0.131200000000,0.137100000000,0.249100000000,0.259600000000,0.140500000000,0.143500000000,0.132700000000,0.132200000000,0.229900000000,0.220100000000,0.215200000000,0.211000000000,0.131200000000,0.137100000000,0.249200000000,0.259600000000,0.182000000000,0.143500000000,0.132700000000,0.132200000000,0.230100000000,0.220100000000,0.215400000000,0.210900000000,0.131100000000,0.137100000000,0.249200000000,0.259600000000,0.181900000000,0.184800000000,245.4099343629996
baseline,16,71.615385,15.598291,1.0,71.62,15.6,249.67344398000023,0,,0.134300000000,0.133500000000,0.230800000000,0.221000000000,0.267700000000,0.263700000000,0.132500000000,0.139000000000,0.251600000000,0.261700000000,0.184600000000,0.186800000000,0.188900000000,0.133400000000,0.230900000000,0.221000000000,0.268300000000,0.264500000000,0.132400000000,0.138900000000,0.251500000000,0.261700000000,0.184600000000,0.186800000000,0.188900000000,0.182100000000,0.230800000000,0.221000000000,0.269300000000,0.265400000000,0.132500000000,0.138900000000,0.251500000000,0.261600000000,0.184700000000,0.186700000000,0.188800000000,0.182200000000,0.141000000000,0.220900000000,0.270200000000,0.266400000000,0.132300000000,0.139000000000,0.251500000000,0.261700000000,0.184600000000,0.186800000000,0.189000000000,0.182300000000,0.141100000000,0.144100000000,0.271100000000,0.267500000000,0.132300000000,0.139000000000,0.251600000000,0.261700000000,0.184500000000,0.186700000000,0.188900000000,0.182300000000,0.141200000000,0.144000000000,0.134600000000,0.268100000000,0.132200000000,0.138600000000,0.251200000000,0.261600000000,0.184500000000,0.186700000000,0.188900000000,0.182200000000,0.141200000000,0.144000000000,0.134700000000,0.133400000000,0.132200000000,0.138600000000,0.251100000000,0.261600000000,0.184400000000,0.186700000000,0.188800000000,0.182300000000,0.141300000000,0.144300000000,0.134800000000,0.133500000000,0.230900000000,0.138800000000,0.251200000000,0.261500000000,0.184400000000,0.186500000000,0.188800000000,0.182500000000,0.141300000000,0.144500000000,0.135000000000,0.133600000000,0.230800000000,0.221000000000,0.251100000000,0.261300000000,0.184100000000,0.186500000000,0.188600000000,0.182600000000,0.141300000000,0.144500000000,0.135000000000,0.133400000000,0.230800000000,0.220800000000,0.274300000000,0.261200000000,0.184000000000,0.186400000000,0.188500000000,0.182300000000,0.141400000000,0.144500000000,0.135100000000,0.133300000000,0.230600000000,0.220800000000,0.275300000000,0.271500000000,0.183800000000,0.186200000000,0.188000000000,0.182400000000,0.141300000000,0.144400000000,0.135000000000,0.133400000000,0.230700000000,0.221100000000,0.276400000000,0.272400000000,0.132300000000,0.186000000000,0.188100000000,0.182200000000,0.141400000000,0.144600000000,0.135200000000,0.133300000000,0.230600000000,0.220600000000,0.276600000000,0.273000000000,0.132200000000,0.138100000000,0.188000000000,0.182300000000,0.141500000000,0.144500000000,0.135100000000,0.133400000000,0.230700000000,0.220500000000,0.277400000000,0.273700000000,0.132100000000,0.138200000000,0.250800000000,0.182200000000,0.141500000000,0.144500000000,0.135100000000,0.133300000000,0.230700000000,0.220400000000,0.278100000000,0.274500000000,0.131900000000,0.138100000000,0.250900000000,0.260300000000,0.141500000000,0.144700000000,0.135100000000,0.133300000000,0.230600000000,0.220400000000,0.279100000000,0.275300000000,0.132000000000,0.138100000000,0.250700000000,0.260100000000,0.183000000000,0.144500000000,0.135100000000,0.133300000000,0.230500000000,0.220500000000,0.279800000000,0.275800000000,0.132000000000,0.138100000000,0.250600000000,0.260100000000,0.182900000000,0.185400000000,249.7379203700002
contact,16,71.615385,15.598291,1.0,71.62,15.6,249.67344398000023,1.4119,257.91569153099954,0.134200000000,0.132700000000,0.236000000000,0.225700000000,0.199000000000,0.195000000000,0.131700000000,0.137200000000,0.248800000000,0.256900000000,0.178000000000,0.180900000000,0.182600000000,0.132600000000,0.236000000000,0.225700000000,0.198900000000,0.195000000000,0.131900000000,0.137200000000,0.248700000000,0.256900000000,0.177900000000,0.180700000000,0.182600000000,0.179400000000,0.236000000000,0.225600000000,0.198900000000,0.194900000000,0.131900000000,0.137200000000,0.248700000000,0.256900000000,0.178100000000,0.180700000000,0.182500000000,0.179400000000,0.141400000000,0.225700000000,0.199000000000,0.194900000000,0.131800000000,0.137200000000,0.248700000000,0.257000000000,0.178000000000,0.180800000000,0.182500000000,0.179400000000,0.141400000000,0.144300000000,0.199000000000,0.194900000000,0.131900000000,0.137200000000,0.248800000000,0.257000000000,0.178000000000,0.180800000000,0.182500000000,0.179400000000,0.141400000000,0.144500000000,0.134100000000,0.194800000000,0.131800000000,0.137200000000,0.248600000000,0.256900000000,0.178000000000,0.180600000000,0.182500000000,0.179400000000,0.141500000000,0.144500000000,0.134200000000,0.132600000000,0.131800000000,0.137100000000,0.248700000000,0.256900000000,0.177900000000,0.180600000000,0.182600000000,0.179400000000,0.141300000000,0.144500000000,0.134100000000,0.132600000000,0.236000000000,0.137200000000,0.248700000000,0.256900000000,0.177900000000,0.180700000000,0.182600000000,0.179500000000,0.141500000000,0.144500000000,0.134200000000,0.132600000000,0.235900000000,0.225600000000,0.248800000000,0.257000000000,0.178000000000,0.180700000000,0.182500000000,0.179400000000,0.141400000000,0.144300000000,0.134100000000,0.132600000000,0.236000000000,0.225600000000,0.198900000000,0.256900000000,0.178000000000,0.180700000000,0.182500000000,0.179400000000,0.141500000000,0.144700000000,0.134200000000,0.132600000000,0.235900000000,0.225700000000,0.199000000000,0.194900000000,0.178000000000,0.180700000000,0.182500000000,0.179400000000,0.141500000000,0.144500000000,0.134100000000,0.132600000000,0.236000000000,0.225700000000,0.199000000000,0.195000000000,0.131800000000,0.180700000000,0.182500000000,0.179400000000,0.141500000000,0.144500000000,0.134200000000,0.132600000000,0.236100000000,0.225800000000,0.198900000000,0.194900000000,0.131800000000,0.137200000000,0.182600000000,0.179400000000,0.141400000000,0.144300000000,0.134200000000,0.132500000000,0.236100000000,0.225600000000,0.199000000000,0.194900000000,0.131800000000,0.137200000000,0.248800000000,0.179300000000,0.141400000000,0.144500000000,0.134200000000,0.132600000000,0.236000000000,0.225500000000,0.199000000000,0.195000000000,0.131800000000,0.137200000000,0.248700000000,0.256800000000,0.141500000000,0.144400000000,0.134100000000,0.132600000000,0.235800000000,0.225600000000,0.198900000000,0.195000000000,0.131800000000,0.137200000000,0.248600000000,0.256900000000,0.178000000000,0.144400000000,0.134100000000,0.132600000000,0.236100000000,0.225600000000,0.199000000000,0.194800000000,0.131700000000,0.137100000000,0.248700000000,0.256800000000,0.177900000000,0.180500000000,259.0419046500001
baseline,17,53.564103,22.977208,3.0,53.56,22.98,261.9680279029999,0,,0.134300000000,0.133900000000,0.234500000000,0.225100000000,0.203300000000,0.200400000000,0.135900000000,0.145500000000,0.255100000000,0.260200000000,0.175600000000,0.178100000000,0.184300000000,0.133800000000,0.234600000000,0.225000000000,0.203100000000,0.200300000000,0.135900000000,0.145500000000,0.255000000000,0.260300000000,0.175500000000,0.178000000000,0.184300000000,0.179500000000,0.234700000000,0.225100000000,0.203000000000,0.200300000000,0.135900000000,0.145600000000,0.255200000000,0.260300000000,0.175500000000,0.178000000000,0.184400000000,0.179500000000,0.140500000000,0.224900000000,0.203000000000,0.200300000000,0.135900000000,0.142200000000,0.251500000000,0.259700000000,0.175400000000,0.177900000000,0.184000000000,0.179500000000,0.140500000000,0.143900000000,0.202900000000,0.200300000000,0.136000000000,0.145300000000,0.254900000000,0.260800000000,0.176000000000,0.178400000000,0.184600000000,0.179400000000,0.140600000000,0.143800000000,0.134200000000,0.200300000000,0.136000000000,0.145400000000,0.254900000000,0.260900000000,0.176200000000,0.178600000000,0.185000000000,0.179500000000,0.140500000000,0.143800000000,0.134300000000,0.134000000000,0.136100000000,0.145700000000,0.255300000000,0.261800000000,0.176900000000,0.179100000000,0.185400000000,0.179500000000,0.140500000000,0.143800000000,0.134400000000,0.134100000000,0.234500000000,0.145700000000,0.255400000000,0.262000000000,0.177000000000,0.179300000000,0.185500000000,0.179400000000,0.140600000000,0.143800000000,0.134300000000,0.134300000000,0.234400000000,0.224700000000,0.255300000000,0.261800000000,0.177100000000,0.179400000000,0.185500000000,0.179600000000,0.140700000000,0.143900000000,0.134400000000,0.134200000000,0.234300000000,0.224700000000,0.203000000000,0.261800000000,0.177100000000,0.179400000000,0.185600000000,0.179600000000,0.140500000000,0.143900000000,0.134400000000,0.134100000000,0.234400000000,0.224700000000,0.203000000000,0.200200000000,0.177000000000,0.179400000000,0.185600000000,0.179600000000,0.140700000000,0.143900000000,0.134200000000,0.133900000000,0.234300000000,0.224500000000,0.202900000000,0.200300000000,0.135900000000,0.179300000000,0.185600000000,0.179500000000,0.140600000000,0.143900000000,0.134200000000,0.133800000000,0.234000000000,0.224000000000,0.202100000000,0.198900000000,0.134400000000,0.141000000000,0.184900000000,0.179500000000,0.140700000000,0.143800000000,0.134200000000,0.133200000000,0.233700000000,0.223600000000,0.202100000000,0.198600000000,0.134100000000,0.140800000000,0.250900000000,0.179500000000,0.140600000000,0.143800000000,0.134000000000,0.133200000000,0.233700000000,0.223800000000,0.202000000000,0.198600000000,0.134200000000,0.142400000000,0.254300000000,0.261800000000,0.140600000000,0.143800000000,0.134100000000,0.133700000000,0.234000000000,0.224600000000,0.202900000000,0.200200000000,0.135800000000,0.145500000000,0.255000000000,0.261600000000,0.177100000000,0.143800000000,0.134200000000,0.133600000000,0.234400000000,0.224700000000,0.202800000000,0.200200000000,0.135900000000,0.145300000000,0.255100000000,0.261700000000,0.177100000000,0.179300000000,262.07201642899963
contact,17,53.564103,22.977208,3.0,53.56,22.98,261.9680279029999,3.3969,272.4566266869997,0.135000000000,0.135400000000,0.234100000000,0.224000000000,0.201000000000,0.198400000000,0.133800000000,0.143400000000,0.254500000000,0.260800000000,0.174900000000,0.176900000000,0.183300000000,0.135400000000,0.234100000000,0.223900000000,0.201000000000,0.198500000000,0.133700000000,0.143400000000,0.254600000000,0.260700000000,0.175000000000,0.176800000000,0.183300000000,0.177800000000,0.234200000000,0.223800000000,0.201100000000,0.198500000000,0.133700000000,0.143400000000,0.254400000000,0.260800000000,0.175000000000,0.176800000000,0.183300000000,0.177900000000,0.140000000000,0.223900000000,0.201100000000,0.198400000000,0.133800000000,0.143400000000,0.254400000000,0.260800000000,0.175000000000,0.176900000000,0.183300000000,0.178000000000,0.140100000000,0.143100000000,0.201100000000,0.198400000000,0.133800000000,0.143400000000,0.254400000000,0.260800000000,0.175100000000,0.176900000000,0.183300000000,0.177900000000,0.140000000000,0.143200000000,0.135100000000,0.198400000000,0.133800000000,0.143400000000,0.254500000000,0.260800000000,0.175000000000,0.176900000000,0.183300000000,0.177900000000,0.140100000000,0.143200000000,0.135000000000,0.135500000000,0.133700000000,0.143300000000,0.254400000000,0.260700000000,0.175000000000,0.176800000000,0.183200000000,0.177800000000,0.140100000000,0.143200000000,0.135000000000,0.135500000000,0.234200000000,0.143400000000,0.254500000000,0.260800000000,0.175000000000,0.176900000000,0.183300000000,0.177800000000,0.140100000000,0.143100000000,0.135000000000,0.135500000000,0.234000000000,0.223800000000,0.254400000000,0.260800000000,0.175000000000,0.176800000000,0.183200000000,0.177800000000,0.140200000000,0.143200000000,0.135000000000,0.135400000000,0.234000000000,0.223900000000,0.201000000000,0.260800000000,0.175000000000,0.176800000000,0.183200000000,0.177800000000,0.140100000000,0.143100000000,0.135100000000,0.135500000000,0.234100000000,0.223900000000,0.201000000000,0.198400000000,0.175000000000,0.176800000000,0.183200000000,0.177800000000,0.140100000000,0.143400000000,0.134900000000,0.135400000000,0.234100000000,0.223800000000,0.201000000000,0.198600000000,0.133700000000,0.176900000000,0.183200000000,0.177900000000,0.140100000000,0.143300000000,0.134900000000,0.135400000000,0.233900000000,0.223700000000,0.200900000000,0.198400000000,0.133700000000,0.143300000000,0.183200000000,0.177800000000,0.140000000000,0.143200000000,0.134900000000,0.135400000000,0.234000000000,0.223900000000,0.200900000000,0.198400000000,0.133700000000,0.143300000000,0.254300000000,0.177800000000,0.140100000000,0.143200000000,0.134900000000,0.135500000000,0.234000000000,0.223900000000,0.200900000000,0.198400000000,0.133700000000,0.143200000000,0.254300000000,0.260700000000,0.140100000000,0.143300000000,0.134900000000,0.135500000000,0.233900000000,0.223700000000,0.201000000000,0.198300000000,0.133700000000,0.143300000000,0.254400000000,0.260700000000,0.175000000000,0.143300000000,0.134900000000,0.135500000000,0.233900000000,0.223800000000,0.200900000000,0.198400000000,0.133600000000,0.143300000000,0.254400000000,0.260800000000,0.175000000000,0.176900000000,273.5390966519999
baseline,18,88.025641,17.712251,2.0,88.03,17.71,277.6899524069995,0,,0.134200000000,0.134700000000,0.233100000000,0.223000000000,0.209200000000,0.205900000000,0.132900000000,0.141000000000,0.252400000000,0.260400000000,0.174600000000,0.176600000000,0.182800000000,0.134500000000,0.233200000000,0.223000000000,0.209200000000,0.206000000000,0.132900000000,0.140700000000,0.252000000000,0.260400000000,0.174600000000,0.176400000000,0.182700000000,0.177700000000,0.232900000000,0.222600000000,0.208900000000,0.205800000000,0.132500000000,0.140700000000,0.252000000000,0.260200000000,0.174600000000,0.176400000000,0.182600000000,0.177700000000,0.141100000000,0.222600000000,0.208900000000,0.205800000000,0.132500000000,0.140900000000,0.252400000000,0.260300000000,0.174500000000,0.176400000000,0.182800000000,0.177700000000,0.141000000000,0.144100000000,0.209000000000,0.205900000000,0.132500000000,0.140500000000,0.252000000000,0.260200000000,0.174400000000,0.176300000000,0.182600000000,0.177600000000,0.141200000000,0.144300000000,0.134000000000,0.206000000000,0.132400000000,0.140500000000,0.251900000000,0.260200000000,0.174400000000,0.176300000000,0.182600000000,0.177600000000,0.141200000000,0.144200000000,0.134000000000,0.134300000000,0.132500000000,0.140400000000,0.252000000000,0.260200000000,0.174400000000,0.176300000000,0.182600000000,0.177700000000,0.141100000000,0.144100000000,0.134000000000,0.134300000000,0.233000000000,0.140500000000,0.252000000000,0.260300000000,0.174300000000,0.176300000000,0.182700000000,0.177700000000,0.141200000000,0.144200000000,0.134000000000,0.134300000000,0.232800000000,0.222500000000,0.252100000000,0.260300000000,0.174300000000,0.176200000000,0.182700000000,0.177800000000,0.141100000000,0.144100000000,0.134000000000,0.134300000000,0.232900000000,0.222600000000,0.209900000000,0.260300000000,0.174300000000,0.176300000000,0.182600000000,0.177700000000,0.141100000000,0.144200000000,0.133900000000,0.134300000000,0.232800000000,0.222600000000,0.210100000000,0.206800000000,0.174400000000,0.176200000000,0.182600000000,0.177700000000,0.141100000000,0.144200000000,0.133900000000,0.134200000000,0.232700000000,0.222500000000,0.210100000000,0.206900000000,0.132500000000,0.176200000000,0.182500000000,0.177700000000,0.141100000000,0.144100000000,0.134100000000,0.134100000000,0.232700000000,0.222400000000,0.210200000000,0.206900000000,0.132500000000,0.140900000000,0.182500000000,0.177600000000,0.140900000000,0.144200000000,0.133900000000,0.134100000000,0.232800000000,0.222600000000,0.210500000000,0.207200000000,0.132500000000,0.140900000000,0.252400000000,0.177700000000,0.140900000000,0.144200000000,0.133900000000,0.134100000000,0.232800000000,0.222500000000,0.210300000000,0.207200000000,0.132500000000,0.140900000000,0.252400000000,0.260200000000,0.141000000000,0.144200000000,0.134000000000,0.134000000000,0.232800000000,0.222500000000,0.210500000000,0.207300000000,0.132500000000,0.141000000000,0.252400000000,0.260200000000,0.174400000000,0.144100000000,0.134000000000,0.134100000000,0.232700000000,0.222500000000,0.210500000000,0.207400000000,0.132500000000,0.141000000000,0.252400000000,0.260200000000,0.174300000000,0.176200000000,277.8666186720002
contact,18,88.025641,17.712251,2.0,88.03,17.71,277.6899524069995,2.2908,287.5524607039997,0.132800000000,0.132100000000,0.230100000000,0.220200000000,0.249400000000,0.245800000000,0.132600000000,0.138800000000,0.260400000000,0.266700000000,0.174500000000,0.176400000000,0.185000000000,0.132100000000,0.230000000000,0.220100000000,0.249400000000,0.245700000000,0.132700000000,0.138800000000,0.260400000000,0.266700000000,0.174500000000,0.176400000000,0.185000000000,0.180300000000,0.230000000000,0.220100000000,0.249500000000,0.246000000000,0.132700000000,0.138900000000,0.260200000000,0.266500000000,0.174500000000,0.176300000000,0.185000000000,0.180400000000,0.140000000000,0.220100000000,0.249600000000,0.245900000000,0.132700000000,0.138900000000,0.260400000000,0.266600000000,0.174600000000,0.176400000000,0.185000000000,0.180300000000,0.140000000000,0.143100000000,0.249500000000,0.245800000000,0.132800000000,0.138800000000,0.260300000000,0.266700000000,0.174500000000,0.176300000000,0.185000000000,0.180400000000,0.140100000000,0.143200000000,0.133000000000,0.246100000000,0.132800000000,0.138700000000,0.260400000000,0.266600000000,0.174600000000,0.176300000000,0.185100000000,0.180300000000,0.139900000000,0.143100000000,0.132900000000,0.132300000000,0.132700000000,0.138800000000,0.260300000000,0.266500000000,0.174600000000,0.176300000000,0.185100000000,0.180400000000,0.140000000000,0.143200000000,0.132900000000,0.132100000000,0.230000000000,0.138600000000,0.260200000000,0.266500000000,0.174500000000,0.176300000000,0.185000000000,0.180300000000,0.140000000000,0.143200000000,0.132800000000,0.132000000000,0.229800000000,0.219900000000,0.260200000000,0.266500000000,0.174500000000,0.176400000000,0.185100000000,0.180400000000,0.140100000000,0.143200000000,0.132900000000,0.132000000000,0.229900000000,0.220000000000,0.249600000000,0.266500000000,0.174500000000,0.176400000000,0.185000000000,0.180200000000,0.139900000000,0.143200000000,0.132900000000,0.132100000000,0.229900000000,0.220000000000,0.249600000000,0.246000000000,0.174500000000,0.176300000000,0.185100000000,0.180400000000,0.139900000000,0.143000000000,0.132800000000,0.132000000000,0.229800000000,0.220000000000,0.249600000000,0.246100000000,0.132600000000,0.176400000000,0.185000000000,0.180300000000,0.139900000000,0.143000000000,0.132900000000,0.132100000000,0.230000000000,0.220100000000,0.249800000000,0.246300000000,0.132700000000,0.138800000000,0.185000000000,0.180300000000,0.139900000000,0.143200000000,0.132800000000,0.132100000000,0.229900000000,0.219900000000,0.249800000000,0.246200000000,0.132600000000,0.138600000000,0.260400000000,0.180200000000,0.140000000000,0.143000000000,0.132900000000,0.132100000000,0.230000000000,0.220000000000,0.249700000000,0.246000000000,0.132600000000,0.138700000000,0.260300000000,0.266500000000,0.140000000000,0.143100000000,0.132800000000,0.132100000000,0.229800000000,0.219900000000,0.249600000000,0.246000000000,0.132500000000,0.138700000000,0.260200000000,0.266400000000,0.174500000000,0.143000000000,0.132700000000,0.132100000000,0.230000000000,0.220000000000,0.249600000000,0.246100000000,0.132500000000,0.138700000000,0.260400000000,0.266500000000,0.174600000000,0.176400000000,288.68493869400027
baseline,19,58.487179,21.039886,2.0,58.49,21.04,292.4235607109995,0,,0.132300000000,0.131900000000,0.229600000000,0.219300000000,0.254000000000,0.250500000000,0.133300000000,0.138700000000,0.254100000000,0.264900000000,0.173500000000,0.175800000000,0.182800000000,0.131600000000,0.229600000000,0.219200000000,0.254100000000,0.250400000000,0.133000000000,0.138600000000,0.254400000000,0.265000000000,0.173600000000,0.175700000000,0.182800000000,0.177600000000,0.229500000000,0.219300000000,0.254300000000,0.250400000000,0.133200000000,0.139400000000,0.255300000000,0.265000000000,0.173500000000,0.175800000000,0.183000000000,0.177800000000,0.139100000000,0.219500000000,0.254300000000,0.250600000000,0.133300000000,0.139800000000,0.255800000000,0.265000000000,0.173700000000,0.175800000000,0.183000000000,0.177600000000,0.139200000000,0.142300000000,0.254100000000,0.250200000000,0.132800000000,0.138300000000,0.253700000000,0.264700000000,0.173400000000,0.175600000000,0.182700000000,0.177700000000,0.139100000000,0.142200000000,0.132200000000,0.250000000000,0.132800000000,0.138400000000,0.253800000000,0.264500000000,0.173500000000,0.175600000000,0.182800000000,0.177700000000,0.139100000000,0.142200000000,0.132200000000,0.131600000000,0.132700000000,0.138300000000,0.253600000000,0.264500000000,0.173500000000,0.175600000000,0.182800000000,0.177600000000,0.139200000000,0.142200000000,0.132100000000,0.131700000000,0.229500000000,0.138300000000,0.253600000000,0.264500000000,0.173400000000,0.175600000000,0.182700000000,0.177700000000,0.139200000000,0.142200000000,0.132100000000,0.131600000000,0.229500000000,0.219300000000,0.253700000000,0.264500000000,0.173400000000,0.175500000000,0.182700000000,0.177800000000,0.139200000000,0.142300000000,0.132100000000,0.131600000000,0.229400000000,0.219100000000,0.254000000000,0.264600000000,0.173500000000,0.175400000000,0.182700000000,0.177700000000,0.139100000000,0.142100000000,0.132100000000,0.131500000000,0.229500000000,0.219200000000,0.254000000000,0.250200000000,0.173400000000,0.175500000000,0.182700000000,0.177700000000,0.139200000000,0.142200000000,0.132000000000,0.131600000000,0.229400000000,0.219300000000,0.254300000000,0.250400000000,0.132800000000,0.175400000000,0.182800000000,0.177700000000,0.139200000000,0.142200000000,0.132100000000,0.131600000000,0.229500000000,0.219200000000,0.254300000000,0.250500000000,0.132700000000,0.138400000000,0.182700000000,0.177700000000,0.139100000000,0.142200000000,0.132100000000,0.131600000000,0.229400000000,0.219100000000,0.254500000000,0.250600000000,0.132700000000,0.138300000000,0.253700000000,0.177600000000,0.139100000000,0.142200000000,0.132100000000,0.131500000000,0.229400000000,0.219300000000,0.254300000000,0.250500000000,0.132800000000,0.138300000000,0.253700000000,0.264700000000,0.139100000000,0.142100000000,0.132200000000,0.131500000000,0.229400000000,0.219300000000,0.254500000000,0.250500000000,0.132800000000,0.138300000000,0.253700000000,0.264700000000,0.173400000000,0.142200000000,0.132200000000,0.131500000000,0.229500000000,0.219300000000,0.254500000000,0.250600000000,0.132700000000,0.138400000000,0.253700000000,0.264700000000,0.173500000000,0.175500000000,292.5789415090003
contact,19,58.487179,21.039886,2.0,58.49,21.04,292.4235607109995,2.0072,302.112270224,0.133100000000,0.132300000000,0.229300000000,0.218800000000,0.256100000000,0.252200000000,0.129500000000,0.134900000000,0.252300000000,0.263900000000,0.172800000000,0.174600000000,0.182100000000,0.132200000000,0.229200000000,0.218700000000,0.256400000000,0.252400000000,0.129400000000,0.134900000000,0.252500000000,0.263900000000,0.172800000000,0.174700000000,0.182200000000,0.178300000000,0.229300000000,0.218800000000,0.256300000000,0.252400000000,0.129500000000,0.134900000000,0.252400000000,0.263800000000,0.172800000000,0.174700000000,0.182200000000,0.178300000000,0.131400000000,0.218600000000,0.256400000000,0.252300000000,0.129400000000,0.135000000000,0.252200000000,0.263800000000,0.172800000000,0.174600000000,0.182300000000,0.178300000000,0.131500000000,0.134700000000,0.256300000000,0.252300000000,0.129400000000,0.134900000000,0.252300000000,0.263900000000,0.172800000000,0.174600000000,0.182200000000,0.178100000000,0.131600000000,0.134700000000,0.133100000000,0.252400000000,0.129400000000,0.134800000000,0.252300000000,0.263900000000,0.172700000000,0.174700000000,0.182100000000,0.178200000000,0.131600000000,0.134900000000,0.133200000000,0.132200000000,0.129500000000,0.134800000000,0.252300000000,0.263800000000,0.172800000000,0.174700000000,0.182200000000,0.178300000000,0.131600000000,0.134800000000,0.133200000000,0.132300000000,0.229200000000,0.134900000000,0.252300000000,0.263900000000,0.172800000000,0.174600000000,0.182300000000,0.178200000000,0.131500000000,0.134800000000,0.133100000000,0.132200000000,0.229100000000,0.218600000000,0.252400000000,0.263800000000,0.172800000000,0.174800000000,0.182300000000,0.178300000000,0.131500000000,0.134700000000,0.133100000000,0.132200000000,0.229200000000,0.218600000000,0.256400000000,0.263800000000,0.172900000000,0.174700000000,0.182200000000,0.178400000000,0.131500000000,0.134700000000,0.133100000000,0.132200000000,0.229100000000,0.218600000000,0.256300000000,0.252300000000,0.172800000000,0.174600000000,0.182300000000,0.178300000000,0.131500000000,0.134600000000,0.133100000000,0.132200000000,0.229100000000,0.218500000000,0.256400000000,0.252200000000,0.129300000000,0.174700000000,0.182300000000,0.178300000000,0.131500000000,0.134700000000,0.133100000000,0.132300000000,0.229100000000,0.218600000000,0.256500000000,0.252300000000,0.129300000000,0.134900000000,0.182200000000,0.178300000000,0.131400000000,0.134800000000,0.133100000000,0.132200000000,0.229100000000,0.218500000000,0.256400000000,0.252100000000,0.129300000000,0.134800000000,0.252500000000,0.178300000000,0.131400000000,0.134700000000,0.133000000000,0.132200000000,0.229100000000,0.218600000000,0.256100000000,0.252000000000,0.129300000000,0.134800000000,0.252500000000,0.263900000000,0.131500000000,0.134700000000,0.133100000000,0.132200000000,0.229000000000,0.218500000000,0.256200000000,0.252200000000,0.129300000000,0.134800000000,0.252400000000,0.263800000000,0.172800000000,0.134700000000,0.133200000000,0.132200000000,0.229000000000,0.218500000000,0.256200000000,0.251900000000,0.129300000000,0.134700000000,0.252400000000,0.263900000000,0.172800000000,0.174600000000,303.1821569369995
baseline,20,65.051282,22.937322,3.0,65.05,22.94,305.2140430119998,0,,0.132000000000,0.132800000000,0.229000000000,0.219200000000,0.258300000000,0.255700000000,0.132200000000,0.141400000000,0.259100000000,0.265700000000,0.173600000000,0.175700000000,0.183200000000,0.132900000000,0.229100000000,0.219200000000,0.258200000000,0.255700000000,0.132100000000,0.141600000000,0.259200000000,0.265500000000,0.173500000000,0.175600000000,0.182900000000,0.178100000000,0.228800000000,0.218500000000,0.258000000000,0.254500000000,0.130800000000,0.137900000000,0.257700000000,0.265700000000,0.173600000000,0.175600000000,0.183200000000,0.178100000000,0.142700000000,0.219200000000,0.258500000000,0.255800000000,0.132200000000,0.141700000000,0.259400000000,0.265600000000,0.173600000000,0.175700000000,0.183200000000,0.178100000000,0.142800000000,0.145600000000,0.258500000000,0.255900000000,0.132100000000,0.141600000000,0.259400000000,0.265700000000,0.173600000000,0.175700000000,0.183200000000,0.178200000000,0.142800000000,0.145600000000,0.132300000000,0.255600000000,0.132000000000,0.141600000000,0.259300000000,0.265700000000,0.173800000000,0.175800000000,0.183300000000,0.178100000000,0.142700000000,0.145700000000,0.132500000000,0.133300000000,0.132100000000,0.141700000000,0.259400000000,0.265800000000,0.173600000000,0.175700000000,0.183300000000,0.178300000000,0.142900000000,0.145700000000,0.132400000000,0.133200000000,0.229100000000,0.141500000000,0.259300000000,0.265800000000,0.173800000000,0.175800000000,0.183300000000,0.178300000000,0.142900000000,0.145700000000,0.132500000000,0.133500000000,0.229100000000,0.219400000000,0.259500000000,0.265800000000,0.173700000000,0.175800000000,0.183300000000,0.178300000000,0.142900000000,0.145700000000,0.132500000000,0.133300000000,0.229000000000,0.219300000000,0.258500000000,0.265600000000,0.173700000000,0.175800000000,0.183300000000,0.178200000000,0.143000000000,0.145600000000,0.132500000000,0.133300000000,0.229100000000,0.219300000000,0.258500000000,0.255700000000,0.173700000000,0.175800000000,0.183200000000,0.178200000000,0.142800000000,0.145800000000,0.132500000000,0.133300000000,0.229000000000,0.219300000000,0.258300000000,0.255600000000,0.132000000000,0.175700000000,0.183200000000,0.178100000000,0.142900000000,0.145800000000,0.132500000000,0.133100000000,0.229100000000,0.219200000000,0.258200000000,0.255500000000,0.132100000000,0.141700000000,0.183300000000,0.178200000000,0.143100000000,0.145800000000,0.132400000000,0.133200000000,0.229100000000,0.219400000000,0.258400000000,0.255700000000,0.132000000000,0.141600000000,0.259400000000,0.178200000000,0.143000000000,0.145800000000,0.132500000000,0.133300000000,0.229100000000,0.219400000000,0.258300000000,0.255700000000,0.132000000000,0.141600000000,0.259400000000,0.265700000000,0.142900000000,0.145800000000,0.132400000000,0.133200000000,0.229100000000,0.219300000000,0.258400000000,0.255500000000,0.132100000000,0.141600000000,0.259300000000,0.265600000000,0.173700000000,0.146000000000,0.132400000000,0.133200000000,0.229100000000,0.219300000000,0.258300000000,0.255400000000,0.132100000000,0.141500000000,0.259300000000,0.265700000000,0.173600000000,0.175600000000,305.346956845
contact,20,65.051282,22.937322,3.0,65.05,22.94,305.2140430119998,3.3618,315.15116267400026,0.132100000000,0.131300000000,0.215500000000,0.203400000000,0.262500000000,0.259100000000,0.133000000000,0.140100000000,0.253900000000,0.263900000000,0.172700000000,0.174700000000,0.181800000000,0.131400000000,0.215400000000,0.203400000000,0.262300000000,0.259200000000,0.133000000000,0.140000000000,0.254000000000,0.263900000000,0.172700000000,0.174700000000,0.181800000000,0.177600000000,0.215300000000,0.203300000000,0.262400000000,0.259100000000,0.133100000000,0.140000000000,0.254000000000,0.264000000000,0.172700000000,0.174700000000,0.181900000000,0.177600000000,0.142800000000,0.203400000000,0.262200000000,0.259000000000,0.133100000000,0.139900000000,0.253900000000,0.263800000000,0.172800000000,0.174600000000,0.181900000000,0.177500000000,0.142800000000,0.145700000000,0.262300000000,0.259100000000,0.133100000000,0.140000000000,0.253900000000,0.263900000000,0.172700000000,0.174700000000,0.181800000000,0.177500000000,0.142800000000,0.145700000000,0.132100000000,0.259100000000,0.133100000000,0.140100000000,0.253900000000,0.263800000000,0.172800000000,0.174600000000,0.181800000000,0.177600000000,0.142900000000,0.145800000000,0.132100000000,0.131400000000,0.133100000000,0.139900000000,0.253900000000,0.263900000000,0.172700000000,0.174700000000,0.181800000000,0.177400000000,0.142900000000,0.145800000000,0.132100000000,0.131300000000,0.215500000000,0.140000000000,0.253900000000,0.263900000000,0.172600000000,0.174700000000,0.181800000000,0.177500000000,0.142800000000,0.145800000000,0.132000000000,0.131300000000,0.215400000000,0.203400000000,0.253800000000,0.263800000000,0.172700000000,0.174600000000,0.181800000000,0.177500000000,0.142800000000,0.145700000000,0.132100000000,0.131300000000,0.215500000000,0.203500000000,0.262100000000,0.263900000000,0.172700000000,0.174700000000,0.181800000000,0.177600000000,0.142700000000,0.145800000000,0.132100000000,0.131400000000,0.215400000000,0.203300000000,0.262200000000,0.259000000000,0.172700000000,0.174600000000,0.181800000000,0.177500000000,0.142900000000,0.145700000000,0.132100000000,0.131400000000,0.215300000000,0.203300000000,0.262300000000,0.259200000000,0.132900000000,0.174600000000,0.181800000000,0.177500000000,0.142800000000,0.145800000000,0.132100000000,0.131300000000,0.215300000000,0.203400000000,0.262200000000,0.259100000000,0.132900000000,0.139600000000,0.181800000000,0.177500000000,0.142700000000,0.145700000000,0.132200000000,0.131300000000,0.215300000000,0.203400000000,0.262100000000,0.259000000000,0.132800000000,0.139500000000,0.253500000000,0.177400000000,0.142800000000,0.145700000000,0.132200000000,0.131200000000,0.215300000000,0.203200000000,0.262300000000,0.259100000000,0.132800000000,0.139500000000,0.253500000000,0.263800000000,0.142900000000,0.145900000000,0.132100000000,0.131300000000,0.215200000000,0.203300000000,0.262200000000,0.259100000000,0.132900000000,0.139500000000,0.253600000000,0.263800000000,0.172700000000,0.145700000000,0.132100000000,0.131400000000,0.215200000000,0.203200000000,0.262300000000,0.259100000000,0.132900000000,0.139500000000,0.253600000000,0.263800000000,0.172800000000,0.174600000000,316.164467605
baseline,21,99.512821,29.358974,4.0,99.51,29.36,320.3250297960003,0,,0.136100000000,0.136400000000,0.233900000000,0.223600000000,0.258700000000,0.254800000000,0.132200000000,0.138200000000,0.254600000000,0.264900000000,0.305100000000,0.307200000000,0.181300000000,0.136600000000,0.234000000000,0.223900000000,0.258200000000,0.254400000000,0.132000000000,0.137900000000,0.254300000000,0.264900000000,0.304600000000,0.304000000000,0.181200000000,0.176800000000,0.234000000000,0.223600000000,0.258200000000,0.255300000000,0.132300000000,0.138500000000,0.254700000000,0.264900000000,0.301300000000,0.303100000000,0.181300000000,0.176700000000,0.143200000000,0.223900000000,0.258600000000,0.255100000000,0.132200000000,0.138500000000,0.254500000000,0.264900000000,0.302100000000,0.303500000000,0.181200000000,0.176700000000,0.143200000000,0.146300000000,0.258500000000,0.255100000000,0.132300000000,0.138400000000,0.254500000000,0.264900000000,0.302100000000,0.302200000000,0.181100000000,0.176800000000,0.143300000000,0.146500000000,0.136600000000,0.255800000000,0.132100000000,0.137700000000,0.253900000000,0.264900000000,0.301700000000,0.303000000000,0.181100000000,0.176900000000,0.143200000000,0.146400000000,0.136600000000,0.137200000000,0.132300000000,0.138500000000,0.254600000000,0.264900000000,0.301500000000,0.303300000000,0.181200000000,0.176800000000,0.143300000000,0.146400000000,0.136800000000,0.137300000000,0.234200000000,0.138400000000,0.254600000000,0.265000000000,0.301500000000,0.302400000000,0.181400000000,0.176800000000,0.143300000000,0.146400000000,0.136500000000,0.137200000000,0.234100000000,0.223700000000,0.254700000000,0.265000000000,0.300400000000,0.299900000000,0.181300000000,0.176700000000,0.143300000000,0.146400000000,0.136600000000,0.137200000000,0.234000000000,0.223700000000,0.259600000000,0.264900000000,0.297900000000,0.301500000000,0.181200000000,0.176800000000,0.143300000000,0.146400000000,0.136600000000,0.137100000000,0.234100000000,0.223600000000,0.259400000000,0.255900000000,0.300700000000,0.303200000000,0.181200000000,0.176800000000,0.143300000000,0.146400000000,0.136500000000,0.137200000000,0.234000000000,0.223500000000,0.257900000000,0.254600000000,0.132300000000,0.304200000000,0.181200000000,0.176700000000,0.143300000000,0.146400000000,0.136500000000,0.137100000000,0.234100000000,0.223700000000,0.258500000000,0.255400000000,0.132300000000,0.138300000000,0.181200000000,0.176700000000,0.143300000000,0.146400000000,0.136500000000,0.137200000000,0.234200000000,0.223700000000,0.258400000000,0.255200000000,0.132200000000,0.138400000000,0.254400000000,0.176700000000,0.143300000000,0.146400000000,0.136700000000,0.137100000000,0.234100000000,0.223700000000,0.258000000000,0.255100000000,0.132300000000,0.138300000000,0.254300000000,0.264900000000,0.143300000000,0.146300000000,0.136600000000,0.137100000000,0.234100000000,0.223600000000,0.258100000000,0.255200000000,0.132200000000,0.138400000000,0.254400000000,0.264800000000,0.304700000000,0.146400000000,0.136500000000,0.137000000000,0.234000000000,0.223500000000,0.258300000000,0.254800000000,0.132200000000,0.138300000000,0.254400000000,0.264800000000,0.300900000000,0.301300000000,320.4920906460002
contact,21,99.512821,29.358974,4.0,99.51,29.36,320.3250297960003,4.1485,331.72700567099946,0.135400000000,0.135200000000,0.232400000000,0.222300000000,0.270900000000,0.267800000000,0.131100000000,0.136600000000,0.256300000000,0.265300000000,0.210500000000,0.212700000000,0.185200000000,0.135100000000,0.232300000000,0.222300000000,0.271300000000,0.268000000000,0.131100000000,0.136700000000,0.256300000000,0.265200000000,0.210300000000,0.212500000000,0.185200000000,0.183300000000,0.232300000000,0.222200000000,0.271300000000,0.267800000000,0.131100000000,0.136700000000,0.256400000000,0.265400000000,0.210400000000,0.212400000000,0.185100000000,0.183200000000,0.142700000000,0.222200000000,0.271300000000,0.267800000000,0.131100000000,0.136700000000,0.256400000000,0.265400000000,0.210300000000,0.212500000000,0.185100000000,0.183300000000,0.142600000000,0.145400000000,0.271200000000,0.267600000000,0.131200000000,0.136700000000,0.256300000000,0.265400000000,0.210400000000,0.212500000000,0.185100000000,0.183400000000,0.142600000000,0.145500000000,0.135300000000,0.267600000000,0.131100000000,0.136700000000,0.256500000000,0.265400000000,0.210200000000,0.212700000000,0.185200000000,0.183500000000,0.142700000000,0.145500000000,0.135400000000,0.135100000000,0.131200000000,0.136700000000,0.256500000000,0.265500000000,0.210400000000,0.212800000000,0.185200000000,0.183400000000,0.142600000000,0.145400000000,0.135500000000,0.135100000000,0.232300000000,0.136700000000,0.256300000000,0.265400000000,0.210500000000,0.212800000000,0.185100000000,0.183100000000,0.142700000000,0.145600000000,0.135400000000,0.135200000000,0.232400000000,0.222300000000,0.256500000000,0.265400000000,0.210600000000,0.212800000000,0.185100000000,0.183100000000,0.142700000000,0.145400000000,0.135400000000,0.135100000000,0.232300000000,0.222300000000,0.271400000000,0.265400000000,0.210500000000,0.212600000000,0.185000000000,0.183100000000,0.142700000000,0.145500000000,0.135400000000,0.135200000000,0.232400000000,0.222300000000,0.271400000000,0.267700000000,0.210000000000,0.212300000000,0.185200000000,0.183400000000,0.142700000000,0.145500000000,0.135400000000,0.135100000000,0.232300000000,0.222200000000,0.271300000000,0.267700000000,0.131200000000,0.212200000000,0.185000000000,0.183100000000,0.142800000000,0.145600000000,0.135600000000,0.135100000000,0.232300000000,0.222200000000,0.271400000000,0.267800000000,0.131100000000,0.136700000000,0.184900000000,0.183200000000,0.142700000000,0.145500000000,0.135300000000,0.135100000000,0.232300000000,0.222200000000,0.271300000000,0.267500000000,0.131000000000,0.136700000000,0.256400000000,0.183200000000,0.142700000000,0.145500000000,0.135600000000,0.135100000000,0.232300000000,0.222200000000,0.271000000000,0.267400000000,0.131100000000,0.136700000000,0.256300000000,0.265300000000,0.142800000000,0.145500000000,0.135400000000,0.135100000000,0.232300000000,0.222200000000,0.270900000000,0.267300000000,0.131100000000,0.136700000000,0.256500000000,0.265300000000,0.209900000000,0.145500000000,0.135400000000,0.135100000000,0.232400000000,0.222200000000,0.271000000000,0.267600000000,0.131100000000,0.136600000000,0.256300000000,0.265400000000,0.210000000000,0.212200000000,332.82645745900027
baseline,22,51.923077,21.017094,1.0,51.92,21.02,338.0019122900003,0,,0.133300000000,0.133900000000,0.232400000000,0.222200000000,0.270000000000,0.266300000000,0.131500000000,0.138400000000,0.259300000000,0.268000000000,0.360000000000,0.361700000000,0.184500000000,0.134000000000,0.232400000000,0.222600000000,0.269900000000,0.266000000000,0.131600000000,0.138300000000,0.259100000000,0.268100000000,0.355600000000,0.359900000000,0.184700000000,0.182200000000,0.232500000000,0.222200000000,0.269600000000,0.265800000000,0.131500000000,0.138100000000,0.259100000000,0.268100000000,0.357600000000,0.358100000000,0.184700000000,0.182400000000,0.141400000000,0.222200000000,0.269500000000,0.266100000000,0.131600000000,0.138100000000,0.259000000000,0.268100000000,0.357500000000,0.360900000000,0.184700000000,0.182300000000,0.141300000000,0.144200000000,0.269600000000,0.265800000000,0.131400000000,0.138200000000,0.259000000000,0.268100000000,0.358500000000,0.360200000000,0.185000000000,0.182500000000,0.141400000000,0.144200000000,0.133600000000,0.266900000000,0.132800000000,0.141800000000,0.262400000000,0.268600000000,0.359700000000,0.363500000000,0.185500000000,0.182700000000,0.141300000000,0.144100000000,0.133400000000,0.134300000000,0.132700000000,0.141900000000,0.262500000000,0.268400000000,0.361000000000,0.361800000000,0.185000000000,0.182600000000,0.141400000000,0.144100000000,0.133300000000,0.134000000000,0.232700000000,0.142000000000,0.262700000000,0.268700000000,0.361600000000,0.364700000000,0.185400000000,0.182800000000,0.141300000000,0.144000000000,0.133200000000,0.133800000000,0.232300000000,0.222400000000,0.260400000000,0.268700000000,0.361900000000,0.362800000000,0.185100000000,0.182700000000,0.141200000000,0.144200000000,0.133500000000,0.134000000000,0.232400000000,0.222500000000,0.269300000000,0.268300000000,0.361500000000,0.359700000000,0.185600000000,0.182800000000,0.141200000000,0.144300000000,0.133500000000,0.134100000000,0.232700000000,0.223200000000,0.269800000000,0.266500000000,0.358200000000,0.360600000000,0.185700000000,0.182900000000,0.141200000000,0.144100000000,0.133400000000,0.134200000000,0.232700000000,0.223400000000,0.269900000000,0.267200000000,0.132900000000,0.361200000000,0.185200000000,0.182800000000,0.141300000000,0.144100000000,0.133400000000,0.133700000000,0.232500000000,0.222700000000,0.269500000000,0.265400000000,0.131500000000,0.138000000000,0.184900000000,0.182700000000,0.141200000000,0.143900000000,0.133200000000,0.134100000000,0.232500000000,0.223400000000,0.270100000000,0.267000000000,0.133100000000,0.142100000000,0.262700000000,0.182700000000,0.141100000000,0.144200000000,0.133300000000,0.134400000000,0.232800000000,0.223400000000,0.270100000000,0.266800000000,0.133000000000,0.142100000000,0.262600000000,0.268600000000,0.141200000000,0.144000000000,0.133100000000,0.134200000000,0.232700000000,0.223300000000,0.270000000000,0.266800000000,0.133200000000,0.142200000000,0.262500000000,0.268700000000,0.364800000000,0.144100000000,0.133300000000,0.134100000000,0.232700000000,0.223200000000,0.269700000000,0.266800000000,0.133200000000,0.142200000000,0.262800000000,0.268500000000,0.360900000000,0.361300000000,338.0179461199996
contact,22,51.923077,21.017094,1.0,51.92,21.02,338.0019122900003,1.0807,346.2465538389997,0.132500000000,0.132400000000,0.232400000000,0.222400000000,0.267600000000,0.264700000000,0.131700000000,0.141100000000,0.260200000000,0.266100000000,0.348700000000,0.349900000000,0.181700000000,0.132400000000,0.232500000000,0.222500000000,0.267600000000,0.264600000000,0.131600000000,0.141200000000,0.260200000000,0.266100000000,0.348500000000,0.349700000000,0.181700000000,0.178000000000,0.232400000000,0.222400000000,0.267600000000,0.264500000000,0.131600000000,0.141200000000,0.260100000000,0.266100000000,0.347800000000,0.350500000000,0.181700000000,0.178100000000,0.140700000000,0.222400000000,0.267600000000,0.264600000000,0.131700000000,0.141100000000,0.260100000000,0.266000000000,0.349000000000,0.350700000000,0.181800000000,0.178000000000,0.140700000000,0.143600000000,0.267800000000,0.264700000000,0.131700000000,0.141100000000,0.260100000000,0.266100000000,0.348400000000,0.349900000000,0.181700000000,0.178100000000,0.140700000000,0.143700000000,0.132400000000,0.264600000000,0.131700000000,0.141100000000,0.260100000000,0.266200000000,0.348400000000,0.350000000000,0.181800000000,0.178100000000,0.140800000000,0.143800000000,0.132400000000,0.132300000000,0.131600000000,0.141100000000,0.260100000000,0.266000000000,0.347400000000,0.351000000000,0.181800000000,0.178100000000,0.140800000000,0.143600000000,0.132400000000,0.132300000000,0.232400000000,0.141100000000,0.260200000000,0.266000000000,0.349400000000,0.351300000000,0.181800000000,0.178100000000,0.140700000000,0.143700000000,0.132400000000,0.132400000000,0.232400000000,0.222300000000,0.260100000000,0.266000000000,0.349900000000,0.351400000000,0.181800000000,0.178300000000,0.140600000000,0.143700000000,0.132400000000,0.132300000000,0.232300000000,0.222300000000,0.267500000000,0.266100000000,0.350500000000,0.351500000000,0.181900000000,0.178200000000,0.140700000000,0.143700000000,0.132400000000,0.132300000000,0.232300000000,0.222300000000,0.267600000000,0.264700000000,0.349100000000,0.350600000000,0.181800000000,0.178100000000,0.140700000000,0.143700000000,0.132400000000,0.132200000000,0.232200000000,0.222200000000,0.267500000000,0.264500000000,0.131600000000,0.350200000000,0.181800000000,0.178200000000,0.140700000000,0.143700000000,0.132400000000,0.132400000000,0.232300000000,0.222300000000,0.267500000000,0.264400000000,0.131700000000,0.141200000000,0.181800000000,0.178200000000,0.140800000000,0.143700000000,0.132400000000,0.132200000000,0.232300000000,0.222200000000,0.267400000000,0.264300000000,0.131600000000,0.141200000000,0.260000000000,0.178300000000,0.140700000000,0.143700000000,0.132300000000,0.132300000000,0.232200000000,0.222200000000,0.267300000000,0.264100000000,0.131600000000,0.141100000000,0.260100000000,0.266000000000,0.140800000000,0.143700000000,0.132500000000,0.132300000000,0.232300000000,0.222100000000,0.267000000000,0.263900000000,0.131800000000,0.141100000000,0.260100000000,0.266000000000,0.348700000000,0.143700000000,0.132500000000,0.132300000000,0.232200000000,0.222200000000,0.266900000000,0.263900000000,0.131600000000,0.141100000000,0.260100000000,0.266000000000,0.349600000000,0.351900000000,347.32236247199944
baseline,23,84.74359,26.344729,1.0,84.74,26.34,351.29693878499984,0,,0.132800000000,0.133300000000,0.230900000000,0.220300000000,0.266400000000,0.262600000000,0.130100000000,0.135500000000,0.254700000000,0.265000000000,0.341200000000,0.340500000000,0.180700000000,0.133300000000,0.230900000000,0.220500000000,0.266400000000,0.262500000000,0.130200000000,0.135600000000,0.254500000000,0.265000000000,0.340400000000,0.342900000000,0.180700000000,0.177600000000,0.230800000000,0.220500000000,0.266300000000,0.262500000000,0.130100000000,0.136200000000,0.255100000000,0.265100000000,0.340600000000,0.342100000000,0.180700000000,0.177900000000,0.139800000000,0.220600000000,0.266400000000,0.262500000000,0.130400000000,0.135900000000,0.254900000000,0.265100000000,0.338800000000,0.341400000000,0.180900000000,0.177900000000,0.139900000000,0.143000000000,0.266400000000,0.262400000000,0.130300000000,0.135900000000,0.254900000000,0.265000000000,0.340300000000,0.342000000000,0.180900000000,0.178000000000,0.140000000000,0.143100000000,0.133000000000,0.262300000000,0.130100000000,0.135800000000,0.254700000000,0.265000000000,0.341600000000,0.341800000000,0.180900000000,0.177900000000,0.140100000000,0.143200000000,0.133300000000,0.133800000000,0.130100000000,0.135700000000,0.254600000000,0.265000000000,0.340800000000,0.342900000000,0.180900000000,0.178000000000,0.140000000000,0.143100000000,0.133200000000,0.133600000000,0.230900000000,0.135600000000,0.254300000000,0.264900000000,0.341700000000,0.342800000000,0.180700000000,0.178000000000,0.140000000000,0.143100000000,0.133200000000,0.133400000000,0.230700000000,0.220300000000,0.254200000000,0.264900000000,0.341400000000,0.342400000000,0.180800000000,0.177900000000,0.140100000000,0.143100000000,0.133200000000,0.133300000000,0.230800000000,0.220300000000,0.266300000000,0.264900000000,0.339700000000,0.341300000000,0.180800000000,0.177900000000,0.140100000000,0.143100000000,0.133200000000,0.133500000000,0.230600000000,0.220000000000,0.266100000000,0.262300000000,0.339400000000,0.343500000000,0.180800000000,0.178000000000,0.140000000000,0.143200000000,0.133200000000,0.133400000000,0.230600000000,0.219900000000,0.266300000000,0.262400000000,0.129800000000,0.342400000000,0.180800000000,0.178100000000,0.140000000000,0.143100000000,0.133100000000,0.133400000000,0.230700000000,0.220000000000,0.266300000000,0.262400000000,0.129800000000,0.135200000000,0.180800000000,0.178000000000,0.140100000000,0.143100000000,0.133100000000,0.133300000000,0.230600000000,0.220000000000,0.266200000000,0.262500000000,0.129900000000,0.135200000000,0.254000000000,0.178100000000,0.140000000000,0.143200000000,0.133000000000,0.133300000000,0.230500000000,0.219800000000,0.266100000000,0.262400000000,0.129800000000,0.135200000000,0.253900000000,0.264800000000,0.139900000000,0.143100000000,0.133100000000,0.133200000000,0.230600000000,0.219900000000,0.266300000000,0.262500000000,0.129900000000,0.135200000000,0.254000000000,0.264700000000,0.340000000000,0.143000000000,0.133000000000,0.133300000000,0.230500000000,0.219900000000,0.266200000000,0.262300000000,0.129700000000,0.135200000000,0.254000000000,0.264700000000,0.340800000000,0.341000000000,351.43271780299983
contact,23,84.74359,26.344729,1.0,84.74,26.34,351.29693878499984,1.3246,358.8069138089995,0.132300000000,0.130800000000,0.227400000000,0.219300000000,0.256100000000,0.254200000000,0.107500000000,0.113800000000,0.264700000000,0.275000000000,0.330600000000,0.332300000000,0.181700000000,0.130700000000,0.227500000000,0.219400000000,0.255900000000,0.254200000000,0.107400000000,0.113600000000,0.264800000000,0.275100000000,0.330800000000,0.332300000000,0.181500000000,0.177800000000,0.227500000000,0.219200000000,0.256000000000,0.254200000000,0.107300000000,0.113500000000,0.264700000000,0.275100000000,0.331000000000,0.332000000000,0.181600000000,0.177800000000,0.139300000000,0.219500000000,0.255900000000,0.254100000000,0.107300000000,0.113400000000,0.264700000000,0.275000000000,0.330500000000,0.332400000000,0.181600000000,0.177800000000,0.139300000000,0.142400000000,0.256100000000,0.254000000000,0.107100000000,0.113500000000,0.264600000000,0.275000000000,0.330600000000,0.332500000000,0.181600000000,0.177900000000,0.139400000000,0.142400000000,0.132200000000,0.254100000000,0.107100000000,0.113500000000,0.264600000000,0.275000000000,0.330400000000,0.331900000000,0.181600000000,0.177600000000,0.139300000000,0.142600000000,0.132100000000,0.130700000000,0.107200000000,0.113500000000,0.264600000000,0.274900000000,0.330500000000,0.332400000000,0.181600000000,0.177800000000,0.139300000000,0.142500000000,0.132300000000,0.130700000000,0.227400000000,0.113500000000,0.264700000000,0.275000000000,0.330000000000,0.332400000000,0.181600000000,0.177800000000,0.139400000000,0.142400000000,0.132400000000,0.130700000000,0.227400000000,0.219300000000,0.264600000000,0.275000000000,0.330800000000,0.332900000000,0.181600000000,0.177700000000,0.139500000000,0.142400000000,0.132300000000,0.130900000000,0.227300000000,0.219300000000,0.256000000000,0.275000000000,0.330500000000,0.331700000000,0.181500000000,0.177700000000,0.139400000000,0.142400000000,0.132300000000,0.130700000000,0.227500000000,0.219300000000,0.255900000000,0.254200000000,0.330500000000,0.332200000000,0.181600000000,0.177700000000,0.139400000000,0.142400000000,0.132300000000,0.130700000000,0.227400000000,0.219400000000,0.255900000000,0.254000000000,0.107400000000,0.331800000000,0.181600000000,0.177700000000,0.139400000000,0.142500000000,0.132400000000,0.130700000000,0.227500000000,0.219400000000,0.255900000000,0.254000000000,0.107400000000,0.113500000000,0.181600000000,0.177600000000,0.139300000000,0.142300000000,0.132300000000,0.130700000000,0.227300000000,0.219200000000,0.255900000000,0.254000000000,0.107400000000,0.113500000000,0.264500000000,0.177600000000,0.139300000000,0.142400000000,0.132400000000,0.130700000000,0.227200000000,0.219300000000,0.256000000000,0.254000000000,0.107400000000,0.113700000000,0.264500000000,0.274900000000,0.139400000000,0.142400000000,0.132200000000,0.130800000000,0.227300000000,0.219200000000,0.256400000000,0.254400000000,0.107400000000,0.113600000000,0.264400000000,0.274800000000,0.330500000000,0.142400000000,0.132300000000,0.130600000000,0.227200000000,0.219200000000,0.255800000000,0.253900000000,0.107500000000,0.113600000000,0.264300000000,0.274800000000,0.330300000000,0.332000000000,359.8722400480001
baseline,24,86.384615,24.589744,3.0,86.38,24.59,361.49679429800017,0,,0.131700000000,0.132400000000,0.230900000000,0.220600000000,0.272800000000,0.268600000000,0.138300000000,0.143500000000,0.259600000000,0.269000000000,0.329100000000,0.331500000000,0.180800000000,0.132500000000,0.230900000000,0.220700000000,0.273000000000,0.269100000000,0.138500000000,0.144200000000,0.260400000000,0.269300000000,0.330600000000,0.332200000000,0.180900000000,0.177300000000,0.230900000000,0.220800000000,0.272800000000,0.268500000000,0.138700000000,0.144400000000,0.260500000000,0.269300000000,0.330300000000,0.332100000000,0.180900000000,0.177200000000,0.139200000000,0.221000000000,0.272900000000,0.268900000000,0.138400000000,0.144800000000,0.261000000000,0.269400000000,0.330700000000,0.332000000000,0.180800000000,0.177300000000,0.139100000000,0.142100000000,0.272900000000,0.268600000000,0.137800000000,0.142600000000,0.260500000000,0.269000000000,0.330400000000,0.332000000000,0.181000000000,0.177200000000,0.139200000000,0.142000000000,0.131800000000,0.267800000000,0.137700000000,0.142700000000,0.259400000000,0.268900000000,0.330300000000,0.332000000000,0.180800000000,0.177200000000,0.139200000000,0.142000000000,0.131800000000,0.132800000000,0.138400000000,0.143900000000,0.260100000000,0.269100000000,0.329800000000,0.332000000000,0.180800000000,0.177300000000,0.139100000000,0.142100000000,0.132000000000,0.132900000000,0.231000000000,0.144500000000,0.260900000000,0.269300000000,0.330500000000,0.331900000000,0.181000000000,0.177200000000,0.139200000000,0.142000000000,0.132000000000,0.133000000000,0.231400000000,0.221400000000,0.262200000000,0.269400000000,0.331200000000,0.332900000000,0.181100000000,0.177200000000,0.139100000000,0.141900000000,0.131900000000,0.133400000000,0.231500000000,0.221800000000,0.273900000000,0.269700000000,0.332000000000,0.333700000000,0.181500000000,0.177300000000,0.139200000000,0.142000000000,0.131900000000,0.133200000000,0.231600000000,0.221700000000,0.274000000000,0.271000000000,0.332200000000,0.333900000000,0.181400000000,0.177300000000,0.139100000000,0.142000000000,0.131900000000,0.133100000000,0.231400000000,0.221700000000,0.273800000000,0.270700000000,0.140100000000,0.333900000000,0.181500000000,0.177400000000,0.139100000000,0.142000000000,0.131900000000,0.133000000000,0.231400000000,0.221700000000,0.273900000000,0.270600000000,0.139800000000,0.147800000000,0.181500000000,0.177300000000,0.139100000000,0.141900000000,0.131800000000,0.133000000000,0.231300000000,0.221500000000,0.274100000000,0.270700000000,0.139600000000,0.147500000000,0.263700000000,0.177200000000,0.139100000000,0.142000000000,0.131700000000,0.133000000000,0.231300000000,0.221600000000,0.274400000000,0.271200000000,0.139800000000,0.147600000000,0.263700000000,0.269500000000,0.139200000000,0.141900000000,0.131700000000,0.132900000000,0.231200000000,0.221700000000,0.274200000000,0.270900000000,0.139800000000,0.147700000000,0.263700000000,0.269500000000,0.332000000000,0.141900000000,0.131600000000,0.132900000000,0.231300000000,0.221500000000,0.274100000000,0.270900000000,0.139700000000,0.147600000000,0.263600000000,0.269400000000,0.331800000000,0.333100000000,361.6025560170001
contact,24,86.384615,24.589744,3.0,86.38,24.59,361.49679429800017,3.3441,371.33664249399953,0.130600000000,0.131500000000,0.229000000000,0.219300000000,0.264300000000,0.263100000000,0.126500000000,0.135900000000,0.270800000000,0.275800000000,0.329800000000,0.331500000000,0.187100000000,0.131300000000,0.228900000000,0.219300000000,0.264700000000,0.263500000000,0.126600000000,0.135800000000,0.270900000000,0.276000000000,0.330000000000,0.331200000000,0.187000000000,0.180200000000,0.228900000000,0.219200000000,0.265000000000,0.263500000000,0.126600000000,0.135800000000,0.270900000000,0.276100000000,0.329600000000,0.331400000000,0.187000000000,0.180100000000,0.138000000000,0.219100000000,0.265100000000,0.263600000000,0.126400000000,0.135800000000,0.271000000000,0.276000000000,0.329900000000,0.331500000000,0.187000000000,0.180100000000,0.137900000000,0.140700000000,0.264800000000,0.262900000000,0.126500000000,0.135800000000,0.270800000000,0.276000000000,0.330300000000,0.332000000000,0.187000000000,0.180200000000,0.138100000000,0.140800000000,0.130600000000,0.262500000000,0.126400000000,0.135800000000,0.270900000000,0.276100000000,0.330500000000,0.331700000000,0.187000000000,0.180100000000,0.138000000000,0.140600000000,0.130600000000,0.131400000000,0.126400000000,0.135800000000,0.271100000000,0.276100000000,0.329800000000,0.331100000000,0.187000000000,0.180100000000,0.138100000000,0.140700000000,0.130500000000,0.131300000000,0.229000000000,0.135800000000,0.271000000000,0.276100000000,0.329600000000,0.331300000000,0.186900000000,0.180200000000,0.138100000000,0.140700000000,0.130600000000,0.131400000000,0.228800000000,0.219200000000,0.271000000000,0.276000000000,0.329700000000,0.332000000000,0.187000000000,0.180100000000,0.138100000000,0.140700000000,0.130500000000,0.131300000000,0.228900000000,0.219200000000,0.264100000000,0.276100000000,0.330500000000,0.331400000000,0.187000000000,0.180000000000,0.138100000000,0.140700000000,0.130600000000,0.131500000000,0.228900000000,0.219200000000,0.264400000000,0.262900000000,0.329800000000,0.331600000000,0.187100000000,0.180100000000,0.138100000000,0.140800000000,0.130500000000,0.131500000000,0.228900000000,0.219200000000,0.264500000000,0.263100000000,0.126600000000,0.331600000000,0.186900000000,0.180200000000,0.138000000000,0.140800000000,0.130500000000,0.131300000000,0.228900000000,0.219100000000,0.264800000000,0.263200000000,0.126700000000,0.136100000000,0.187000000000,0.180200000000,0.138100000000,0.140700000000,0.130600000000,0.131400000000,0.228900000000,0.219200000000,0.264900000000,0.263100000000,0.126700000000,0.135900000000,0.270800000000,0.180100000000,0.138000000000,0.140600000000,0.130500000000,0.131500000000,0.228900000000,0.219100000000,0.264900000000,0.263400000000,0.126700000000,0.136000000000,0.270900000000,0.276000000000,0.138200000000,0.140700000000,0.130500000000,0.131400000000,0.228900000000,0.219200000000,0.265000000000,0.263600000000,0.126700000000,0.136000000000,0.270800000000,0.275800000000,0.330700000000,0.140700000000,0.130600000000,0.131300000000,0.228800000000,0.219300000000,0.265000000000,0.263600000000,0.126600000000,0.136000000000,0.270700000000,0.275900000000,0.330600000000,0.331900000000,372.4211429039997
baseline,25,63.410256,15.39886,1.0,63.41,15.4,375.7969049120002,0,,0.136600000000,0.138600000000,0.235600000000,0.225200000000,0.273300000000,0.269100000000,0.140300000000,0.148600000000,0.271000000000,0.275600000000,0.205500000000,0.207200000000,0.183700000000,0.138500000000,0.235700000000,0.225200000000,0.273200000000,0.268300000000,0.139300000000,0.146200000000,0.268500000000,0.275300000000,0.202300000000,0.203700000000,0.183800000000,0.178800000000,0.234300000000,0.225300000000,0.274100000000,0.269100000000,0.140500000000,0.148900000000,0.270900000000,0.275700000000,0.200300000000,0.201800000000,0.183800000000,0.178800000000,0.141800000000,0.225600000000,0.273400000000,0.269100000000,0.140400000000,0.148700000000,0.270700000000,0.275500000000,0.199200000000,0.201100000000,0.183600000000,0.178800000000,0.141800000000,0.144800000000,0.272600000000,0.269200000000,0.140400000000,0.148900000000,0.270400000000,0.275700000000,0.197600000000,0.199400000000,0.183800000000,0.178700000000,0.141800000000,0.144800000000,0.136800000000,0.269000000000,0.140600000000,0.149200000000,0.270600000000,0.275600000000,0.197300000000,0.198300000000,0.183700000000,0.178600000000,0.141800000000,0.144500000000,0.136300000000,0.136400000000,0.140400000000,0.148800000000,0.270300000000,0.275500000000,0.195200000000,0.196600000000,0.183800000000,0.178500000000,0.141700000000,0.144500000000,0.136300000000,0.136400000000,0.233700000000,0.148900000000,0.270500000000,0.275300000000,0.193300000000,0.195500000000,0.183800000000,0.178500000000,0.141700000000,0.144500000000,0.136500000000,0.136400000000,0.233900000000,0.225000000000,0.270300000000,0.275300000000,0.192600000000,0.194600000000,0.183800000000,0.178400000000,0.141700000000,0.144500000000,0.136400000000,0.136300000000,0.233600000000,0.225100000000,0.273200000000,0.275300000000,0.192400000000,0.194300000000,0.183700000000,0.178500000000,0.141700000000,0.144800000000,0.136600000000,0.136500000000,0.233700000000,0.225300000000,0.273300000000,0.269100000000,0.192300000000,0.194400000000,0.183800000000,0.178700000000,0.141900000000,0.144700000000,0.136600000000,0.136500000000,0.233800000000,0.225100000000,0.273200000000,0.269200000000,0.140600000000,0.194400000000,0.183800000000,0.178700000000,0.141900000000,0.144900000000,0.136800000000,0.136400000000,0.233600000000,0.225100000000,0.273400000000,0.269300000000,0.140700000000,0.149200000000,0.183700000000,0.178400000000,0.141800000000,0.144600000000,0.136500000000,0.136400000000,0.233600000000,0.225200000000,0.273200000000,0.269100000000,0.140600000000,0.149200000000,0.270000000000,0.178500000000,0.141800000000,0.144500000000,0.136500000000,0.136100000000,0.233500000000,0.225000000000,0.273200000000,0.268900000000,0.140400000000,0.148900000000,0.270000000000,0.275100000000,0.141900000000,0.144700000000,0.136400000000,0.136200000000,0.233500000000,0.224800000000,0.273200000000,0.268900000000,0.140400000000,0.149000000000,0.270000000000,0.275100000000,0.190700000000,0.144700000000,0.136300000000,0.136100000000,0.233500000000,0.224900000000,0.273000000000,0.269100000000,0.140200000000,0.148900000000,0.270100000000,0.275100000000,0.190300000000,0.192400000000,375.88473306000014
contact,25,63.410256,15.39886,1.0,63.41,15.4,375.7969049120002,1.3739,383.9135098199995,0.134000000000,0.133500000000,0.224200000000,0.214200000000,0.277400000000,0.273500000000,0.135700000000,0.142800000000,0.261300000000,0.267900000000,0.185600000000,0.187800000000,0.179700000000,0.133600000000,0.224100000000,0.214300000000,0.277300000000,0.273500000000,0.135700000000,0.143000000000,0.261300000000,0.268000000000,0.185600000000,0.187800000000,0.179700000000,0.175500000000,0.224100000000,0.214400000000,0.277600000000,0.273700000000,0.135800000000,0.142800000000,0.261400000000,0.267900000000,0.185600000000,0.187700000000,0.179700000000,0.175500000000,0.140200000000,0.214300000000,0.277500000000,0.273700000000,0.135800000000,0.142900000000,0.261300000000,0.268000000000,0.185600000000,0.187900000000,0.179800000000,0.175400000000,0.140300000000,0.142800000000,0.277600000000,0.273800000000,0.135700000000,0.142700000000,0.261400000000,0.268000000000,0.185700000000,0.187800000000,0.179800000000,0.175500000000,0.140200000000,0.142900000000,0.134100000000,0.273800000000,0.135700000000,0.142700000000,0.261400000000,0.268000000000,0.185700000000,0.187800000000,0.179700000000,0.175600000000,0.140200000000,0.142900000000,0.133800000000,0.133500000000,0.135600000000,0.142800000000,0.261300000000,0.268000000000,0.185600000000,0.187800000000,0.179700000000,0.175600000000,0.140100000000,0.142900000000,0.133900000000,0.133500000000,0.224100000000,0.142800000000,0.261300000000,0.267900000000,0.185700000000,0.187800000000,0.179800000000,0.175500000000,0.140200000000,0.142800000000,0.134000000000,0.133500000000,0.224200000000,0.214300000000,0.261400000000,0.267900000000,0.185700000000,0.187700000000,0.179700000000,0.175500000000,0.140200000000,0.142900000000,0.134000000000,0.133500000000,0.224300000000,0.214300000000,0.277900000000,0.267900000000,0.185700000000,0.187900000000,0.179700000000,0.175500000000,0.140300000000,0.142900000000,0.134100000000,0.133500000000,0.224300000000,0.214300000000,0.278200000000,0.274000000000,0.185700000000,0.187900000000,0.179700000000,0.175500000000,0.140100000000,0.142900000000,0.133900000000,0.133600000000,0.224200000000,0.214400000000,0.277600000000,0.273700000000,0.135700000000,0.187800000000,0.179700000000,0.175500000000,0.140200000000,0.142900000000,0.133900000000,0.133500000000,0.224100000000,0.214400000000,0.277500000000,0.273700000000,0.135600000000,0.142800000000,0.179800000000,0.175600000000,0.140200000000,0.142900000000,0.134100000000,0.133400000000,0.224100000000,0.214200000000,0.277500000000,0.273800000000,0.135700000000,0.142900000000,0.261400000000,0.175500000000,0.140200000000,0.143000000000,0.133900000000,0.133500000000,0.223800000000,0.214100000000,0.277400000000,0.273600000000,0.135700000000,0.142700000000,0.261300000000,0.268000000000,0.140200000000,0.142900000000,0.133900000000,0.133500000000,0.224100000000,0.214200000000,0.277500000000,0.273500000000,0.135700000000,0.142800000000,0.261400000000,0.267900000000,0.185500000000,0.142900000000,0.134100000000,0.133500000000,0.224100000000,0.214100000000,0.277500000000,0.273700000000,0.135700000000,0.142700000000,0.261300000000,0.268000000000,0.185700000000,0.187800000000,384.9725050950001
baseline,26,111.0,29.0,4.0,111.0,29.0,390.15208371100016,0,,0.135700000000,0.136400000000,0.232500000000,0.222500000000,0.204300000000,0.199900000000,0.134400000000,0.138700000000,0.256100000000,0.267500000000,0.231600000000,0.235700000000,0.179700000000,0.136300000000,0.232400000000,0.222500000000,0.204300000000,0.200100000000,0.134800000000,0.139400000000,0.256900000000,0.267800000000,0.240400000000,0.242500000000,0.179900000000,0.175700000000,0.232400000000,0.222200000000,0.204600000000,0.200100000000,0.134500000000,0.139100000000,0.256600000000,0.267700000000,0.245600000000,0.245800000000,0.179700000000,0.175600000000,0.141700000000,0.222200000000,0.204600000000,0.200500000000,0.134500000000,0.139100000000,0.256600000000,0.267700000000,0.248200000000,0.250000000000,0.179800000000,0.175700000000,0.141600000000,0.144300000000,0.205200000000,0.201000000000,0.134500000000,0.139100000000,0.256700000000,0.267800000000,0.249400000000,0.250800000000,0.179700000000,0.175700000000,0.141700000000,0.144500000000,0.136100000000,0.201000000000,0.134700000000,0.141200000000,0.258800000000,0.267900000000,0.254900000000,0.258100000000,0.179800000000,0.175700000000,0.141600000000,0.144400000000,0.136100000000,0.137100000000,0.135300000000,0.141400000000,0.256900000000,0.267800000000,0.259900000000,0.262800000000,0.179900000000,0.175800000000,0.141700000000,0.144500000000,0.136300000000,0.137100000000,0.232300000000,0.138700000000,0.256400000000,0.267800000000,0.265700000000,0.267900000000,0.179800000000,0.175700000000,0.141700000000,0.144600000000,0.136300000000,0.137400000000,0.232600000000,0.222600000000,0.259200000000,0.268100000000,0.266400000000,0.268000000000,0.180000000000,0.175800000000,0.141700000000,0.144600000000,0.136500000000,0.137500000000,0.232500000000,0.222700000000,0.209400000000,0.268100000000,0.271100000000,0.271100000000,0.180000000000,0.175700000000,0.141800000000,0.144600000000,0.136600000000,0.137600000000,0.232700000000,0.222700000000,0.213400000000,0.209700000000,0.270100000000,0.260700000000,0.179900000000,0.175700000000,0.141800000000,0.144700000000,0.136600000000,0.137600000000,0.232500000000,0.222400000000,0.213900000000,0.210100000000,0.134700000000,0.255900000000,0.179800000000,0.175700000000,0.141900000000,0.144800000000,0.136800000000,0.137500000000,0.232500000000,0.222300000000,0.214900000000,0.210900000000,0.134800000000,0.139400000000,0.179700000000,0.175600000000,0.141800000000,0.144900000000,0.136900000000,0.137500000000,0.232400000000,0.222400000000,0.215500000000,0.211400000000,0.134500000000,0.139800000000,0.257000000000,0.175700000000,0.141800000000,0.144800000000,0.136700000000,0.137600000000,0.232600000000,0.222300000000,0.217100000000,0.213500000000,0.134200000000,0.138800000000,0.256400000000,0.267600000000,0.141800000000,0.144800000000,0.136700000000,0.137600000000,0.232700000000,0.222400000000,0.219800000000,0.216200000000,0.134900000000,0.139800000000,0.257100000000,0.267800000000,0.259900000000,0.144800000000,0.136800000000,0.137700000000,0.232600000000,0.222600000000,0.221600000000,0.218400000000,0.134700000000,0.140500000000,0.256900000000,0.267700000000,0.261900000000,0.263300000000,390.1642692579999
contact,26,111.0,29.0,4.0,111.0,29.0,390.15208371100016,4.4355,400.4516513359995,0.132600000000,0.134700000000,0.232900000000,0.222900000000,0.315200000000,0.311800000000,0.135800000000,0.140800000000,0.292900000000,0.301400000000,0.200600000000,0.202700000000,0.239800000000,0.134700000000,0.232900000000,0.223000000000,0.316100000000,0.312500000000,0.135900000000,0.140900000000,0.293000000000,0.301500000000,0.200600000000,0.202600000000,0.239700000000,0.223700000000,0.232800000000,0.223000000000,0.316000000000,0.312200000000,0.135800000000,0.140800000000,0.293000000000,0.301400000000,0.200800000000,0.202700000000,0.239600000000,0.223600000000,0.137500000000,0.223000000000,0.316300000000,0.312600000000,0.135800000000,0.140800000000,0.293000000000,0.301600000000,0.200500000000,0.202700000000,0.239500000000,0.223500000000,0.137700000000,0.140700000000,0.316800000000,0.312600000000,0.135800000000,0.140800000000,0.292900000000,0.301500000000,0.200500000000,0.202600000000,0.239600000000,0.223700000000,0.137600000000,0.140900000000,0.132400000000,0.312800000000,0.135900000000,0.140800000000,0.293100000000,0.301400000000,0.200400000000,0.202600000000,0.239700000000,0.223600000000,0.137600000000,0.140800000000,0.132500000000,0.134700000000,0.135800000000,0.140800000000,0.293000000000,0.301400000000,0.200400000000,0.202500000000,0.239700000000,0.223700000000,0.137700000000,0.140700000000,0.132400000000,0.134700000000,0.232900000000,0.140900000000,0.293000000000,0.301500000000,0.200700000000,0.202700000000,0.239700000000,0.223700000000,0.137500000000,0.140800000000,0.132500000000,0.134800000000,0.232800000000,0.222800000000,0.293100000000,0.301400000000,0.200800000000,0.202800000000,0.239800000000,0.223800000000,0.137600000000,0.140700000000,0.132300000000,0.134700000000,0.232700000000,0.222700000000,0.316200000000,0.301300000000,0.200700000000,0.202700000000,0.239800000000,0.223700000000,0.137600000000,0.140700000000,0.132500000000,0.134700000000,0.232700000000,0.222900000000,0.316800000000,0.313300000000,0.200800000000,0.202900000000,0.239500000000,0.223600000000,0.137700000000,0.140800000000,0.132400000000,0.134700000000,0.232800000000,0.222900000000,0.317100000000,0.313400000000,0.135800000000,0.202800000000,0.239500000000,0.223500000000,0.137500000000,0.140800000000,0.132300000000,0.134700000000,0.232700000000,0.222900000000,0.317600000000,0.314100000000,0.135900000000,0.140900000000,0.239300000000,0.223500000000,0.137500000000,0.140700000000,0.132400000000,0.134700000000,0.232800000000,0.222800000000,0.317800000000,0.314000000000,0.135700000000,0.140800000000,0.292700000000,0.223300000000,0.137700000000,0.140700000000,0.132300000000,0.134700000000,0.232900000000,0.222800000000,0.318300000000,0.314500000000,0.135800000000,0.140900000000,0.292600000000,0.301100000000,0.137600000000,0.140800000000,0.132400000000,0.134600000000,0.232800000000,0.222900000000,0.318800000000,0.315100000000,0.135700000000,0.140800000000,0.292500000000,0.301100000000,0.200500000000,0.140700000000,0.132400000000,0.134600000000,0.232800000000,0.222900000000,0.318600000000,0.314500000000,0.135800000000,0.140800000000,0.292600000000,0.301000000000,0.200500000000,0.202500000000,401.6317402499999
baseline,27,60.128205,22.954416,3.0,60.13,22.95,407.01221069300027,0,,0.132800000000,0.134400000000,0.232500000000,0.223100000000,0.225500000000,0.223000000000,0.137300000000,0.147600000000,0.272400000000,0.276600000000,0.187200000000,0.188500000000,0.194800000000,0.134600000000,0.232500000000,0.223100000000,0.225400000000,0.223100000000,0.137300000000,0.147600000000,0.272400000000,0.276500000000,0.186700000000,0.188500000000,0.195000000000,0.189700000000,0.232500000000,0.222900000000,0.225400000000,0.223100000000,0.137200000000,0.147500000000,0.272400000000,0.276600000000,0.186300000000,0.188000000000,0.194900000000,0.189700000000,0.138400000000,0.222900000000,0.225500000000,0.223100000000,0.137100000000,0.147500000000,0.272300000000,0.276500000000,0.186200000000,0.187700000000,0.194900000000,0.189700000000,0.138400000000,0.141200000000,0.225400000000,0.223100000000,0.137100000000,0.147500000000,0.272200000000,0.276500000000,0.186000000000,0.187500000000,0.194900000000,0.189700000000,0.138400000000,0.141200000000,0.132900000000,0.223000000000,0.137000000000,0.147500000000,0.272200000000,0.276500000000,0.185800000000,0.187300000000,0.194800000000,0.189700000000,0.138400000000,0.141300000000,0.132900000000,0.134400000000,0.137100000000,0.147300000000,0.272200000000,0.276500000000,0.185500000000,0.187000000000,0.194800000000,0.189800000000,0.138400000000,0.141100000000,0.132900000000,0.134500000000,0.232400000000,0.147400000000,0.272200000000,0.276500000000,0.185400000000,0.187000000000,0.194700000000,0.189900000000,0.138300000000,0.141100000000,0.133000000000,0.134400000000,0.232400000000,0.222900000000,0.272100000000,0.276400000000,0.185300000000,0.186800000000,0.194700000000,0.189700000000,0.138300000000,0.141200000000,0.133000000000,0.134700000000,0.232400000000,0.222900000000,0.225400000000,0.276400000000,0.185000000000,0.186600000000,0.194500000000,0.189600000000,0.138400000000,0.141300000000,0.132900000000,0.134600000000,0.232400000000,0.222800000000,0.225400000000,0.223000000000,0.184500000000,0.186000000000,0.194700000000,0.189700000000,0.138300000000,0.141200000000,0.132900000000,0.134600000000,0.232500000000,0.222800000000,0.225300000000,0.223000000000,0.137100000000,0.185700000000,0.194500000000,0.189800000000,0.138500000000,0.141400000000,0.133300000000,0.134600000000,0.232400000000,0.222900000000,0.225400000000,0.222900000000,0.137100000000,0.147300000000,0.194400000000,0.189600000000,0.138400000000,0.141400000000,0.133100000000,0.134500000000,0.232400000000,0.222900000000,0.225400000000,0.222900000000,0.137000000000,0.147300000000,0.272200000000,0.189800000000,0.138500000000,0.141400000000,0.133000000000,0.134600000000,0.232400000000,0.222800000000,0.225200000000,0.222900000000,0.137000000000,0.147200000000,0.272200000000,0.276500000000,0.138300000000,0.141300000000,0.133000000000,0.134600000000,0.232400000000,0.222800000000,0.225200000000,0.222900000000,0.136900000000,0.147300000000,0.272100000000,0.276600000000,0.183600000000,0.141200000000,0.133000000000,0.134500000000,0.232400000000,0.222800000000,0.225200000000,0.222900000000,0.136900000000,0.147300000000,0.272000000000,0.276500000000,0.183300000000,0.184700000000,407.04199758100003
contact,27,60.128205,22.954416,3.0,60.13,22.95,407.01221069300027,3.4559,417.530674781,0.132700000000,0.133600000000,0.230300000000,0.219400000000,0.221600000000,0.218300000000,0.132500000000,0.139000000000,0.261100000000,0.270300000000,0.178600000000,0.180200000000,0.187500000000,0.133700000000,0.230200000000,0.219300000000,0.221600000000,0.218200000000,0.132500000000,0.139000000000,0.261100000000,0.270300000000,0.178500000000,0.180100000000,0.187500000000,0.183300000000,0.230100000000,0.219300000000,0.221600000000,0.218300000000,0.132400000000,0.139000000000,0.261000000000,0.270300000000,0.178500000000,0.180100000000,0.187400000000,0.183200000000,0.137200000000,0.219200000000,0.221600000000,0.218400000000,0.132500000000,0.139100000000,0.261000000000,0.270200000000,0.178500000000,0.180100000000,0.187500000000,0.183100000000,0.137200000000,0.140100000000,0.221600000000,0.218300000000,0.132500000000,0.139000000000,0.261000000000,0.270200000000,0.178600000000,0.180000000000,0.187400000000,0.183300000000,0.137100000000,0.140000000000,0.132700000000,0.218400000000,0.132500000000,0.139100000000,0.261000000000,0.270100000000,0.178500000000,0.180200000000,0.187400000000,0.183200000000,0.137100000000,0.139900000000,0.132600000000,0.133600000000,0.132600000000,0.139000000000,0.261000000000,0.270200000000,0.178400000000,0.180000000000,0.187300000000,0.183200000000,0.137100000000,0.139800000000,0.132600000000,0.133600000000,0.230100000000,0.139100000000,0.261100000000,0.270200000000,0.178400000000,0.180100000000,0.187300000000,0.183100000000,0.137100000000,0.139800000000,0.132700000000,0.133700000000,0.230000000000,0.219300000000,0.261000000000,0.270200000000,0.178400000000,0.180100000000,0.187300000000,0.183200000000,0.137100000000,0.140000000000,0.132600000000,0.133700000000,0.230200000000,0.219200000000,0.221500000000,0.270400000000,0.178500000000,0.180000000000,0.187400000000,0.183200000000,0.137100000000,0.139900000000,0.132700000000,0.133700000000,0.230000000000,0.219000000000,0.221400000000,0.218200000000,0.178300000000,0.180000000000,0.187500000000,0.183100000000,0.137100000000,0.139900000000,0.132600000000,0.133600000000,0.229900000000,0.219000000000,0.221500000000,0.218200000000,0.132500000000,0.180000000000,0.187400000000,0.183100000000,0.137100000000,0.139800000000,0.132700000000,0.133600000000,0.229900000000,0.218900000000,0.221600000000,0.218300000000,0.132500000000,0.139000000000,0.187400000000,0.183200000000,0.137100000000,0.139800000000,0.132700000000,0.133600000000,0.229800000000,0.218900000000,0.221500000000,0.218200000000,0.132400000000,0.139100000000,0.261100000000,0.183300000000,0.137000000000,0.140000000000,0.132600000000,0.133500000000,0.230000000000,0.219100000000,0.221500000000,0.218300000000,0.132400000000,0.139000000000,0.261100000000,0.270300000000,0.137100000000,0.139900000000,0.132700000000,0.133600000000,0.229800000000,0.219100000000,0.221700000000,0.218300000000,0.132500000000,0.139000000000,0.261100000000,0.270300000000,0.178400000000,0.140000000000,0.132600000000,0.133600000000,0.230000000000,0.219200000000,0.221600000000,0.218300000000,0.132500000000,0.139100000000,0.261100000000,0.270200000000,0.178500000000,0.180000000000,418.7256029529999
baseline,28,50.282051,21.011396,3.0,50.28,21.01,421.01146364800024,0,,0.131700000000,0.133400000000,0.221800000000,0.212000000000,0.224400000000,0.221600000000,0.134200000000,0.143700000000,0.265100000000,0.270300000000,0.178300000000,0.180200000000,0.187000000000,0.133400000000,0.220200000000,0.209000000000,0.224500000000,0.221600000000,0.134200000000,0.143700000000,0.265100000000,0.270300000000,0.178400000000,0.180200000000,0.187100000000,0.181900000000,0.219200000000,0.210100000000,0.224700000000,0.221800000000,0.134100000000,0.143700000000,0.265200000000,0.270300000000,0.178400000000,0.180300000000,0.187200000000,0.182000000000,0.139300000000,0.209900000000,0.225000000000,0.222200000000,0.134100000000,0.143800000000,0.265200000000,0.270200000000,0.178300000000,0.180300000000,0.187100000000,0.182000000000,0.139400000000,0.142100000000,0.225100000000,0.222400000000,0.134100000000,0.143500000000,0.265000000000,0.270200000000,0.178400000000,0.180300000000,0.187300000000,0.182000000000,0.139400000000,0.142000000000,0.131600000000,0.222700000000,0.134200000000,0.143600000000,0.265200000000,0.270200000000,0.178300000000,0.180300000000,0.187200000000,0.182100000000,0.139300000000,0.142100000000,0.131500000000,0.133400000000,0.134200000000,0.143600000000,0.265000000000,0.270200000000,0.178200000000,0.180300000000,0.187300000000,0.182100000000,0.139300000000,0.142000000000,0.131400000000,0.133300000000,0.218400000000,0.143700000000,0.264900000000,0.270100000000,0.178300000000,0.180300000000,0.187200000000,0.182000000000,0.139300000000,0.142000000000,0.131500000000,0.133200000000,0.218600000000,0.209300000000,0.265000000000,0.270100000000,0.178300000000,0.180300000000,0.187200000000,0.182000000000,0.139400000000,0.142200000000,0.131500000000,0.133200000000,0.218600000000,0.208200000000,0.225800000000,0.270100000000,0.178200000000,0.180200000000,0.187400000000,0.182000000000,0.139400000000,0.142100000000,0.131600000000,0.133200000000,0.217500000000,0.207700000000,0.226400000000,0.223700000000,0.178400000000,0.180400000000,0.187200000000,0.182000000000,0.139400000000,0.142100000000,0.131600000000,0.133100000000,0.218300000000,0.208000000000,0.226600000000,0.223800000000,0.134000000000,0.180300000000,0.187300000000,0.182000000000,0.139300000000,0.142100000000,0.131600000000,0.133100000000,0.217400000000,0.207300000000,0.226700000000,0.224000000000,0.134100000000,0.143500000000,0.187300000000,0.181900000000,0.139200000000,0.142100000000,0.131600000000,0.133000000000,0.217100000000,0.206800000000,0.227000000000,0.224100000000,0.134000000000,0.143500000000,0.264700000000,0.181900000000,0.139200000000,0.142000000000,0.131500000000,0.133000000000,0.216600000000,0.207000000000,0.227200000000,0.224400000000,0.134000000000,0.143300000000,0.264700000000,0.270100000000,0.139200000000,0.142000000000,0.131500000000,0.133000000000,0.217000000000,0.206800000000,0.227300000000,0.224400000000,0.134000000000,0.143500000000,0.264700000000,0.270100000000,0.178400000000,0.141900000000,0.131400000000,0.133100000000,0.217000000000,0.207200000000,0.227300000000,0.224600000000,0.134000000000,0.143500000000,0.264600000000,0.270100000000,0.178300000000,0.180200000000,421.106126271
contact,28,50.282051,21.011396,3.0,50.28,21.01,421.01146364800024,3.4516,431.5947254780003,0.132200000000,0.132100000000,0.212300000000,0.202200000000,0.234800000000,0.231800000000,0.133400000000,0.142700000000,0.263700000000,0.269400000000,0.176800000000,0.178600000000,0.185700000000,0.132100000000,0.212300000000,0.202200000000,0.234900000000,0.231900000000,0.133300000000,0.142700000000,0.263700000000,0.269500000000,0.176800000000,0.178500000000,0.185700000000,0.181000000000,0.212300000000,0.202300000000,0.234800000000,0.231900000000,0.133300000000,0.142700000000,0.263700000000,0.269400000000,0.176800000000,0.178600000000,0.185800000000,0.181000000000,0.142800000000,0.202200000000,0.234900000000,0.231700000000,0.133300000000,0.142700000000,0.263600000000,0.269400000000,0.176900000000,0.178500000000,0.185800000000,0.181000000000,0.142600000000,0.145600000000,0.234800000000,0.231900000000,0.133200000000,0.142700000000,0.263700000000,0.269300000000,0.176800000000,0.178600000000,0.185800000000,0.181100000000,0.142700000000,0.145600000000,0.131900000000,0.231800000000,0.133300000000,0.142500000000,0.263600000000,0.269400000000,0.176800000000,0.178700000000,0.185800000000,0.181100000000,0.142700000000,0.145600000000,0.132000000000,0.132000000000,0.133300000000,0.142600000000,0.263600000000,0.269400000000,0.176900000000,0.178600000000,0.185800000000,0.181000000000,0.142700000000,0.145700000000,0.131900000000,0.131900000000,0.212300000000,0.142700000000,0.263600000000,0.269400000000,0.176900000000,0.178600000000,0.185800000000,0.181100000000,0.142700000000,0.145700000000,0.131900000000,0.131900000000,0.212300000000,0.202300000000,0.263700000000,0.269400000000,0.176900000000,0.178600000000,0.185800000000,0.181000000000,0.142700000000,0.145600000000,0.132000000000,0.131900000000,0.212500000000,0.202200000000,0.234800000000,0.269300000000,0.176800000000,0.178600000000,0.185700000000,0.180900000000,0.142800000000,0.145600000000,0.132000000000,0.132000000000,0.212400000000,0.202300000000,0.234700000000,0.231700000000,0.176800000000,0.178600000000,0.185900000000,0.181100000000,0.142700000000,0.145600000000,0.132000000000,0.131900000000,0.212400000000,0.202200000000,0.234800000000,0.231900000000,0.133200000000,0.178600000000,0.185800000000,0.181100000000,0.142600000000,0.145600000000,0.131900000000,0.131900000000,0.212400000000,0.202200000000,0.234800000000,0.231700000000,0.133200000000,0.142500000000,0.185800000000,0.181000000000,0.142600000000,0.145600000000,0.131900000000,0.131900000000,0.212300000000,0.202200000000,0.234900000000,0.231800000000,0.133200000000,0.142700000000,0.263600000000,0.181100000000,0.142700000000,0.145500000000,0.131900000000,0.131800000000,0.212400000000,0.202300000000,0.234800000000,0.231800000000,0.133100000000,0.142700000000,0.263600000000,0.269300000000,0.142800000000,0.145600000000,0.131900000000,0.131900000000,0.212400000000,0.202300000000,0.234700000000,0.231700000000,0.133300000000,0.142700000000,0.263600000000,0.269300000000,0.176800000000,0.145600000000,0.131700000000,0.131800000000,0.212300000000,0.202300000000,0.234800000000,0.231800000000,0.133200000000,0.142600000000,0.263600000000,0.269300000000,0.176800000000,0.178500000000,432.7900877209995
baseline,29,69.974359,19.239316,3.0,69.97,19.24,435.80761875499957,0,,0.133700000000,0.134500000000,0.210200000000,0.199800000000,0.246000000000,0.242700000000,0.132000000000,0.139100000000,0.260600000000,0.268500000000,0.176400000000,0.178400000000,0.185100000000,0.134500000000,0.210100000000,0.199600000000,0.246000000000,0.242500000000,0.131900000000,0.139100000000,0.260500000000,0.268400000000,0.176400000000,0.178200000000,0.185000000000,0.180900000000,0.210200000000,0.199600000000,0.246100000000,0.242800000000,0.132000000000,0.139300000000,0.260600000000,0.268500000000,0.176400000000,0.178400000000,0.185200000000,0.180800000000,0.138900000000,0.199700000000,0.246800000000,0.243100000000,0.131800000000,0.139200000000,0.260600000000,0.268500000000,0.176600000000,0.178400000000,0.185100000000,0.180700000000,0.138900000000,0.141600000000,0.247000000000,0.243400000000,0.131900000000,0.139300000000,0.260600000000,0.268400000000,0.176400000000,0.178400000000,0.185000000000,0.180800000000,0.138900000000,0.141500000000,0.133700000000,0.243300000000,0.131800000000,0.139200000000,0.260700000000,0.268400000000,0.176500000000,0.178400000000,0.185000000000,0.180800000000,0.138900000000,0.141600000000,0.133600000000,0.134300000000,0.131900000000,0.139300000000,0.260600000000,0.268500000000,0.176600000000,0.178500000000,0.185100000000,0.180700000000,0.138900000000,0.141700000000,0.133700000000,0.134300000000,0.209900000000,0.139200000000,0.260600000000,0.268400000000,0.176500000000,0.178500000000,0.185100000000,0.180800000000,0.138900000000,0.141700000000,0.133500000000,0.134300000000,0.210100000000,0.199700000000,0.260600000000,0.268300000000,0.176500000000,0.178400000000,0.185000000000,0.180700000000,0.138800000000,0.141600000000,0.133800000000,0.134400000000,0.209800000000,0.199400000000,0.247100000000,0.268400000000,0.176400000000,0.178400000000,0.185100000000,0.180800000000,0.139000000000,0.141700000000,0.133800000000,0.134400000000,0.210100000000,0.199600000000,0.247100000000,0.243800000000,0.176400000000,0.178400000000,0.185200000000,0.180800000000,0.138800000000,0.141800000000,0.133700000000,0.134500000000,0.210000000000,0.199600000000,0.247600000000,0.244300000000,0.131900000000,0.178500000000,0.185200000000,0.180900000000,0.138800000000,0.141800000000,0.133900000000,0.134600000000,0.210000000000,0.199600000000,0.248100000000,0.244800000000,0.131900000000,0.139200000000,0.185100000000,0.180800000000,0.138900000000,0.141800000000,0.134000000000,0.134600000000,0.209800000000,0.199300000000,0.248500000000,0.245100000000,0.131800000000,0.139200000000,0.260400000000,0.180700000000,0.138800000000,0.141800000000,0.133900000000,0.134500000000,0.209900000000,0.199300000000,0.248800000000,0.245300000000,0.131700000000,0.139000000000,0.260400000000,0.268400000000,0.139000000000,0.141800000000,0.133800000000,0.134600000000,0.210000000000,0.199600000000,0.248800000000,0.245200000000,0.132000000000,0.138800000000,0.260200000000,0.268500000000,0.176500000000,0.141700000000,0.134000000000,0.134700000000,0.210100000000,0.199700000000,0.249100000000,0.245600000000,0.131800000000,0.138700000000,0.260100000000,0.268500000000,0.176400000000,0.178400000000,435.8189305189999
contact,29,69.974359,19.239316,3.0,69.97,19.24,435.80761875499957,3.3849,445.14977977800027,0.132200000000,0.133200000000,0.207600000000,0.197000000000,0.207300000000,0.203400000000,0.132600000000,0.138700000000,0.258900000000,0.267700000000,0.175500000000,0.177400000000,0.183900000000,0.133200000000,0.207500000000,0.196900000000,0.207200000000,0.203500000000,0.132600000000,0.138800000000,0.258900000000,0.267600000000,0.175600000000,0.177400000000,0.183900000000,0.179600000000,0.207600000000,0.196900000000,0.207200000000,0.203400000000,0.132700000000,0.138800000000,0.259000000000,0.267700000000,0.175600000000,0.177400000000,0.183900000000,0.179600000000,0.138200000000,0.196900000000,0.207300000000,0.203400000000,0.132700000000,0.138800000000,0.259000000000,0.267600000000,0.175600000000,0.177400000000,0.183800000000,0.179600000000,0.138300000000,0.140900000000,0.207300000000,0.203400000000,0.132700000000,0.138800000000,0.258900000000,0.267700000000,0.175600000000,0.177500000000,0.183900000000,0.179500000000,0.138300000000,0.140900000000,0.132400000000,0.203500000000,0.132600000000,0.138800000000,0.258900000000,0.267600000000,0.175600000000,0.177400000000,0.183800000000,0.179600000000,0.138400000000,0.141000000000,0.132100000000,0.133100000000,0.132600000000,0.138800000000,0.258900000000,0.267500000000,0.175600000000,0.177500000000,0.183800000000,0.179600000000,0.138300000000,0.141000000000,0.132400000000,0.133200000000,0.207500000000,0.138700000000,0.259000000000,0.267700000000,0.175600000000,0.177400000000,0.183800000000,0.179600000000,0.138300000000,0.141000000000,0.132300000000,0.133200000000,0.207600000000,0.196900000000,0.259000000000,0.267700000000,0.175600000000,0.177400000000,0.183800000000,0.179600000000,0.138300000000,0.140900000000,0.132300000000,0.133000000000,0.207500000000,0.196900000000,0.207200000000,0.267700000000,0.175600000000,0.177300000000,0.183900000000,0.179500000000,0.138300000000,0.140900000000,0.132200000000,0.133100000000,0.207700000000,0.196900000000,0.207200000000,0.203400000000,0.175500000000,0.177400000000,0.183900000000,0.179400000000,0.138300000000,0.140900000000,0.132300000000,0.133100000000,0.207700000000,0.197000000000,0.207200000000,0.203500000000,0.132600000000,0.177400000000,0.183900000000,0.179600000000,0.138300000000,0.140900000000,0.132400000000,0.133100000000,0.207700000000,0.197000000000,0.207200000000,0.203500000000,0.132600000000,0.138800000000,0.183900000000,0.179600000000,0.138300000000,0.140900000000,0.132300000000,0.133100000000,0.207600000000,0.197000000000,0.207100000000,0.203400000000,0.132600000000,0.138700000000,0.259000000000,0.179500000000,0.138400000000,0.140900000000,0.132300000000,0.133100000000,0.207800000000,0.196900000000,0.207300000000,0.203400000000,0.132600000000,0.138700000000,0.259000000000,0.267600000000,0.138400000000,0.141000000000,0.132300000000,0.133100000000,0.207700000000,0.197100000000,0.207200000000,0.203400000000,0.132700000000,0.138800000000,0.259100000000,0.267700000000,0.175700000000,0.141100000000,0.132200000000,0.133100000000,0.207700000000,0.197100000000,0.207100000000,0.203400000000,0.132500000000,0.138700000000,0.259000000000,0.267600000000,0.175600000000,0.177300000000,446.20583538899973
baseline,30,51.923077,21.017094,2.0,51.92,21.02,449.0730434500001,0,,0.132500000000,0.132700000000,0.211500000000,0.201300000000,0.209600000000,0.205800000000,0.132300000000,0.138000000000,0.258200000000,0.267300000000,0.175300000000,0.177100000000,0.183600000000,0.132600000000,0.211400000000,0.201100000000,0.209200000000,0.205400000000,0.132100000000,0.137900000000,0.258100000000,0.267400000000,0.175300000000,0.177000000000,0.183400000000,0.179700000000,0.211500000000,0.201100000000,0.209200000000,0.205500000000,0.132000000000,0.137900000000,0.258000000000,0.267400000000,0.175400000000,0.177100000000,0.183500000000,0.179700000000,0.137800000000,0.201100000000,0.209100000000,0.205400000000,0.132100000000,0.138000000000,0.258000000000,0.267400000000,0.175400000000,0.177000000000,0.183400000000,0.179700000000,0.137800000000,0.140600000000,0.209200000000,0.205400000000,0.132100000000,0.138000000000,0.258100000000,0.267400000000,0.175300000000,0.177100000000,0.183300000000,0.179800000000,0.137700000000,0.140700000000,0.132400000000,0.205500000000,0.132100000000,0.138100000000,0.258200000000,0.267400000000,0.175400000000,0.176900000000,0.183500000000,0.179700000000,0.137700000000,0.140500000000,0.132300000000,0.132600000000,0.132100000000,0.138100000000,0.258300000000,0.267400000000,0.175300000000,0.177100000000,0.183500000000,0.179700000000,0.137700000000,0.140500000000,0.132400000000,0.132700000000,0.211500000000,0.138300000000,0.258300000000,0.267400000000,0.175500000000,0.177200000000,0.183500000000,0.179700000000,0.137700000000,0.140500000000,0.132300000000,0.132800000000,0.211400000000,0.201400000000,0.258200000000,0.267400000000,0.175300000000,0.177000000000,0.183400000000,0.179700000000,0.137600000000,0.140400000000,0.132200000000,0.132700000000,0.211300000000,0.201000000000,0.209300000000,0.267400000000,0.175200000000,0.177000000000,0.183500000000,0.179700000000,0.137500000000,0.140400000000,0.132200000000,0.132600000000,0.211300000000,0.201000000000,0.209400000000,0.205500000000,0.175300000000,0.177000000000,0.183400000000,0.179600000000,0.137600000000,0.140300000000,0.132100000000,0.132600000000,0.211200000000,0.201000000000,0.209300000000,0.205600000000,0.132000000000,0.176900000000,0.183400000000,0.179600000000,0.137700000000,0.140500000000,0.132200000000,0.132500000000,0.211300000000,0.201000000000,0.209200000000,0.205500000000,0.132100000000,0.138000000000,0.183400000000,0.179600000000,0.137700000000,0.140500000000,0.132000000000,0.132800000000,0.211500000000,0.201300000000,0.209700000000,0.205900000000,0.132400000000,0.138200000000,0.258200000000,0.179500000000,0.137600000000,0.140400000000,0.132200000000,0.132700000000,0.211500000000,0.201400000000,0.209800000000,0.205800000000,0.132400000000,0.138200000000,0.258200000000,0.267400000000,0.137500000000,0.140400000000,0.132100000000,0.132600000000,0.211300000000,0.201100000000,0.209400000000,0.205600000000,0.132200000000,0.138100000000,0.258100000000,0.267400000000,0.175200000000,0.140400000000,0.132100000000,0.132700000000,0.211300000000,0.201100000000,0.209500000000,0.205800000000,0.132400000000,0.138100000000,0.258200000000,0.267400000000,0.175300000000,0.176900000000,449.2354566029999
contact,30,51.923077,21.017094,2.0,51.92,21.02,449.0730434500001,2.4156,459.21894474799956,0.130500000000,0.130700000000,0.209800000000,0.199200000000,0.207900000000,0.204200000000,0.130500000000,0.136600000000,0.257300000000,0.266700000000,0.174500000000,0.176200000000,0.182900000000,0.130600000000,0.209700000000,0.199100000000,0.208000000000,0.204300000000,0.130600000000,0.136700000000,0.257300000000,0.266700000000,0.174600000000,0.176100000000,0.182900000000,0.179100000000,0.209600000000,0.199100000000,0.208000000000,0.204300000000,0.130500000000,0.136600000000,0.257300000000,0.266700000000,0.174600000000,0.176200000000,0.182800000000,0.179200000000,0.137600000000,0.199000000000,0.208000000000,0.204200000000,0.130500000000,0.136600000000,0.257200000000,0.266600000000,0.174500000000,0.176100000000,0.182800000000,0.179200000000,0.137600000000,0.140300000000,0.207900000000,0.204300000000,0.130500000000,0.136500000000,0.257200000000,0.266700000000,0.174500000000,0.176100000000,0.182800000000,0.179100000000,0.137700000000,0.140300000000,0.130600000000,0.204200000000,0.130500000000,0.136600000000,0.257200000000,0.266600000000,0.174600000000,0.176100000000,0.182900000000,0.179200000000,0.137500000000,0.140400000000,0.130600000000,0.130700000000,0.130500000000,0.136500000000,0.257200000000,0.266700000000,0.174500000000,0.176200000000,0.182800000000,0.179200000000,0.137500000000,0.140400000000,0.130500000000,0.130600000000,0.209600000000,0.136600000000,0.257300000000,0.266700000000,0.174600000000,0.176100000000,0.182800000000,0.179100000000,0.137500000000,0.140300000000,0.130400000000,0.130600000000,0.209600000000,0.198900000000,0.257200000000,0.266700000000,0.174700000000,0.176100000000,0.182700000000,0.179100000000,0.137600000000,0.140300000000,0.130600000000,0.130600000000,0.209500000000,0.198900000000,0.207900000000,0.266700000000,0.174500000000,0.176100000000,0.182800000000,0.179100000000,0.137600000000,0.140300000000,0.130600000000,0.130600000000,0.209500000000,0.198900000000,0.207900000000,0.204200000000,0.174600000000,0.176100000000,0.182800000000,0.179100000000,0.137500000000,0.140400000000,0.130600000000,0.130700000000,0.209500000000,0.199000000000,0.207900000000,0.204200000000,0.130400000000,0.176100000000,0.182800000000,0.179100000000,0.137600000000,0.140300000000,0.130700000000,0.130600000000,0.209500000000,0.198900000000,0.207900000000,0.204200000000,0.130400000000,0.136500000000,0.182800000000,0.179100000000,0.137600000000,0.140300000000,0.130400000000,0.130600000000,0.209600000000,0.199000000000,0.207900000000,0.204200000000,0.130500000000,0.136600000000,0.257300000000,0.179000000000,0.137500000000,0.140400000000,0.130500000000,0.130700000000,0.209500000000,0.198900000000,0.207900000000,0.204100000000,0.130600000000,0.136600000000,0.257200000000,0.266700000000,0.137500000000,0.140400000000,0.130600000000,0.130700000000,0.209500000000,0.198900000000,0.207900000000,0.204300000000,0.130600000000,0.136600000000,0.257300000000,0.266700000000,0.174400000000,0.140200000000,0.130600000000,0.130700000000,0.209500000000,0.198900000000,0.207800000000,0.204200000000,0.130500000000,0.136600000000,0.257200000000,0.266700000000,0.174500000000,0.176100000000,460.26978429799965
baseline,31,69.974359,19.239316,2.0,69.97,19.24,463.15092057399943,0,,0.131600000000,0.132200000000,0.209000000000,0.198700000000,0.208500000000,0.205000000000,0.131200000000,0.137900000000,0.258800000000,0.267000000000,0.175000000000,0.177000000000,0.183200000000,0.132200000000,0.209000000000,0.198700000000,0.208500000000,0.205000000000,0.131100000000,0.137900000000,0.258700000000,0.266900000000,0.175000000000,0.177000000000,0.183200000000,0.178900000000,0.208900000000,0.198700000000,0.208400000000,0.205000000000,0.131100000000,0.137900000000,0.258600000000,0.267000000000,0.174900000000,0.176900000000,0.183200000000,0.178900000000,0.136800000000,0.198800000000,0.208400000000,0.204900000000,0.131100000000,0.137800000000,0.258700000000,0.266900000000,0.175000000000,0.177000000000,0.183100000000,0.178900000000,0.136800000000,0.139700000000,0.208400000000,0.205000000000,0.131100000000,0.137800000000,0.258700000000,0.267000000000,0.175100000000,0.176800000000,0.182800000000,0.179000000000,0.136800000000,0.139700000000,0.131700000000,0.204000000000,0.130100000000,0.134900000000,0.255900000000,0.266500000000,0.174700000000,0.176800000000,0.182800000000,0.179000000000,0.136800000000,0.139600000000,0.131700000000,0.132000000000,0.130000000000,0.134800000000,0.255800000000,0.266600000000,0.174800000000,0.176800000000,0.182900000000,0.179100000000,0.136900000000,0.139800000000,0.131800000000,0.132000000000,0.208700000000,0.134500000000,0.255600000000,0.266500000000,0.174800000000,0.176800000000,0.182800000000,0.179000000000,0.136800000000,0.139600000000,0.131700000000,0.131900000000,0.208600000000,0.198000000000,0.255700000000,0.266600000000,0.174700000000,0.176800000000,0.182800000000,0.179000000000,0.136700000000,0.139600000000,0.131700000000,0.131800000000,0.208500000000,0.198000000000,0.208000000000,0.266600000000,0.174800000000,0.176700000000,0.182900000000,0.179000000000,0.136800000000,0.139700000000,0.131600000000,0.131900000000,0.208400000000,0.198000000000,0.207900000000,0.204100000000,0.174700000000,0.176800000000,0.182900000000,0.178900000000,0.136800000000,0.139700000000,0.131500000000,0.131900000000,0.208500000000,0.198000000000,0.207900000000,0.203900000000,0.130100000000,0.176700000000,0.182900000000,0.179000000000,0.136800000000,0.139700000000,0.131600000000,0.131600000000,0.208500000000,0.197900000000,0.207800000000,0.203900000000,0.130000000000,0.134800000000,0.182900000000,0.179000000000,0.136800000000,0.139800000000,0.131400000000,0.131700000000,0.208600000000,0.198100000000,0.207900000000,0.203900000000,0.130000000000,0.134800000000,0.255700000000,0.178900000000,0.136800000000,0.139800000000,0.131400000000,0.131600000000,0.208600000000,0.198000000000,0.207800000000,0.204100000000,0.130100000000,0.134800000000,0.255800000000,0.266600000000,0.136900000000,0.139700000000,0.131500000000,0.131800000000,0.208500000000,0.198000000000,0.207900000000,0.204000000000,0.130000000000,0.134800000000,0.255700000000,0.266500000000,0.174700000000,0.139700000000,0.131500000000,0.131700000000,0.208500000000,0.197800000000,0.207800000000,0.203900000000,0.130000000000,0.134700000000,0.255700000000,0.266500000000,0.174700000000,0.176700000000,463.2993272859994
contact,31,69.974359,19.239316,2.0,69.97,19.24,463.15092057399943,2.0774,471.72699823399944,0.130900000000,0.131800000000,0.203700000000,0.192800000000,0.209700000000,0.206200000000,0.130500000000,0.136500000000,0.257200000000,0.266100000000,0.174800000000,0.176800000000,0.181700000000,0.131700000000,0.203500000000,0.192700000000,0.209700000000,0.206000000000,0.130500000000,0.136400000000,0.257200000000,0.266100000000,0.174900000000,0.176800000000,0.181600000000,0.177600000000,0.203600000000,0.192600000000,0.209700000000,0.206000000000,0.130500000000,0.136500000000,0.257300000000,0.266000000000,0.174900000000,0.176800000000,0.181600000000,0.177600000000,0.137200000000,0.192700000000,0.209700000000,0.206100000000,0.130500000000,0.136500000000,0.257200000000,0.266200000000,0.174900000000,0.176800000000,0.181800000000,0.177700000000,0.137200000000,0.139800000000,0.209700000000,0.206100000000,0.130400000000,0.136500000000,0.257200000000,0.266200000000,0.174900000000,0.176800000000,0.181600000000,0.177600000000,0.137200000000,0.139700000000,0.130900000000,0.206000000000,0.130500000000,0.136500000000,0.257200000000,0.266100000000,0.174900000000,0.176800000000,0.181700000000,0.177600000000,0.137100000000,0.139700000000,0.130800000000,0.131700000000,0.130600000000,0.136500000000,0.257200000000,0.266200000000,0.174900000000,0.176800000000,0.181800000000,0.177700000000,0.137200000000,0.139700000000,0.130900000000,0.131600000000,0.203600000000,0.136400000000,0.257300000000,0.266100000000,0.174900000000,0.176800000000,0.181800000000,0.177600000000,0.137100000000,0.139900000000,0.130800000000,0.131700000000,0.203700000000,0.192700000000,0.257200000000,0.266200000000,0.174900000000,0.176800000000,0.181800000000,0.177700000000,0.137200000000,0.139700000000,0.130900000000,0.131700000000,0.203600000000,0.192700000000,0.209700000000,0.266200000000,0.174900000000,0.176700000000,0.181800000000,0.177700000000,0.137100000000,0.139800000000,0.130800000000,0.131700000000,0.203600000000,0.192600000000,0.209700000000,0.206100000000,0.174900000000,0.176800000000,0.181800000000,0.177600000000,0.137200000000,0.139800000000,0.131000000000,0.131800000000,0.203600000000,0.192700000000,0.209700000000,0.206100000000,0.130500000000,0.176800000000,0.181800000000,0.177700000000,0.137100000000,0.139800000000,0.130900000000,0.131600000000,0.203500000000,0.192700000000,0.209700000000,0.206000000000,0.130600000000,0.136500000000,0.181700000000,0.177700000000,0.137200000000,0.139700000000,0.130900000000,0.131600000000,0.203600000000,0.192700000000,0.209700000000,0.206000000000,0.130500000000,0.136400000000,0.257200000000,0.177700000000,0.137100000000,0.139700000000,0.130800000000,0.131700000000,0.203500000000,0.192700000000,0.209700000000,0.206000000000,0.130400000000,0.136400000000,0.257200000000,0.266100000000,0.137200000000,0.139700000000,0.130900000000,0.131600000000,0.203700000000,0.192700000000,0.209600000000,0.205900000000,0.130500000000,0.136500000000,0.257100000000,0.266100000000,0.174900000000,0.139700000000,0.130800000000,0.131600000000,0.203700000000,0.192700000000,0.209700000000,0.206000000000,0.130400000000,0.136400000000,0.257200000000,0.266000000000,0.174900000000,0.176800000000,472.81871686700015
baseline,32,68.333333,19.222222,1.0,68.33,19.22,474.4201824689999,0,,0.130600000000,0.131100000000,0.208300000000,0.197900000000,0.209900000000,0.206200000000,0.130200000000,0.135900000000,0.256200000000,0.265900000000,0.174800000000,0.176600000000,0.181600000000,0.131100000000,0.208400000000,0.197800000000,0.209900000000,0.206200000000,0.130200000000,0.136000000000,0.256200000000,0.265900000000,0.174700000000,0.176600000000,0.181500000000,0.177800000000,0.208400000000,0.197900000000,0.209900000000,0.206200000000,0.130300000000,0.135900000000,0.256100000000,0.265800000000,0.174700000000,0.176600000000,0.181600000000,0.177700000000,0.136800000000,0.197800000000,0.209800000000,0.206300000000,0.130300000000,0.136000000000,0.256200000000,0.265800000000,0.174600000000,0.176600000000,0.181500000000,0.177800000000,0.136700000000,0.139400000000,0.210000000000,0.206200000000,0.130200000000,0.135900000000,0.256100000000,0.265800000000,0.174800000000,0.176600000000,0.181600000000,0.177800000000,0.136700000000,0.139200000000,0.130600000000,0.206200000000,0.130200000000,0.135800000000,0.256100000000,0.265800000000,0.174700000000,0.176600000000,0.181600000000,0.177800000000,0.136600000000,0.139400000000,0.130600000000,0.131000000000,0.130200000000,0.135900000000,0.256000000000,0.265800000000,0.174700000000,0.176600000000,0.181500000000,0.177800000000,0.136800000000,0.139300000000,0.130600000000,0.131000000000,0.208100000000,0.135800000000,0.256200000000,0.265800000000,0.174700000000,0.176600000000,0.181600000000,0.177800000000,0.136700000000,0.139300000000,0.130500000000,0.131100000000,0.208200000000,0.197700000000,0.256000000000,0.265800000000,0.174600000000,0.176700000000,0.181600000000,0.177800000000,0.136600000000,0.139400000000,0.130600000000,0.131100000000,0.208200000000,0.197900000000,0.210000000000,0.265900000000,0.174600000000,0.176700000000,0.181600000000,0.177800000000,0.136700000000,0.139300000000,0.130500000000,0.131000000000,0.208400000000,0.197900000000,0.209900000000,0.206100000000,0.174800000000,0.176600000000,0.181700000000,0.177700000000,0.136700000000,0.139300000000,0.130500000000,0.131000000000,0.208400000000,0.197800000000,0.209900000000,0.206200000000,0.130200000000,0.176700000000,0.181600000000,0.177700000000,0.136800000000,0.139200000000,0.130500000000,0.131000000000,0.208400000000,0.197900000000,0.209900000000,0.206200000000,0.130300000000,0.135900000000,0.181700000000,0.177800000000,0.136800000000,0.139300000000,0.130500000000,0.131000000000,0.208400000000,0.197900000000,0.209900000000,0.206300000000,0.130200000000,0.135900000000,0.256100000000,0.177700000000,0.136700000000,0.139400000000,0.130500000000,0.130900000000,0.208300000000,0.197900000000,0.209900000000,0.206200000000,0.130100000000,0.135900000000,0.256200000000,0.265800000000,0.136800000000,0.139200000000,0.130500000000,0.131000000000,0.208300000000,0.197900000000,0.209900000000,0.206200000000,0.130200000000,0.135900000000,0.256100000000,0.265900000000,0.174700000000,0.139500000000,0.130500000000,0.131000000000,0.208300000000,0.197900000000,0.209900000000,0.206300000000,0.130200000000,0.135900000000,0.256100000000,0.265700000000,0.174700000000,0.176600000000,474.5505027039999
contact,32,68.333333,19.222222,1.0,68.33,19.22,474.4201824689999,1.4824,482.2753775660003,0.130800000000,0.131300000000,0.190600000000,0.177900000000,0.210800000000,0.206700000000,0.129000000000,0.133200000000,0.254000000000,0.265400000000,0.174300000000,0.176300000000,0.181600000000,0.131300000000,0.190600000000,0.177900000000,0.210900000000,0.206600000000,0.129000000000,0.133300000000,0.254100000000,0.265300000000,0.174400000000,0.176300000000,0.181500000000,0.177700000000,0.190500000000,0.177900000000,0.210900000000,0.206600000000,0.129100000000,0.133200000000,0.254000000000,0.265400000000,0.174300000000,0.176400000000,0.181700000000,0.177700000000,0.138200000000,0.177700000000,0.210800000000,0.206500000000,0.129000000000,0.133200000000,0.254100000000,0.265300000000,0.174400000000,0.176300000000,0.181600000000,0.177600000000,0.138300000000,0.141100000000,0.210900000000,0.206600000000,0.129000000000,0.133200000000,0.254000000000,0.265400000000,0.174300000000,0.176400000000,0.181600000000,0.177600000000,0.138200000000,0.140900000000,0.130700000000,0.206700000000,0.129000000000,0.133200000000,0.254000000000,0.265400000000,0.174500000000,0.176300000000,0.181600000000,0.177600000000,0.138100000000,0.141000000000,0.130800000000,0.131200000000,0.129000000000,0.133200000000,0.254000000000,0.265300000000,0.174300000000,0.176300000000,0.181600000000,0.177700000000,0.138200000000,0.141000000000,0.130800000000,0.131300000000,0.190200000000,0.133200000000,0.254100000000,0.265300000000,0.174300000000,0.176300000000,0.181700000000,0.177600000000,0.138300000000,0.141100000000,0.130800000000,0.131200000000,0.190300000000,0.177500000000,0.254100000000,0.265400000000,0.174400000000,0.176300000000,0.181500000000,0.177700000000,0.138200000000,0.141000000000,0.130800000000,0.131300000000,0.190300000000,0.177600000000,0.211000000000,0.265300000000,0.174300000000,0.176400000000,0.181600000000,0.177700000000,0.138200000000,0.141100000000,0.130800000000,0.131300000000,0.190300000000,0.177600000000,0.210900000000,0.206700000000,0.174400000000,0.176400000000,0.181600000000,0.177700000000,0.138100000000,0.141000000000,0.130900000000,0.131300000000,0.190300000000,0.177500000000,0.211000000000,0.206600000000,0.129000000000,0.176300000000,0.181600000000,0.177600000000,0.138300000000,0.141000000000,0.130600000000,0.131200000000,0.190300000000,0.177500000000,0.211000000000,0.206700000000,0.129000000000,0.133200000000,0.181700000000,0.177600000000,0.138200000000,0.141000000000,0.130700000000,0.131300000000,0.190200000000,0.177600000000,0.210800000000,0.206600000000,0.128900000000,0.133200000000,0.254100000000,0.177600000000,0.138100000000,0.141000000000,0.130800000000,0.131400000000,0.190200000000,0.177500000000,0.211000000000,0.206700000000,0.129000000000,0.133200000000,0.253900000000,0.265300000000,0.138400000000,0.141100000000,0.130700000000,0.131200000000,0.190100000000,0.177500000000,0.211000000000,0.206600000000,0.129000000000,0.133200000000,0.254000000000,0.265300000000,0.174400000000,0.140900000000,0.130800000000,0.131300000000,0.190300000000,0.177600000000,0.210900000000,0.206600000000,0.129000000000,0.133300000000,0.254000000000,0.265400000000,0.174400000000,0.176300000000,483.4223528140001
baseline,33,83.102564,21.125356,4.0,83.1,21.13,486.00882765699953,0,,0.130200000000,0.131300000000,0.212700000000,0.202700000000,0.212500000000,0.209300000000,0.131300000000,0.138400000000,0.258200000000,0.266000000000,0.174900000000,0.176700000000,0.181900000000,0.131300000000,0.212800000000,0.202800000000,0.212500000000,0.209400000000,0.131400000000,0.138500000000,0.258200000000,0.265900000000,0.174800000000,0.176700000000,0.182100000000,0.177900000000,0.212700000000,0.202800000000,0.212600000000,0.209500000000,0.131500000000,0.138400000000,0.258000000000,0.266000000000,0.174900000000,0.176700000000,0.182000000000,0.178000000000,0.136900000000,0.202800000000,0.212600000000,0.209600000000,0.131400000000,0.138200000000,0.258000000000,0.266000000000,0.174800000000,0.176700000000,0.182000000000,0.177900000000,0.137100000000,0.139500000000,0.212900000000,0.209600000000,0.131500000000,0.138300000000,0.258000000000,0.266000000000,0.174700000000,0.176800000000,0.182000000000,0.178000000000,0.137200000000,0.139900000000,0.130800000000,0.209400000000,0.131300000000,0.138500000000,0.258200000000,0.265700000000,0.174100000000,0.176700000000,0.182100000000,0.178200000000,0.137200000000,0.139900000000,0.130600000000,0.131300000000,0.131300000000,0.138500000000,0.258300000000,0.265600000000,0.174700000000,0.176700000000,0.182000000000,0.178200000000,0.137300000000,0.139900000000,0.130700000000,0.131400000000,0.213100000000,0.138400000000,0.258200000000,0.265900000000,0.174700000000,0.176800000000,0.182000000000,0.178100000000,0.137300000000,0.139900000000,0.130600000000,0.131400000000,0.213200000000,0.203400000000,0.258200000000,0.265900000000,0.174800000000,0.176700000000,0.182000000000,0.178100000000,0.137300000000,0.139900000000,0.130800000000,0.131300000000,0.213400000000,0.203400000000,0.212600000000,0.265800000000,0.174700000000,0.176800000000,0.182000000000,0.178100000000,0.137200000000,0.139900000000,0.130700000000,0.131400000000,0.213400000000,0.203500000000,0.212700000000,0.209300000000,0.174600000000,0.176700000000,0.182000000000,0.178100000000,0.137300000000,0.140000000000,0.130900000000,0.131300000000,0.213100000000,0.203200000000,0.212700000000,0.209300000000,0.131200000000,0.176800000000,0.182000000000,0.178100000000,0.137200000000,0.140000000000,0.130900000000,0.131400000000,0.213100000000,0.203300000000,0.212700000000,0.209500000000,0.131300000000,0.138500000000,0.181900000000,0.178200000000,0.137200000000,0.140100000000,0.131000000000,0.131500000000,0.212900000000,0.203100000000,0.212600000000,0.209300000000,0.131400000000,0.138400000000,0.258100000000,0.178100000000,0.137300000000,0.140000000000,0.130900000000,0.131500000000,0.212800000000,0.203000000000,0.212600000000,0.209400000000,0.131300000000,0.138500000000,0.258000000000,0.265200000000,0.137300000000,0.139900000000,0.131100000000,0.131600000000,0.212800000000,0.202800000000,0.212900000000,0.209400000000,0.131400000000,0.138400000000,0.258000000000,0.265100000000,0.174000000000,0.139900000000,0.131000000000,0.131600000000,0.212600000000,0.202600000000,0.212700000000,0.209300000000,0.131200000000,0.138400000000,0.258100000000,0.265100000000,0.174000000000,0.176800000000,486.01927433400033
contact,33,83.102564,21.125356,4.0,83.1,21.13,486.00882765699953,4.4252,497.35582381099994,0.130300000000,0.131200000000,0.209800000000,0.199700000000,0.209000000000,0.203300000000,0.115100000000,0.121700000000,0.261600000000,0.269600000000,0.174200000000,0.176900000000,0.182100000000,0.131200000000,0.209800000000,0.199700000000,0.209100000000,0.203300000000,0.115100000000,0.121600000000,0.261600000000,0.269600000000,0.174100000000,0.176900000000,0.182100000000,0.178100000000,0.209800000000,0.199700000000,0.209000000000,0.203100000000,0.115200000000,0.121700000000,0.261800000000,0.269500000000,0.174200000000,0.176900000000,0.182200000000,0.178100000000,0.136100000000,0.199700000000,0.209000000000,0.203300000000,0.115100000000,0.121700000000,0.261600000000,0.269500000000,0.174100000000,0.177000000000,0.182200000000,0.178100000000,0.136000000000,0.138800000000,0.209000000000,0.203300000000,0.115200000000,0.121600000000,0.261700000000,0.269400000000,0.174200000000,0.176900000000,0.182200000000,0.178200000000,0.136000000000,0.138800000000,0.130400000000,0.203300000000,0.115200000000,0.121700000000,0.261700000000,0.269500000000,0.174200000000,0.176900000000,0.182100000000,0.178200000000,0.136000000000,0.138800000000,0.130300000000,0.131200000000,0.115100000000,0.121600000000,0.261700000000,0.269600000000,0.174100000000,0.176900000000,0.182100000000,0.178100000000,0.135900000000,0.138800000000,0.130300000000,0.131100000000,0.209700000000,0.121700000000,0.261700000000,0.269400000000,0.174200000000,0.176900000000,0.182100000000,0.178000000000,0.136000000000,0.138800000000,0.130300000000,0.131200000000,0.209800000000,0.199700000000,0.261600000000,0.269500000000,0.174100000000,0.177000000000,0.182100000000,0.178000000000,0.136000000000,0.138800000000,0.130200000000,0.131200000000,0.209700000000,0.199700000000,0.208900000000,0.269500000000,0.174300000000,0.176900000000,0.182100000000,0.178100000000,0.136000000000,0.138900000000,0.130200000000,0.131200000000,0.209800000000,0.199600000000,0.208900000000,0.203300000000,0.174200000000,0.176900000000,0.182000000000,0.178100000000,0.136100000000,0.138800000000,0.130300000000,0.131300000000,0.209800000000,0.199800000000,0.208800000000,0.203100000000,0.115100000000,0.177000000000,0.182200000000,0.178000000000,0.135900000000,0.138900000000,0.130200000000,0.131100000000,0.209800000000,0.199700000000,0.209000000000,0.203100000000,0.115100000000,0.121600000000,0.182100000000,0.178100000000,0.136000000000,0.138800000000,0.130300000000,0.131300000000,0.209800000000,0.199700000000,0.208800000000,0.203200000000,0.115000000000,0.121600000000,0.261600000000,0.178100000000,0.135900000000,0.138800000000,0.130300000000,0.131300000000,0.209800000000,0.199700000000,0.209000000000,0.203300000000,0.115100000000,0.121600000000,0.261500000000,0.269400000000,0.136000000000,0.138900000000,0.130200000000,0.131200000000,0.209900000000,0.199800000000,0.209000000000,0.203300000000,0.115100000000,0.121600000000,0.261500000000,0.269400000000,0.174200000000,0.138800000000,0.130300000000,0.131300000000,0.209900000000,0.199700000000,0.209000000000,0.203200000000,0.115200000000,0.121600000000,0.261700000000,0.269500000000,0.174200000000,0.177000000000,498.5680167339997
baseline,34,79.820513,24.65812,4.0,79.82,24.66,500.48525767199953,0,,0.131200000000,0.132300000000,0.210200000000,0.199800000000,0.218200000000,0.214200000000,0.134500000000,0.140400000000,0.259200000000,0.268400000000,0.174900000000,0.176800000000,0.182000000000,0.132600000000,0.210400000000,0.200100000000,0.218500000000,0.214400000000,0.135200000000,0.140800000000,0.259700000000,0.268600000000,0.174800000000,0.176800000000,0.182100000000,0.177700000000,0.210300000000,0.200100000000,0.218300000000,0.214200000000,0.134900000000,0.140700000000,0.260200000000,0.268600000000,0.174900000000,0.176800000000,0.182000000000,0.177700000000,0.136800000000,0.200100000000,0.218200000000,0.213900000000,0.134800000000,0.140300000000,0.259200000000,0.268800000000,0.175100000000,0.176900000000,0.182100000000,0.177800000000,0.136900000000,0.139400000000,0.219500000000,0.216800000000,0.137200000000,0.143200000000,0.264600000000,0.269600000000,0.175600000000,0.177300000000,0.182700000000,0.177900000000,0.136900000000,0.139500000000,0.131400000000,0.216600000000,0.137300000000,0.146700000000,0.264900000000,0.269600000000,0.175500000000,0.177000000000,0.182600000000,0.177900000000,0.137000000000,0.139400000000,0.131500000000,0.133100000000,0.137200000000,0.146800000000,0.265000000000,0.269600000000,0.175500000000,0.177400000000,0.182700000000,0.177800000000,0.136800000000,0.139600000000,0.131700000000,0.133700000000,0.210700000000,0.146500000000,0.264800000000,0.269500000000,0.175700000000,0.177400000000,0.182800000000,0.177900000000,0.137000000000,0.139600000000,0.131900000000,0.133800000000,0.210700000000,0.201200000000,0.265000000000,0.269600000000,0.176000000000,0.177600000000,0.182700000000,0.178000000000,0.137100000000,0.139600000000,0.132000000000,0.133800000000,0.210400000000,0.200700000000,0.218800000000,0.269100000000,0.176100000000,0.178000000000,0.182900000000,0.178000000000,0.137000000000,0.139800000000,0.131900000000,0.133800000000,0.210700000000,0.200800000000,0.219000000000,0.216200000000,0.176400000000,0.178300000000,0.182900000000,0.177900000000,0.137000000000,0.139800000000,0.131900000000,0.134100000000,0.210700000000,0.201000000000,0.219200000000,0.216400000000,0.137300000000,0.179100000000,0.182800000000,0.177900000000,0.137300000000,0.139900000000,0.132100000000,0.134200000000,0.210800000000,0.201200000000,0.219200000000,0.216100000000,0.137200000000,0.146200000000,0.182900000000,0.177900000000,0.137300000000,0.139800000000,0.132300000000,0.133800000000,0.210400000000,0.200300000000,0.218000000000,0.213700000000,0.136700000000,0.145900000000,0.264500000000,0.178000000000,0.137300000000,0.139900000000,0.132200000000,0.134500000000,0.210800000000,0.201300000000,0.219200000000,0.216000000000,0.137300000000,0.146100000000,0.264500000000,0.269600000000,0.137500000000,0.140000000000,0.132400000000,0.134700000000,0.210600000000,0.201300000000,0.218900000000,0.215700000000,0.137200000000,0.146200000000,0.264400000000,0.269600000000,0.179700000000,0.140000000000,0.132100000000,0.134500000000,0.210600000000,0.201200000000,0.218800000000,0.215500000000,0.137500000000,0.146500000000,0.264600000000,0.269500000000,0.179400000000,0.181100000000,500.51469281200025
contact,34,79.820513,24.65812,4.0,79.82,24.66,500.48525767199953,4.6277,511.40195865199985,0.131900000000,0.132700000000,0.213800000000,0.204500000000,0.213100000000,0.210700000000,0.136800000000,0.144400000000,0.261000000000,0.267100000000,0.176600000000,0.178200000000,0.181700000000,0.132700000000,0.213800000000,0.204700000000,0.213200000000,0.210600000000,0.136800000000,0.144300000000,0.261000000000,0.267000000000,0.176600000000,0.178300000000,0.181700000000,0.177300000000,0.214000000000,0.204700000000,0.213000000000,0.210600000000,0.136800000000,0.144400000000,0.261100000000,0.267000000000,0.176600000000,0.178100000000,0.181600000000,0.177100000000,0.137200000000,0.204700000000,0.213200000000,0.210600000000,0.136800000000,0.144400000000,0.260900000000,0.266900000000,0.176600000000,0.178200000000,0.181700000000,0.177200000000,0.137100000000,0.139800000000,0.213000000000,0.210700000000,0.136800000000,0.144300000000,0.261000000000,0.267000000000,0.176800000000,0.178300000000,0.181800000000,0.177100000000,0.137100000000,0.139900000000,0.131900000000,0.210600000000,0.136700000000,0.144300000000,0.260900000000,0.267100000000,0.176700000000,0.178300000000,0.181700000000,0.177200000000,0.137100000000,0.139900000000,0.131900000000,0.132700000000,0.136700000000,0.144400000000,0.260900000000,0.267100000000,0.176600000000,0.178300000000,0.181700000000,0.177200000000,0.137100000000,0.139900000000,0.131800000000,0.132700000000,0.214100000000,0.144300000000,0.261000000000,0.267000000000,0.176600000000,0.178300000000,0.181600000000,0.177100000000,0.137100000000,0.139900000000,0.131800000000,0.132700000000,0.214100000000,0.204700000000,0.261000000000,0.267100000000,0.176700000000,0.178200000000,0.181800000000,0.177100000000,0.137100000000,0.139800000000,0.131900000000,0.132700000000,0.214000000000,0.204800000000,0.213200000000,0.267000000000,0.176500000000,0.178200000000,0.181700000000,0.177200000000,0.137100000000,0.140000000000,0.131900000000,0.132700000000,0.213900000000,0.204700000000,0.213200000000,0.210800000000,0.176700000000,0.178200000000,0.181800000000,0.177100000000,0.137200000000,0.139800000000,0.131900000000,0.132700000000,0.213900000000,0.204800000000,0.213100000000,0.210700000000,0.136700000000,0.178200000000,0.181700000000,0.177200000000,0.137100000000,0.139900000000,0.131900000000,0.132600000000,0.213800000000,0.204700000000,0.213100000000,0.210600000000,0.136800000000,0.144200000000,0.181600000000,0.177200000000,0.137200000000,0.139900000000,0.131900000000,0.132600000000,0.213800000000,0.204600000000,0.213100000000,0.210700000000,0.136600000000,0.144400000000,0.260900000000,0.177300000000,0.137100000000,0.139900000000,0.131800000000,0.132700000000,0.213700000000,0.204600000000,0.213100000000,0.210700000000,0.136800000000,0.144400000000,0.260800000000,0.267000000000,0.137100000000,0.139900000000,0.131800000000,0.132600000000,0.213700000000,0.204500000000,0.213200000000,0.210700000000,0.136700000000,0.144400000000,0.260800000000,0.266900000000,0.176500000000,0.139900000000,0.131800000000,0.132600000000,0.213900000000,0.204600000000,0.213300000000,0.210800000000,0.136900000000,0.144400000000,0.260800000000,0.266900000000,0.176600000000,0.178200000000,512.4154213379998
baseline,35,48.641026,21.005698,2.0,48.64,21.01,516.3204735059999,0,,0.130600000000,0.131800000000,0.210600000000,0.200900000000,0.212000000000,0.209200000000,0.134600000000,0.142900000000,0.259000000000,0.265000000000,0.175700000000,0.177500000000,0.180500000000,0.131800000000,0.210500000000,0.200800000000,0.212100000000,0.209300000000,0.134700000000,0.143200000000,0.259100000000,0.265100000000,0.175500000000,0.177400000000,0.180500000000,0.176200000000,0.210500000000,0.200700000000,0.212100000000,0.209300000000,0.134800000000,0.143100000000,0.258900000000,0.264900000000,0.175600000000,0.177400000000,0.180500000000,0.176000000000,0.136500000000,0.201000000000,0.212100000000,0.209300000000,0.134700000000,0.143000000000,0.258700000000,0.264900000000,0.175500000000,0.177400000000,0.180400000000,0.176100000000,0.136500000000,0.139300000000,0.211900000000,0.209100000000,0.134600000000,0.142800000000,0.258800000000,0.264900000000,0.175600000000,0.177500000000,0.180500000000,0.176200000000,0.136500000000,0.139200000000,0.130600000000,0.209100000000,0.134500000000,0.142800000000,0.258800000000,0.264900000000,0.175400000000,0.177300000000,0.180500000000,0.176100000000,0.136500000000,0.139300000000,0.130600000000,0.131800000000,0.134600000000,0.142800000000,0.258800000000,0.264900000000,0.175400000000,0.177300000000,0.180300000000,0.176100000000,0.136600000000,0.139300000000,0.130600000000,0.131900000000,0.210500000000,0.142700000000,0.258900000000,0.265000000000,0.175500000000,0.177400000000,0.180500000000,0.176200000000,0.136500000000,0.139300000000,0.130700000000,0.131800000000,0.210600000000,0.200800000000,0.258800000000,0.264900000000,0.175600000000,0.177300000000,0.180500000000,0.176100000000,0.136400000000,0.139200000000,0.130700000000,0.131700000000,0.210600000000,0.201000000000,0.211800000000,0.264900000000,0.175600000000,0.177300000000,0.180500000000,0.176200000000,0.136700000000,0.139300000000,0.130700000000,0.131900000000,0.210500000000,0.200900000000,0.211700000000,0.208800000000,0.175500000000,0.177400000000,0.180500000000,0.176200000000,0.136500000000,0.139200000000,0.130600000000,0.131800000000,0.210500000000,0.200900000000,0.211700000000,0.208800000000,0.134600000000,0.177500000000,0.180500000000,0.176200000000,0.136400000000,0.139200000000,0.130600000000,0.131800000000,0.210400000000,0.200800000000,0.211800000000,0.208900000000,0.134600000000,0.142800000000,0.180500000000,0.176200000000,0.136400000000,0.139300000000,0.130600000000,0.131800000000,0.210600000000,0.200900000000,0.211700000000,0.208900000000,0.134500000000,0.142700000000,0.258600000000,0.176200000000,0.136400000000,0.139200000000,0.130700000000,0.131800000000,0.210500000000,0.200900000000,0.211900000000,0.208800000000,0.134500000000,0.142800000000,0.258700000000,0.264800000000,0.136400000000,0.139300000000,0.130700000000,0.131700000000,0.210500000000,0.200800000000,0.211700000000,0.208800000000,0.134400000000,0.142700000000,0.258600000000,0.264700000000,0.175300000000,0.139300000000,0.130600000000,0.131800000000,0.210500000000,0.200700000000,0.211700000000,0.208700000000,0.134400000000,0.142700000000,0.258700000000,0.264800000000,0.175400000000,0.177200000000,516.5278341650001
contact,35,48.641026,21.005698,2.0,48.64,21.01,516.3204735059999,2.1632,525.4629106510001,0.120700000000,0.113300000000,0.211700000000,0.201300000000,0.209000000000,0.205500000000,0.131800000000,0.140700000000,0.257700000000,0.264000000000,0.174600000000,0.176500000000,0.180500000000,0.113200000000,0.211600000000,0.201500000000,0.209000000000,0.205600000000,0.131700000000,0.140700000000,0.257500000000,0.263900000000,0.174600000000,0.176600000000,0.180600000000,0.176600000000,0.211500000000,0.201400000000,0.208900000000,0.205700000000,0.131700000000,0.140800000000,0.257600000000,0.263900000000,0.174600000000,0.176400000000,0.180600000000,0.176600000000,0.143000000000,0.201400000000,0.209000000000,0.205600000000,0.131800000000,0.140800000000,0.257600000000,0.264000000000,0.174700000000,0.176600000000,0.180700000000,0.176600000000,0.142900000000,0.145900000000,0.209000000000,0.205800000000,0.131700000000,0.140800000000,0.257500000000,0.264000000000,0.174600000000,0.176400000000,0.180600000000,0.176600000000,0.143000000000,0.145900000000,0.120600000000,0.205600000000,0.131700000000,0.140800000000,0.257500000000,0.264000000000,0.174600000000,0.176400000000,0.180500000000,0.176500000000,0.142900000000,0.145800000000,0.120600000000,0.113200000000,0.131600000000,0.140900000000,0.257600000000,0.264100000000,0.174600000000,0.176400000000,0.180600000000,0.176500000000,0.142900000000,0.145800000000,0.120700000000,0.113100000000,0.211600000000,0.140800000000,0.257600000000,0.263900000000,0.174600000000,0.176400000000,0.180600000000,0.176500000000,0.143000000000,0.145800000000,0.120600000000,0.113000000000,0.211600000000,0.201300000000,0.257500000000,0.264000000000,0.174600000000,0.176500000000,0.180500000000,0.176500000000,0.142900000000,0.145900000000,0.120600000000,0.113200000000,0.211700000000,0.201400000000,0.209000000000,0.264100000000,0.174700000000,0.176500000000,0.180500000000,0.176400000000,0.142800000000,0.145700000000,0.120600000000,0.113000000000,0.211600000000,0.201300000000,0.209100000000,0.205700000000,0.174700000000,0.176600000000,0.180500000000,0.176500000000,0.142700000000,0.145800000000,0.120600000000,0.113100000000,0.211600000000,0.201300000000,0.209000000000,0.205600000000,0.131800000000,0.176600000000,0.180600000000,0.176500000000,0.142900000000,0.145900000000,0.120600000000,0.113100000000,0.211500000000,0.201300000000,0.209000000000,0.205700000000,0.131800000000,0.140800000000,0.180600000000,0.176600000000,0.142900000000,0.145900000000,0.120600000000,0.113100000000,0.211600000000,0.201400000000,0.209000000000,0.205800000000,0.131600000000,0.140700000000,0.257700000000,0.176600000000,0.142900000000,0.145600000000,0.120500000000,0.113100000000,0.211600000000,0.201400000000,0.209100000000,0.205700000000,0.131800000000,0.140900000000,0.257600000000,0.264000000000,0.143000000000,0.145800000000,0.120400000000,0.113100000000,0.211600000000,0.201400000000,0.209100000000,0.205700000000,0.131700000000,0.140700000000,0.257600000000,0.264000000000,0.174700000000,0.145900000000,0.120400000000,0.113100000000,0.211500000000,0.201400000000,0.209000000000,0.205700000000,0.131800000000,0.140800000000,0.257600000000,0.264100000000,0.174700000000,0.176500000000,526.4805263569997
baseline,36,69.974359,15.558405,1.0,69.97,15.56,529.639926801,0,,0.141200000000,0.139900000000,0.209300000000,0.199300000000,0.209900000000,0.206600000000,0.131400000000,0.139300000000,0.256700000000,0.264100000000,0.170700000000,0.172800000000,0.180800000000,0.139800000000,0.209300000000,0.199200000000,0.210000000000,0.206600000000,0.131200000000,0.138700000000,0.256200000000,0.264200000000,0.170800000000,0.173000000000,0.180800000000,0.177100000000,0.209300000000,0.199400000000,0.210200000000,0.206900000000,0.131500000000,0.139400000000,0.256800000000,0.264100000000,0.170700000000,0.172800000000,0.180800000000,0.177200000000,0.140500000000,0.199300000000,0.210100000000,0.206800000000,0.131500000000,0.139200000000,0.256500000000,0.264100000000,0.170800000000,0.172900000000,0.180800000000,0.177100000000,0.140500000000,0.143400000000,0.210400000000,0.207200000000,0.131500000000,0.139100000000,0.256400000000,0.264100000000,0.170700000000,0.173100000000,0.180800000000,0.177100000000,0.140300000000,0.143200000000,0.140700000000,0.207300000000,0.131600000000,0.138900000000,0.256400000000,0.264100000000,0.171000000000,0.173300000000,0.180800000000,0.177000000000,0.140400000000,0.143200000000,0.140700000000,0.139300000000,0.131600000000,0.138900000000,0.256400000000,0.264200000000,0.171400000000,0.173400000000,0.180700000000,0.177200000000,0.140400000000,0.143300000000,0.140600000000,0.139200000000,0.209600000000,0.139100000000,0.256600000000,0.264200000000,0.171400000000,0.173600000000,0.180800000000,0.177200000000,0.140500000000,0.143300000000,0.140600000000,0.139300000000,0.209600000000,0.199600000000,0.256400000000,0.264300000000,0.171500000000,0.173700000000,0.180800000000,0.177200000000,0.140500000000,0.143300000000,0.140800000000,0.139500000000,0.209500000000,0.199600000000,0.211100000000,0.264200000000,0.171500000000,0.173600000000,0.180800000000,0.177200000000,0.140500000000,0.143300000000,0.140800000000,0.139500000000,0.209700000000,0.199700000000,0.211100000000,0.207600000000,0.171500000000,0.173500000000,0.180800000000,0.177100000000,0.140500000000,0.143200000000,0.140800000000,0.139500000000,0.209600000000,0.199700000000,0.211100000000,0.207900000000,0.131600000000,0.173400000000,0.180700000000,0.177200000000,0.140400000000,0.143400000000,0.140700000000,0.139400000000,0.209700000000,0.199700000000,0.211300000000,0.207900000000,0.131500000000,0.138900000000,0.180800000000,0.177300000000,0.140500000000,0.143200000000,0.140600000000,0.139300000000,0.209800000000,0.199700000000,0.211400000000,0.208000000000,0.131500000000,0.138900000000,0.256200000000,0.177100000000,0.140400000000,0.143200000000,0.140700000000,0.139300000000,0.209600000000,0.199600000000,0.211500000000,0.208100000000,0.131500000000,0.139000000000,0.256400000000,0.264300000000,0.140400000000,0.143200000000,0.140600000000,0.139200000000,0.209600000000,0.199700000000,0.211500000000,0.208200000000,0.131600000000,0.139000000000,0.256400000000,0.264300000000,0.171400000000,0.143100000000,0.140500000000,0.139000000000,0.209300000000,0.199500000000,0.211600000000,0.208200000000,0.131500000000,0.139100000000,0.256300000000,0.264200000000,0.171300000000,0.173300000000,529.7259986689996
contact,36,69.974359,15.558405,1.0,69.97,15.56,529.639926801,1.3634,537.502857507,0.136700000000,0.135500000000,0.206900000000,0.196800000000,0.205700000000,0.202300000000,0.132500000000,0.139200000000,0.255100000000,0.262400000000,0.170000000000,0.172400000000,0.179700000000,0.135400000000,0.206900000000,0.196900000000,0.205700000000,0.202100000000,0.132400000000,0.139300000000,0.255100000000,0.262400000000,0.170100000000,0.172400000000,0.179800000000,0.176100000000,0.206800000000,0.196900000000,0.205700000000,0.202200000000,0.132500000000,0.139300000000,0.255200000000,0.262400000000,0.169900000000,0.172400000000,0.179800000000,0.176200000000,0.140200000000,0.196800000000,0.205800000000,0.202300000000,0.132600000000,0.139300000000,0.255100000000,0.262400000000,0.170000000000,0.172400000000,0.179800000000,0.176200000000,0.140000000000,0.143000000000,0.205800000000,0.202300000000,0.132600000000,0.139200000000,0.255100000000,0.262400000000,0.170100000000,0.172400000000,0.179700000000,0.176100000000,0.140100000000,0.143000000000,0.136600000000,0.202300000000,0.132600000000,0.139200000000,0.255100000000,0.262500000000,0.170000000000,0.172300000000,0.179800000000,0.176100000000,0.140100000000,0.143000000000,0.136700000000,0.135600000000,0.132500000000,0.139300000000,0.255000000000,0.262400000000,0.170100000000,0.172400000000,0.179800000000,0.176000000000,0.140000000000,0.143000000000,0.136500000000,0.135600000000,0.207000000000,0.139300000000,0.255200000000,0.262400000000,0.170000000000,0.172300000000,0.179800000000,0.176000000000,0.140100000000,0.143000000000,0.136600000000,0.135600000000,0.206900000000,0.196900000000,0.255100000000,0.262400000000,0.170100000000,0.172400000000,0.179700000000,0.176100000000,0.140100000000,0.142900000000,0.136700000000,0.135700000000,0.206900000000,0.196900000000,0.205800000000,0.262300000000,0.170100000000,0.172400000000,0.179800000000,0.176000000000,0.140100000000,0.143000000000,0.136600000000,0.135700000000,0.206700000000,0.196800000000,0.205900000000,0.202300000000,0.170100000000,0.172300000000,0.179900000000,0.176100000000,0.140200000000,0.142900000000,0.136700000000,0.135600000000,0.206800000000,0.196900000000,0.205900000000,0.202300000000,0.132500000000,0.172400000000,0.179700000000,0.176200000000,0.140100000000,0.143000000000,0.136600000000,0.135700000000,0.206800000000,0.196800000000,0.205800000000,0.202300000000,0.132600000000,0.139200000000,0.179800000000,0.176000000000,0.140100000000,0.143000000000,0.136700000000,0.135700000000,0.206800000000,0.196900000000,0.205800000000,0.202300000000,0.132400000000,0.139400000000,0.255200000000,0.176100000000,0.140100000000,0.143000000000,0.136600000000,0.135700000000,0.206700000000,0.196800000000,0.205900000000,0.202300000000,0.132500000000,0.139200000000,0.255100000000,0.262400000000,0.140100000000,0.142900000000,0.136700000000,0.135800000000,0.206700000000,0.196800000000,0.205800000000,0.202200000000,0.132600000000,0.139300000000,0.255100000000,0.262400000000,0.170100000000,0.143000000000,0.136700000000,0.135800000000,0.206800000000,0.196900000000,0.205800000000,0.202200000000,0.132500000000,0.139300000000,0.255000000000,0.262400000000,0.170100000000,0.172500000000,538.5974020289996
baseline,37,48.641026,26.97151,1.0,48.64,26.97,541.8745518119995,0,,0.139100000000,0.140100000000,0.210700000000,0.200400000000,0.213500000000,0.209400000000,0.130900000000,0.138700000000,0.254700000000,0.263300000000,0.468400000000,0.466800000000,0.180200000000,0.140700000000,0.211000000000,0.201000000000,0.215300000000,0.211900000000,0.131600000000,0.138500000000,0.254300000000,0.263200000000,0.451000000000,0.432300000000,0.180300000000,0.176400000000,0.210800000000,0.200900000000,0.216700000000,0.213700000000,0.131600000000,0.138600000000,0.254700000000,0.263400000000,0.481200000000,0.481000000000,0.180100000000,0.176500000000,0.139600000000,0.200700000000,0.218700000000,0.215600000000,0.131600000000,0.138500000000,0.254600000000,0.263200000000,0.472400000000,0.465100000000,0.180200000000,0.176500000000,0.139700000000,0.142700000000,0.220300000000,0.217100000000,0.131600000000,0.138600000000,0.254600000000,0.263300000000,0.497300000000,0.475200000000,0.179900000000,0.176400000000,0.139800000000,0.142600000000,0.139100000000,0.218300000000,0.131500000000,0.138400000000,0.254600000000,0.263200000000,0.472100000000,0.464300000000,0.179900000000,0.176300000000,0.139700000000,0.142600000000,0.139100000000,0.140500000000,0.131400000000,0.138500000000,0.254500000000,0.263000000000,0.480300000000,0.476900000000,0.180100000000,0.176300000000,0.139700000000,0.142500000000,0.139000000000,0.140200000000,0.210800000000,0.138400000000,0.254500000000,0.263100000000,0.496000000000,0.494700000000,0.180000000000,0.176400000000,0.139700000000,0.142600000000,0.139200000000,0.140300000000,0.210800000000,0.200800000000,0.254600000000,0.263200000000,0.491700000000,0.462400000000,0.180000000000,0.176200000000,0.139600000000,0.142400000000,0.139000000000,0.140100000000,0.210900000000,0.200700000000,0.229100000000,0.263100000000,0.455500000000,0.462700000000,0.179900000000,0.176200000000,0.139600000000,0.142400000000,0.138900000000,0.140100000000,0.210600000000,0.200400000000,0.229900000000,0.226900000000,0.460400000000,0.457000000000,0.179900000000,0.176200000000,0.139700000000,0.142400000000,0.138700000000,0.140000000000,0.210600000000,0.200500000000,0.231500000000,0.228600000000,0.131300000000,0.458100000000,0.180000000000,0.176100000000,0.139700000000,0.142400000000,0.138500000000,0.139800000000,0.210500000000,0.200600000000,0.232400000000,0.229300000000,0.131300000000,0.138300000000,0.179900000000,0.176100000000,0.139700000000,0.142500000000,0.138500000000,0.139700000000,0.210600000000,0.200400000000,0.233800000000,0.231200000000,0.131300000000,0.138400000000,0.254600000000,0.176000000000,0.139700000000,0.142300000000,0.138500000000,0.139700000000,0.210500000000,0.200400000000,0.235300000000,0.232400000000,0.131400000000,0.138400000000,0.254600000000,0.263000000000,0.139500000000,0.142400000000,0.138400000000,0.139800000000,0.210400000000,0.200300000000,0.236500000000,0.233500000000,0.131300000000,0.138400000000,0.254500000000,0.263000000000,0.460700000000,0.142300000000,0.138400000000,0.139600000000,0.210500000000,0.200200000000,0.238000000000,0.234600000000,0.131300000000,0.138400000000,0.254500000000,0.263100000000,0.456000000000,0.453700000000,542.0606821319998
contact,37,48.641026,26.97151,1.0,48.64,26.97,541.8745518119995,1.2181,550.0385776920002,0.123800000000,0.096920000000,0.220500000000,0.211900000000,0.310300000000,0.306800000000,0.131300000000,0.135600000000,0.252600000000,0.264200000000,0.439200000000,0.440900000000,0.179600000000,0.097080000000,0.220400000000,0.211900000000,0.310400000000,0.306700000000,0.131300000000,0.135700000000,0.252600000000,0.264200000000,0.438800000000,0.443400000000,0.179500000000,0.176700000000,0.220300000000,0.211800000000,0.310400000000,0.306200000000,0.131200000000,0.135700000000,0.252400000000,0.264200000000,0.441800000000,0.443100000000,0.179500000000,0.176800000000,0.170400000000,0.211700000000,0.310400000000,0.307100000000,0.131200000000,0.135600000000,0.252500000000,0.264100000000,0.439600000000,0.441200000000,0.179500000000,0.176800000000,0.170400000000,0.173900000000,0.310900000000,0.306600000000,0.131300000000,0.135600000000,0.252500000000,0.264200000000,0.437600000000,0.439400000000,0.179400000000,0.176800000000,0.170300000000,0.173900000000,0.123600000000,0.306400000000,0.131300000000,0.135600000000,0.252500000000,0.264200000000,0.439000000000,0.438700000000,0.179500000000,0.176900000000,0.170300000000,0.173800000000,0.123600000000,0.096860000000,0.131300000000,0.135600000000,0.252500000000,0.264200000000,0.436500000000,0.440400000000,0.179500000000,0.176800000000,0.170400000000,0.173800000000,0.123600000000,0.096860000000,0.220200000000,0.135500000000,0.252500000000,0.264200000000,0.437000000000,0.438500000000,0.179400000000,0.176800000000,0.170300000000,0.173900000000,0.123600000000,0.096810000000,0.220300000000,0.211700000000,0.252400000000,0.264100000000,0.436200000000,0.438800000000,0.179400000000,0.176800000000,0.170300000000,0.173900000000,0.123400000000,0.096700000000,0.220300000000,0.211700000000,0.310000000000,0.264100000000,0.437600000000,0.438900000000,0.179500000000,0.176700000000,0.170300000000,0.173900000000,0.123500000000,0.096840000000,0.220200000000,0.211700000000,0.310500000000,0.306400000000,0.437300000000,0.439400000000,0.179400000000,0.176700000000,0.170300000000,0.173900000000,0.123500000000,0.096700000000,0.220200000000,0.211600000000,0.310600000000,0.307000000000,0.131300000000,0.439400000000,0.179400000000,0.176800000000,0.170300000000,0.173900000000,0.123500000000,0.096700000000,0.220200000000,0.211500000000,0.310200000000,0.306400000000,0.131400000000,0.135600000000,0.179400000000,0.176700000000,0.170200000000,0.173800000000,0.123400000000,0.096640000000,0.220100000000,0.211600000000,0.309200000000,0.305700000000,0.131300000000,0.135600000000,0.252400000000,0.176800000000,0.170400000000,0.173900000000,0.123400000000,0.096660000000,0.220200000000,0.211700000000,0.309300000000,0.305100000000,0.131200000000,0.135600000000,0.252500000000,0.264100000000,0.170400000000,0.173800000000,0.123400000000,0.096440000000,0.220100000000,0.211600000000,0.309100000000,0.305200000000,0.131300000000,0.135500000000,0.252400000000,0.264100000000,0.437400000000,0.173800000000,0.123400000000,0.096410000000,0.220100000000,0.211600000000,0.308900000000,0.305200000000,0.131400000000,0.135500000000,0.252400000000,0.264100000000,0.439400000000,0.438900000000,551.1470159629998
baseline,38,91.307692,21.153846,1.0,91.31,21.15,555.8457422740003,0,,0.139100000000,0.137400000000,0.212500000000,0.202000000000,0.304900000000,0.301700000000,0.130500000000,0.137600000000,0.255200000000,0.263300000000,0.208200000000,0.210500000000,0.179500000000,0.137400000000,0.212500000000,0.202500000000,0.305600000000,0.302000000000,0.130500000000,0.137800000000,0.255300000000,0.263300000000,0.208300000000,0.210600000000,0.179300000000,0.175600000000,0.212500000000,0.202400000000,0.305100000000,0.301500000000,0.130500000000,0.137800000000,0.255200000000,0.263300000000,0.208200000000,0.210500000000,0.179500000000,0.175700000000,0.141700000000,0.202400000000,0.305200000000,0.302200000000,0.130600000000,0.137700000000,0.255100000000,0.263400000000,0.208300000000,0.210400000000,0.179400000000,0.175700000000,0.141800000000,0.144400000000,0.305800000000,0.302200000000,0.130500000000,0.137700000000,0.255100000000,0.263400000000,0.208000000000,0.210300000000,0.179300000000,0.175700000000,0.141800000000,0.144500000000,0.138900000000,0.302200000000,0.130200000000,0.137100000000,0.254500000000,0.263300000000,0.207600000000,0.209700000000,0.179400000000,0.175600000000,0.141800000000,0.144500000000,0.139000000000,0.137300000000,0.130500000000,0.137600000000,0.255000000000,0.263200000000,0.206900000000,0.209300000000,0.179300000000,0.175700000000,0.141900000000,0.144500000000,0.139100000000,0.137300000000,0.212500000000,0.137600000000,0.255000000000,0.263400000000,0.207200000000,0.209400000000,0.179200000000,0.175600000000,0.141800000000,0.144700000000,0.139100000000,0.137000000000,0.212300000000,0.202300000000,0.255000000000,0.263300000000,0.207300000000,0.209700000000,0.179400000000,0.175700000000,0.141800000000,0.144900000000,0.139100000000,0.137200000000,0.212500000000,0.202400000000,0.306200000000,0.263300000000,0.207100000000,0.209400000000,0.179400000000,0.175700000000,0.141700000000,0.144900000000,0.139100000000,0.137300000000,0.212600000000,0.202600000000,0.305900000000,0.301800000000,0.207000000000,0.209200000000,0.179400000000,0.175600000000,0.141700000000,0.144900000000,0.139100000000,0.137200000000,0.212600000000,0.202600000000,0.305300000000,0.302000000000,0.130600000000,0.209500000000,0.179300000000,0.175700000000,0.141700000000,0.144700000000,0.139000000000,0.137100000000,0.212500000000,0.202600000000,0.305600000000,0.302000000000,0.130600000000,0.137500000000,0.179400000000,0.175600000000,0.141500000000,0.144800000000,0.139100000000,0.137300000000,0.212500000000,0.202500000000,0.305700000000,0.302000000000,0.130500000000,0.137500000000,0.254900000000,0.175600000000,0.141700000000,0.144700000000,0.139100000000,0.137200000000,0.212400000000,0.202400000000,0.305600000000,0.302300000000,0.130600000000,0.137600000000,0.254900000000,0.263300000000,0.141700000000,0.144500000000,0.138900000000,0.137100000000,0.212400000000,0.202300000000,0.305700000000,0.302100000000,0.130500000000,0.137500000000,0.254900000000,0.263200000000,0.206500000000,0.144600000000,0.139000000000,0.137100000000,0.212300000000,0.202300000000,0.305800000000,0.302200000000,0.130500000000,0.137500000000,0.254900000000,0.263300000000,0.206600000000,0.208500000000,555.9084893399995
contact,38,91.307692,21.153846,1.0,91.31,21.15,555.8457422740003,1.1905,564.0875396639995,0.135500000000,0.134500000000,0.208200000000,0.198500000000,0.312000000000,0.307500000000,0.137900000000,0.143100000000,0.236200000000,0.246300000000,0.204100000000,0.206100000000,0.191400000000,0.134500000000,0.208200000000,0.198400000000,0.312600000000,0.307500000000,0.138000000000,0.143100000000,0.236200000000,0.246500000000,0.204200000000,0.206100000000,0.191300000000,0.185000000000,0.208100000000,0.198300000000,0.312100000000,0.307400000000,0.138000000000,0.143100000000,0.236100000000,0.246300000000,0.204100000000,0.206100000000,0.191300000000,0.184900000000,0.139100000000,0.198300000000,0.312000000000,0.307200000000,0.137900000000,0.143000000000,0.236000000000,0.246300000000,0.204000000000,0.206000000000,0.191300000000,0.184900000000,0.139000000000,0.142000000000,0.312000000000,0.306800000000,0.138000000000,0.143100000000,0.235900000000,0.246200000000,0.203900000000,0.206000000000,0.191300000000,0.184900000000,0.139100000000,0.142000000000,0.135400000000,0.306900000000,0.138000000000,0.143100000000,0.236100000000,0.246400000000,0.204000000000,0.206100000000,0.191300000000,0.185000000000,0.139000000000,0.141900000000,0.135500000000,0.134500000000,0.138000000000,0.143000000000,0.236200000000,0.246500000000,0.203900000000,0.206000000000,0.191200000000,0.184900000000,0.139200000000,0.142100000000,0.135500000000,0.134500000000,0.208100000000,0.143100000000,0.236300000000,0.246400000000,0.204000000000,0.206000000000,0.191200000000,0.184800000000,0.139100000000,0.142100000000,0.135500000000,0.134300000000,0.208000000000,0.198300000000,0.236100000000,0.246400000000,0.204000000000,0.206100000000,0.191200000000,0.184900000000,0.139100000000,0.142000000000,0.135500000000,0.134500000000,0.208000000000,0.198300000000,0.312000000000,0.246500000000,0.204000000000,0.206100000000,0.191300000000,0.184800000000,0.139100000000,0.142100000000,0.135400000000,0.134500000000,0.208000000000,0.198300000000,0.312000000000,0.306900000000,0.204000000000,0.206000000000,0.191200000000,0.184800000000,0.139100000000,0.142100000000,0.135500000000,0.134400000000,0.208000000000,0.198400000000,0.312200000000,0.307500000000,0.137800000000,0.206000000000,0.191200000000,0.184700000000,0.139100000000,0.142000000000,0.135500000000,0.134400000000,0.208100000000,0.198300000000,0.312100000000,0.307300000000,0.137900000000,0.143000000000,0.191300000000,0.184800000000,0.139100000000,0.142000000000,0.135500000000,0.134400000000,0.208000000000,0.198300000000,0.312200000000,0.307200000000,0.137900000000,0.143000000000,0.235900000000,0.184800000000,0.139100000000,0.142000000000,0.135500000000,0.134500000000,0.208100000000,0.198300000000,0.312200000000,0.307000000000,0.137900000000,0.143200000000,0.236000000000,0.246200000000,0.139000000000,0.141900000000,0.135400000000,0.134500000000,0.208100000000,0.198300000000,0.311900000000,0.305900000000,0.138000000000,0.143100000000,0.236000000000,0.246300000000,0.204100000000,0.142100000000,0.135400000000,0.134500000000,0.208100000000,0.198200000000,0.311000000000,0.305500000000,0.137900000000,0.143100000000,0.236000000000,0.246300000000,0.204000000000,0.206000000000,565.2125118969998
baseline,39,104.435897,16.396011,2.0,104.44,16.4,567.7221048499996,0,,0.139300000000,0.137600000000,0.209200000000,0.199000000000,0.305600000000,0.301900000000,0.134000000000,0.141600000000,0.269300000000,0.276000000000,0.190300000000,0.192700000000,0.187000000000,0.137800000000,0.209500000000,0.199300000000,0.305800000000,0.301800000000,0.134300000000,0.141700000000,0.268700000000,0.275500000000,0.190300000000,0.192600000000,0.187000000000,0.181300000000,0.209300000000,0.199200000000,0.305500000000,0.301800000000,0.134300000000,0.141700000000,0.269100000000,0.275900000000,0.190100000000,0.192300000000,0.187100000000,0.181000000000,0.141100000000,0.199100000000,0.305500000000,0.301800000000,0.134300000000,0.142000000000,0.269100000000,0.275800000000,0.189900000000,0.192200000000,0.187100000000,0.181100000000,0.141000000000,0.143800000000,0.305300000000,0.301800000000,0.134100000000,0.141900000000,0.268900000000,0.275600000000,0.189800000000,0.192200000000,0.187100000000,0.181000000000,0.141000000000,0.143900000000,0.139300000000,0.301800000000,0.134400000000,0.142100000000,0.269000000000,0.275600000000,0.189700000000,0.192000000000,0.187200000000,0.181200000000,0.141200000000,0.143900000000,0.139500000000,0.137700000000,0.134400000000,0.142200000000,0.268900000000,0.275300000000,0.189700000000,0.191900000000,0.187000000000,0.181200000000,0.141100000000,0.143900000000,0.139700000000,0.137900000000,0.209500000000,0.142600000000,0.269100000000,0.275300000000,0.189600000000,0.191900000000,0.187100000000,0.181200000000,0.141100000000,0.144100000000,0.139900000000,0.138000000000,0.209400000000,0.199300000000,0.269700000000,0.275900000000,0.189500000000,0.191800000000,0.186900000000,0.181200000000,0.141200000000,0.143900000000,0.140000000000,0.137700000000,0.209000000000,0.198800000000,0.305000000000,0.275600000000,0.189300000000,0.191700000000,0.187000000000,0.181100000000,0.141100000000,0.144200000000,0.139800000000,0.137600000000,0.209200000000,0.198900000000,0.305100000000,0.300900000000,0.189300000000,0.191700000000,0.186800000000,0.181100000000,0.141100000000,0.144200000000,0.139900000000,0.137400000000,0.209200000000,0.198900000000,0.304900000000,0.300800000000,0.133100000000,0.191500000000,0.186800000000,0.181100000000,0.141200000000,0.144100000000,0.140000000000,0.137500000000,0.209200000000,0.198800000000,0.304800000000,0.300700000000,0.132900000000,0.139200000000,0.186800000000,0.181100000000,0.141200000000,0.144100000000,0.139900000000,0.137500000000,0.209400000000,0.198900000000,0.305100000000,0.301000000000,0.133100000000,0.139100000000,0.267100000000,0.181100000000,0.141100000000,0.144000000000,0.139800000000,0.137500000000,0.209200000000,0.198900000000,0.305000000000,0.300800000000,0.133100000000,0.139200000000,0.266500000000,0.275200000000,0.141000000000,0.144000000000,0.139800000000,0.137400000000,0.209100000000,0.198800000000,0.305500000000,0.301700000000,0.133100000000,0.139100000000,0.265900000000,0.274800000000,0.188900000000,0.144100000000,0.139900000000,0.137300000000,0.209200000000,0.198800000000,0.306300000000,0.302100000000,0.133100000000,0.139200000000,0.265800000000,0.274400000000,0.188800000000,0.191200000000,567.8084165589999
contact,39,104.435897,16.396011,2.0,104.44,16.4,567.7221048499996,2.1538,576.1379162029998,0.135500000000,0.134300000000,0.206200000000,0.196000000000,0.307600000000,0.303800000000,0.128400000000,0.135600000000,0.259100000000,0.264600000000,0.194400000000,0.196800000000,0.146800000000,0.134200000000,0.206300000000,0.196100000000,0.307600000000,0.304000000000,0.128400000000,0.135600000000,0.259000000000,0.264600000000,0.194400000000,0.196800000000,0.146800000000,0.159300000000,0.206200000000,0.196000000000,0.307700000000,0.304100000000,0.128400000000,0.135600000000,0.259000000000,0.264600000000,0.194300000000,0.196900000000,0.146800000000,0.159400000000,0.139100000000,0.196000000000,0.308000000000,0.304200000000,0.128400000000,0.135600000000,0.259200000000,0.264800000000,0.194400000000,0.196900000000,0.146900000000,0.159400000000,0.139000000000,0.141800000000,0.308100000000,0.304300000000,0.128500000000,0.135600000000,0.259200000000,0.264800000000,0.194400000000,0.197000000000,0.146900000000,0.159400000000,0.138900000000,0.141800000000,0.135500000000,0.303800000000,0.128400000000,0.135600000000,0.259200000000,0.264900000000,0.194500000000,0.197000000000,0.146900000000,0.159500000000,0.139000000000,0.141800000000,0.135500000000,0.134300000000,0.128500000000,0.135600000000,0.259100000000,0.264700000000,0.194500000000,0.197000000000,0.146900000000,0.159400000000,0.138900000000,0.141800000000,0.135500000000,0.134300000000,0.206300000000,0.135700000000,0.259100000000,0.264700000000,0.194400000000,0.196900000000,0.146900000000,0.159400000000,0.138900000000,0.141700000000,0.135600000000,0.134200000000,0.206200000000,0.196100000000,0.259100000000,0.264700000000,0.194500000000,0.197100000000,0.146800000000,0.159300000000,0.138900000000,0.141700000000,0.135500000000,0.134200000000,0.206300000000,0.196000000000,0.307700000000,0.264800000000,0.194500000000,0.197000000000,0.146700000000,0.159400000000,0.139000000000,0.141800000000,0.135500000000,0.134200000000,0.206200000000,0.196100000000,0.307800000000,0.304100000000,0.194500000000,0.197100000000,0.146800000000,0.159400000000,0.139000000000,0.141800000000,0.135500000000,0.134200000000,0.206400000000,0.196000000000,0.308300000000,0.304900000000,0.128500000000,0.197000000000,0.146700000000,0.159300000000,0.139000000000,0.141600000000,0.135500000000,0.134100000000,0.206200000000,0.196000000000,0.308200000000,0.304600000000,0.128500000000,0.135700000000,0.146700000000,0.159300000000,0.138900000000,0.141700000000,0.135500000000,0.134200000000,0.206200000000,0.196100000000,0.308200000000,0.304800000000,0.128400000000,0.135600000000,0.258800000000,0.159300000000,0.138900000000,0.141800000000,0.135400000000,0.134200000000,0.206200000000,0.196100000000,0.308300000000,0.305100000000,0.128500000000,0.135600000000,0.258900000000,0.264500000000,0.138900000000,0.141700000000,0.135500000000,0.134300000000,0.206300000000,0.196000000000,0.308700000000,0.305200000000,0.128300000000,0.135800000000,0.258800000000,0.264400000000,0.194300000000,0.141700000000,0.135500000000,0.134200000000,0.206300000000,0.196000000000,0.308500000000,0.304200000000,0.128500000000,0.135700000000,0.258700000000,0.264400000000,0.194300000000,0.196900000000,577.3288870619999
baseline,40,81.461538,29.923077,1.0,81.46,29.92,580.8038714309996,0,,0.142700000000,0.143500000000,0.216500000000,0.205700000000,0.345400000000,0.342100000000,0.129000000000,0.135100000000,0.260100000000,0.269400000000,0.203600000000,0.206000000000,0.190800000000,0.144300000000,0.216600000000,0.206400000000,0.345200000000,0.340600000000,0.129500000000,0.137500000000,0.257900000000,0.268100000000,0.203700000000,0.206600000000,0.190800000000,0.183000000000,0.216400000000,0.206000000000,0.344900000000,0.341700000000,0.129400000000,0.134800000000,0.257200000000,0.267200000000,0.204500000000,0.207400000000,0.190400000000,0.183000000000,0.142000000000,0.205400000000,0.344000000000,0.340300000000,0.128700000000,0.134600000000,0.256900000000,0.267000000000,0.205800000000,0.208600000000,0.190700000000,0.183100000000,0.141900000000,0.145100000000,0.344000000000,0.340200000000,0.128600000000,0.134600000000,0.256700000000,0.267000000000,0.206800000000,0.209900000000,0.190700000000,0.183000000000,0.141800000000,0.145000000000,0.144200000000,0.340100000000,0.128600000000,0.134600000000,0.256200000000,0.266400000000,0.207600000000,0.210400000000,0.190300000000,0.182900000000,0.141800000000,0.144900000000,0.144000000000,0.144500000000,0.128500000000,0.134400000000,0.255900000000,0.266200000000,0.207900000000,0.210900000000,0.190300000000,0.182800000000,0.141800000000,0.144800000000,0.144000000000,0.144500000000,0.215600000000,0.134400000000,0.256200000000,0.266100000000,0.208800000000,0.211600000000,0.190200000000,0.182800000000,0.141900000000,0.144700000000,0.143900000000,0.144500000000,0.215800000000,0.205100000000,0.255500000000,0.265900000000,0.209200000000,0.212300000000,0.189900000000,0.182600000000,0.141700000000,0.144800000000,0.143900000000,0.144700000000,0.215900000000,0.205300000000,0.343800000000,0.266200000000,0.210300000000,0.213400000000,0.190000000000,0.182500000000,0.141900000000,0.144700000000,0.143800000000,0.144500000000,0.215700000000,0.205200000000,0.343000000000,0.339400000000,0.211100000000,0.213900000000,0.189900000000,0.182400000000,0.141800000000,0.144800000000,0.143600000000,0.144300000000,0.215300000000,0.204500000000,0.342500000000,0.339000000000,0.128300000000,0.214100000000,0.189700000000,0.182500000000,0.141900000000,0.144800000000,0.143700000000,0.144200000000,0.215300000000,0.204600000000,0.342200000000,0.337600000000,0.128400000000,0.134300000000,0.189600000000,0.182400000000,0.141700000000,0.144800000000,0.143600000000,0.144100000000,0.215400000000,0.204900000000,0.341300000000,0.337500000000,0.128400000000,0.134100000000,0.255600000000,0.182400000000,0.141700000000,0.144700000000,0.143400000000,0.143900000000,0.215500000000,0.204700000000,0.341200000000,0.337700000000,0.128300000000,0.134200000000,0.255600000000,0.265900000000,0.141700000000,0.144700000000,0.143400000000,0.144000000000,0.215400000000,0.204900000000,0.341700000000,0.338900000000,0.129100000000,0.135900000000,0.257400000000,0.266100000000,0.214200000000,0.144700000000,0.143400000000,0.144100000000,0.215500000000,0.205100000000,0.343100000000,0.339800000000,0.129000000000,0.135900000000,0.257100000000,0.266000000000,0.214600000000,0.217500000000,581.0070981190001
contact,40,81.461538,29.923077,1.0,81.46,29.92,580.8038714309996,1.4106,590.1873474969998,0.138900000000,0.137900000000,0.216600000000,0.206400000000,0.193100000000,0.189500000000,0.130200000000,0.134900000000,0.253000000000,0.265600000000,0.213100000000,0.215100000000,0.184800000000,0.137800000000,0.216600000000,0.206400000000,0.193300000000,0.189600000000,0.130200000000,0.134800000000,0.253100000000,0.265600000000,0.213200000000,0.215200000000,0.184700000000,0.180200000000,0.216700000000,0.206300000000,0.193400000000,0.189900000000,0.130200000000,0.134800000000,0.253000000000,0.265500000000,0.213200000000,0.215200000000,0.184700000000,0.180200000000,0.141300000000,0.206400000000,0.193600000000,0.190000000000,0.130100000000,0.134700000000,0.253100000000,0.265700000000,0.213100000000,0.215100000000,0.184700000000,0.180200000000,0.141400000000,0.144200000000,0.193800000000,0.190200000000,0.130100000000,0.134700000000,0.253200000000,0.265700000000,0.213300000000,0.215200000000,0.184700000000,0.180200000000,0.141200000000,0.144100000000,0.138800000000,0.190500000000,0.130100000000,0.134800000000,0.253200000000,0.265700000000,0.213200000000,0.215100000000,0.184600000000,0.180200000000,0.141400000000,0.144300000000,0.138900000000,0.138000000000,0.130200000000,0.134700000000,0.253100000000,0.265700000000,0.213200000000,0.215200000000,0.184600000000,0.180100000000,0.141300000000,0.144300000000,0.138700000000,0.137900000000,0.216700000000,0.134800000000,0.253200000000,0.265600000000,0.213300000000,0.215200000000,0.184700000000,0.180100000000,0.141200000000,0.144300000000,0.138700000000,0.138000000000,0.216800000000,0.206500000000,0.253100000000,0.265700000000,0.213200000000,0.215200000000,0.184800000000,0.180200000000,0.141200000000,0.144200000000,0.138700000000,0.137800000000,0.216600000000,0.206400000000,0.195900000000,0.265600000000,0.213300000000,0.215200000000,0.184700000000,0.180200000000,0.141300000000,0.144100000000,0.138600000000,0.137800000000,0.216600000000,0.206400000000,0.196200000000,0.192600000000,0.213100000000,0.215100000000,0.184700000000,0.180100000000,0.141200000000,0.144100000000,0.138800000000,0.137800000000,0.216700000000,0.206400000000,0.196400000000,0.192800000000,0.130100000000,0.215100000000,0.184700000000,0.180200000000,0.141300000000,0.144300000000,0.138700000000,0.137900000000,0.216500000000,0.206400000000,0.196500000000,0.192900000000,0.130100000000,0.134800000000,0.184800000000,0.180200000000,0.141200000000,0.144200000000,0.138700000000,0.137800000000,0.216600000000,0.206400000000,0.196800000000,0.193400000000,0.130100000000,0.134800000000,0.253300000000,0.180200000000,0.141100000000,0.144100000000,0.138800000000,0.137800000000,0.216700000000,0.206500000000,0.197000000000,0.193300000000,0.130100000000,0.134600000000,0.253200000000,0.265800000000,0.141400000000,0.144300000000,0.138800000000,0.138000000000,0.216700000000,0.206400000000,0.197300000000,0.193600000000,0.130100000000,0.134800000000,0.253300000000,0.265800000000,0.213100000000,0.144400000000,0.138900000000,0.137900000000,0.216700000000,0.206400000000,0.197600000000,0.193900000000,0.130300000000,0.134700000000,0.253200000000,0.265800000000,0.213100000000,0.215000000000,591.3935785739995
baseline,41,76.538462,30.076923,2.0,76.54,30.08,593.2559013219998,0,,0.138200000000,0.138100000000,0.214300000000,0.204100000000,0.326600000000,0.323100000000,0.131100000000,0.136900000000,0.255100000000,0.265800000000,0.210600000000,0.212500000000,0.184900000000,0.138000000000,0.214400000000,0.203800000000,0.326500000000,0.322600000000,0.131200000000,0.137000000000,0.254900000000,0.265700000000,0.210600000000,0.212300000000,0.184900000000,0.179600000000,0.214200000000,0.203700000000,0.326300000000,0.321800000000,0.131000000000,0.136900000000,0.254900000000,0.265600000000,0.210500000000,0.212400000000,0.184800000000,0.179500000000,0.140700000000,0.203800000000,0.325600000000,0.322000000000,0.131200000000,0.136900000000,0.255100000000,0.265600000000,0.210500000000,0.212200000000,0.184900000000,0.179500000000,0.140700000000,0.143500000000,0.325500000000,0.322000000000,0.131100000000,0.136900000000,0.254900000000,0.265500000000,0.210400000000,0.212200000000,0.184800000000,0.179500000000,0.140700000000,0.143400000000,0.137700000000,0.321600000000,0.131000000000,0.137100000000,0.255100000000,0.265600000000,0.210300000000,0.212200000000,0.184800000000,0.179600000000,0.140700000000,0.143400000000,0.137800000000,0.137800000000,0.130900000000,0.137000000000,0.255100000000,0.265500000000,0.210400000000,0.212200000000,0.184700000000,0.179500000000,0.140700000000,0.143700000000,0.137900000000,0.138000000000,0.214300000000,0.137100000000,0.255100000000,0.265600000000,0.210400000000,0.212300000000,0.184900000000,0.179600000000,0.140700000000,0.143700000000,0.137900000000,0.137800000000,0.214200000000,0.203700000000,0.255000000000,0.265500000000,0.210300000000,0.212200000000,0.184900000000,0.179600000000,0.140700000000,0.143500000000,0.137900000000,0.137800000000,0.214200000000,0.203800000000,0.325800000000,0.266100000000,0.210600000000,0.212400000000,0.185400000000,0.179600000000,0.140700000000,0.143500000000,0.137700000000,0.138200000000,0.214400000000,0.204100000000,0.325500000000,0.323000000000,0.210600000000,0.212500000000,0.185300000000,0.179500000000,0.140800000000,0.143600000000,0.137800000000,0.138200000000,0.214600000000,0.204400000000,0.325900000000,0.323300000000,0.132500000000,0.212600000000,0.185300000000,0.179500000000,0.140600000000,0.143500000000,0.137800000000,0.138200000000,0.214600000000,0.204200000000,0.325800000000,0.322900000000,0.132400000000,0.141000000000,0.185300000000,0.179500000000,0.140800000000,0.143500000000,0.137700000000,0.138000000000,0.214300000000,0.204100000000,0.325300000000,0.322600000000,0.132400000000,0.141100000000,0.258800000000,0.179500000000,0.140700000000,0.143400000000,0.137800000000,0.138000000000,0.214400000000,0.204200000000,0.325300000000,0.322600000000,0.132400000000,0.141000000000,0.258800000000,0.266100000000,0.140700000000,0.143500000000,0.137700000000,0.138000000000,0.214300000000,0.204000000000,0.325600000000,0.322700000000,0.132200000000,0.141000000000,0.258700000000,0.266100000000,0.210700000000,0.143300000000,0.137600000000,0.138000000000,0.214200000000,0.203800000000,0.325600000000,0.322800000000,0.132200000000,0.140900000000,0.258700000000,0.266000000000,0.210800000000,0.212500000000,593.3405596339999
contact,41,76.538462,30.076923,2.0,76.54,30.08,593.2559013219998,2.5117,603.2280480119998,0.135900000000,0.136700000000,0.221700000000,0.211700000000,0.300500000000,0.298600000000,0.124000000000,0.131900000000,0.255300000000,0.264400000000,0.191700000000,0.193400000000,0.182100000000,0.136600000000,0.221700000000,0.211600000000,0.300600000000,0.298700000000,0.123900000000,0.131900000000,0.255200000000,0.264400000000,0.191600000000,0.193500000000,0.182200000000,0.175600000000,0.221600000000,0.211700000000,0.300700000000,0.298700000000,0.124000000000,0.131900000000,0.255200000000,0.264400000000,0.191600000000,0.193400000000,0.182200000000,0.175600000000,0.139600000000,0.211700000000,0.300600000000,0.298800000000,0.124000000000,0.132000000000,0.255200000000,0.264400000000,0.191700000000,0.193500000000,0.182200000000,0.175500000000,0.139500000000,0.142300000000,0.300700000000,0.298800000000,0.124000000000,0.131900000000,0.255200000000,0.264300000000,0.191600000000,0.193400000000,0.182100000000,0.175500000000,0.139600000000,0.142300000000,0.135900000000,0.298700000000,0.124000000000,0.131900000000,0.255200000000,0.264500000000,0.191500000000,0.193500000000,0.182100000000,0.175500000000,0.139600000000,0.142300000000,0.136000000000,0.136600000000,0.124000000000,0.131900000000,0.255300000000,0.264400000000,0.191600000000,0.193400000000,0.182200000000,0.175500000000,0.139600000000,0.142400000000,0.135900000000,0.136700000000,0.221600000000,0.132000000000,0.255300000000,0.264500000000,0.191600000000,0.193400000000,0.182300000000,0.175500000000,0.139600000000,0.142400000000,0.135900000000,0.136700000000,0.221500000000,0.211600000000,0.255300000000,0.264400000000,0.191500000000,0.193300000000,0.182200000000,0.175500000000,0.139500000000,0.142300000000,0.136000000000,0.136600000000,0.221800000000,0.211600000000,0.300800000000,0.264400000000,0.191500000000,0.193300000000,0.182200000000,0.175600000000,0.139700000000,0.142300000000,0.135900000000,0.136600000000,0.221700000000,0.211500000000,0.300800000000,0.299000000000,0.191500000000,0.193400000000,0.182200000000,0.175600000000,0.139600000000,0.142300000000,0.136000000000,0.136600000000,0.221600000000,0.211500000000,0.300800000000,0.299100000000,0.124100000000,0.193400000000,0.182200000000,0.175400000000,0.139600000000,0.142300000000,0.136000000000,0.136600000000,0.221700000000,0.211500000000,0.300900000000,0.299000000000,0.124200000000,0.132100000000,0.182300000000,0.175500000000,0.139700000000,0.142400000000,0.135900000000,0.136600000000,0.221700000000,0.211600000000,0.301100000000,0.299100000000,0.124200000000,0.132200000000,0.255300000000,0.175500000000,0.139800000000,0.142400000000,0.135900000000,0.136600000000,0.221700000000,0.211600000000,0.300300000000,0.298600000000,0.124200000000,0.132200000000,0.255400000000,0.264500000000,0.139600000000,0.142400000000,0.135900000000,0.136700000000,0.221700000000,0.211700000000,0.300400000000,0.298800000000,0.124200000000,0.132200000000,0.255400000000,0.264500000000,0.191600000000,0.142500000000,0.135900000000,0.136700000000,0.221900000000,0.211800000000,0.300300000000,0.298400000000,0.124200000000,0.132300000000,0.255400000000,0.264500000000,0.191500000000,0.193400000000,604.3767031810003
baseline,42,81.461538,26.401709,4.0,81.46,26.4,606.3733452349998,0,,0.137000000000,0.137800000000,0.217600000000,0.206900000000,0.314000000000,0.310500000000,0.135400000000,0.144600000000,0.257300000000,0.263700000000,0.204900000000,0.207000000000,0.182300000000,0.137600000000,0.217400000000,0.207100000000,0.313500000000,0.309700000000,0.134200000000,0.141700000000,0.254700000000,0.263200000000,0.204600000000,0.206900000000,0.182300000000,0.177500000000,0.217600000000,0.206700000000,0.313100000000,0.309000000000,0.134300000000,0.141600000000,0.254700000000,0.263200000000,0.204700000000,0.206900000000,0.182400000000,0.177600000000,0.140700000000,0.206700000000,0.312100000000,0.308000000000,0.134100000000,0.141700000000,0.254600000000,0.263100000000,0.204400000000,0.206800000000,0.182100000000,0.177500000000,0.140600000000,0.143600000000,0.310900000000,0.306600000000,0.133100000000,0.138900000000,0.251900000000,0.262900000000,0.204300000000,0.206600000000,0.182300000000,0.177500000000,0.140600000000,0.143500000000,0.137000000000,0.306100000000,0.132900000000,0.141500000000,0.257200000000,0.263600000000,0.204800000000,0.207000000000,0.182600000000,0.177500000000,0.140500000000,0.143400000000,0.137100000000,0.137300000000,0.135000000000,0.144200000000,0.257200000000,0.263600000000,0.204800000000,0.207000000000,0.182600000000,0.177500000000,0.140400000000,0.143500000000,0.137000000000,0.137300000000,0.217500000000,0.144000000000,0.257200000000,0.263500000000,0.204700000000,0.206900000000,0.182500000000,0.177500000000,0.140400000000,0.143400000000,0.137000000000,0.137200000000,0.217200000000,0.206700000000,0.257200000000,0.263600000000,0.204700000000,0.206900000000,0.182600000000,0.177500000000,0.140300000000,0.143300000000,0.136900000000,0.137100000000,0.217000000000,0.206700000000,0.310900000000,0.263600000000,0.204600000000,0.206900000000,0.182400000000,0.177400000000,0.140400000000,0.143500000000,0.136700000000,0.137000000000,0.216900000000,0.206600000000,0.310500000000,0.307500000000,0.204600000000,0.206800000000,0.182500000000,0.177500000000,0.140600000000,0.143400000000,0.136600000000,0.137100000000,0.216900000000,0.206700000000,0.311000000000,0.307700000000,0.134700000000,0.206900000000,0.182500000000,0.177400000000,0.140500000000,0.143300000000,0.136700000000,0.136800000000,0.216800000000,0.206300000000,0.310500000000,0.307100000000,0.134600000000,0.143600000000,0.182600000000,0.177500000000,0.140400000000,0.143200000000,0.136600000000,0.136800000000,0.216700000000,0.206200000000,0.310300000000,0.306900000000,0.134500000000,0.143600000000,0.256700000000,0.177400000000,0.140500000000,0.143300000000,0.136700000000,0.136700000000,0.216700000000,0.206200000000,0.309800000000,0.306800000000,0.134600000000,0.143600000000,0.256700000000,0.263400000000,0.140400000000,0.143400000000,0.136500000000,0.136700000000,0.216600000000,0.206200000000,0.309800000000,0.306600000000,0.134600000000,0.143600000000,0.256700000000,0.263300000000,0.204600000000,0.143200000000,0.136500000000,0.136700000000,0.216700000000,0.206200000000,0.309800000000,0.306300000000,0.134600000000,0.143400000000,0.256500000000,0.263300000000,0.204600000000,0.206800000000,606.539684032
contact,42,81.461538,26.401709,4.0,81.46,26.4,606.3733452349998,4.3729,617.3262380859996,0.134300000000,0.133000000000,0.212900000000,0.202600000000,0.302100000000,0.298200000000,0.130300000000,0.135500000000,0.252100000000,0.263100000000,0.202400000000,0.204600000000,0.181600000000,0.133100000000,0.212900000000,0.202600000000,0.302200000000,0.298100000000,0.130200000000,0.135600000000,0.252000000000,0.263300000000,0.202400000000,0.204600000000,0.181500000000,0.176900000000,0.212900000000,0.202600000000,0.302100000000,0.298200000000,0.130300000000,0.135600000000,0.251900000000,0.263200000000,0.202200000000,0.204500000000,0.181500000000,0.176700000000,0.138600000000,0.202500000000,0.302300000000,0.298100000000,0.130300000000,0.135600000000,0.252000000000,0.263300000000,0.202200000000,0.204500000000,0.181500000000,0.176800000000,0.138600000000,0.141400000000,0.302300000000,0.298100000000,0.130300000000,0.135700000000,0.252100000000,0.263300000000,0.202400000000,0.204600000000,0.181400000000,0.176800000000,0.138600000000,0.141500000000,0.134200000000,0.298000000000,0.130200000000,0.135600000000,0.251900000000,0.263100000000,0.202200000000,0.204500000000,0.181400000000,0.176800000000,0.138600000000,0.141400000000,0.134200000000,0.133100000000,0.130200000000,0.135600000000,0.252000000000,0.263100000000,0.202200000000,0.204500000000,0.181300000000,0.176600000000,0.138600000000,0.141400000000,0.134300000000,0.133100000000,0.212900000000,0.135600000000,0.252000000000,0.263200000000,0.202300000000,0.204500000000,0.181400000000,0.176700000000,0.138600000000,0.141300000000,0.134200000000,0.132900000000,0.213000000000,0.202600000000,0.252000000000,0.263300000000,0.202400000000,0.204500000000,0.181300000000,0.176800000000,0.138700000000,0.141400000000,0.134300000000,0.133100000000,0.213000000000,0.202600000000,0.302300000000,0.263300000000,0.202300000000,0.204600000000,0.181400000000,0.176600000000,0.138600000000,0.141400000000,0.134400000000,0.133000000000,0.212800000000,0.202600000000,0.302200000000,0.298300000000,0.202300000000,0.204700000000,0.181300000000,0.176800000000,0.138500000000,0.141300000000,0.134200000000,0.133000000000,0.213000000000,0.202700000000,0.302300000000,0.298300000000,0.130300000000,0.204500000000,0.181300000000,0.176700000000,0.138600000000,0.141300000000,0.134200000000,0.132900000000,0.212800000000,0.202600000000,0.302100000000,0.298000000000,0.130300000000,0.135700000000,0.181400000000,0.176800000000,0.138600000000,0.141400000000,0.134300000000,0.133100000000,0.212900000000,0.202500000000,0.302000000000,0.298300000000,0.130300000000,0.135500000000,0.251800000000,0.176700000000,0.138500000000,0.141300000000,0.134300000000,0.132900000000,0.212800000000,0.202600000000,0.302000000000,0.298200000000,0.130300000000,0.135500000000,0.251900000000,0.263000000000,0.138600000000,0.141400000000,0.134200000000,0.132900000000,0.212800000000,0.202500000000,0.302000000000,0.298200000000,0.130300000000,0.135600000000,0.251800000000,0.263000000000,0.202300000000,0.141400000000,0.134300000000,0.133000000000,0.212900000000,0.202700000000,0.302300000000,0.298300000000,0.130300000000,0.135700000000,0.252000000000,0.263100000000,0.202300000000,0.204600000000,618.4397007589996
baseline,43,73.25641,19.273504,4.0,73.26,19.27,620.8043590770003,0,,0.136300000000,0.136400000000,0.214400000000,0.204500000000,0.303100000000,0.298800000000,0.132800000000,0.139200000000,0.253200000000,0.262400000000,0.203000000000,0.204900000000,0.181400000000,0.136200000000,0.214400000000,0.204800000000,0.303600000000,0.299800000000,0.134100000000,0.142100000000,0.256000000000,0.262600000000,0.203300000000,0.205800000000,0.181700000000,0.176500000000,0.214100000000,0.203800000000,0.302900000000,0.298800000000,0.132700000000,0.139500000000,0.253400000000,0.262100000000,0.203100000000,0.205200000000,0.181600000000,0.176500000000,0.139300000000,0.204400000000,0.302800000000,0.297900000000,0.132900000000,0.139500000000,0.253500000000,0.262000000000,0.201300000000,0.203900000000,0.181300000000,0.176500000000,0.139300000000,0.142100000000,0.301900000000,0.297000000000,0.131400000000,0.136500000000,0.250500000000,0.261700000000,0.200900000000,0.203100000000,0.181100000000,0.176300000000,0.139200000000,0.142100000000,0.136200000000,0.297200000000,0.131600000000,0.136300000000,0.250300000000,0.261600000000,0.200200000000,0.202600000000,0.181000000000,0.176300000000,0.139300000000,0.142200000000,0.136200000000,0.135400000000,0.131500000000,0.136300000000,0.250400000000,0.261600000000,0.200400000000,0.203000000000,0.181200000000,0.176200000000,0.139300000000,0.142200000000,0.136300000000,0.135700000000,0.213600000000,0.137400000000,0.251500000000,0.261900000000,0.199600000000,0.202600000000,0.181500000000,0.176300000000,0.139300000000,0.142300000000,0.136400000000,0.135900000000,0.213800000000,0.203300000000,0.252800000000,0.261900000000,0.200000000000,0.202600000000,0.181500000000,0.176200000000,0.139300000000,0.142000000000,0.136000000000,0.135900000000,0.213600000000,0.203300000000,0.301800000000,0.262000000000,0.199600000000,0.202200000000,0.181400000000,0.176200000000,0.139300000000,0.142100000000,0.136100000000,0.135700000000,0.213600000000,0.203100000000,0.301600000000,0.297600000000,0.198900000000,0.201400000000,0.181500000000,0.176200000000,0.139300000000,0.142100000000,0.136100000000,0.135800000000,0.213600000000,0.203200000000,0.301500000000,0.297800000000,0.132200000000,0.201000000000,0.181400000000,0.176100000000,0.139400000000,0.142100000000,0.136200000000,0.136100000000,0.213600000000,0.203200000000,0.301300000000,0.297500000000,0.132200000000,0.139200000000,0.181400000000,0.176200000000,0.139500000000,0.142100000000,0.136400000000,0.136000000000,0.213500000000,0.203200000000,0.301200000000,0.297400000000,0.132300000000,0.139200000000,0.253200000000,0.176200000000,0.139500000000,0.142200000000,0.136500000000,0.136000000000,0.213600000000,0.203200000000,0.301100000000,0.297300000000,0.132300000000,0.139200000000,0.253200000000,0.262000000000,0.139500000000,0.142300000000,0.136500000000,0.136000000000,0.213500000000,0.203400000000,0.301700000000,0.298000000000,0.132200000000,0.139000000000,0.253200000000,0.261900000000,0.199200000000,0.142100000000,0.136300000000,0.135800000000,0.213500000000,0.203300000000,0.302200000000,0.298200000000,0.132200000000,0.139200000000,0.253100000000,0.261900000000,0.199200000000,0.202300000000,620.8211647689996
contact,43,73.25641,19.273504,4.0,73.26,19.27,620.8043590770003,4.406,631.3640476,0.133400000000,0.131800000000,0.219300000000,0.209500000000,0.359300000000,0.354900000000,0.128300000000,0.133400000000,0.248000000000,0.258600000000,0.195900000000,0.198100000000,0.179800000000,0.131900000000,0.219300000000,0.209600000000,0.359500000000,0.354900000000,0.128300000000,0.133500000000,0.247900000000,0.258600000000,0.195900000000,0.198100000000,0.179800000000,0.175100000000,0.219200000000,0.209500000000,0.358800000000,0.354300000000,0.128200000000,0.133300000000,0.247900000000,0.258500000000,0.195900000000,0.198100000000,0.179800000000,0.175100000000,0.137500000000,0.209400000000,0.358500000000,0.354200000000,0.128300000000,0.133200000000,0.247900000000,0.258500000000,0.195900000000,0.198200000000,0.179700000000,0.175000000000,0.137500000000,0.140600000000,0.358300000000,0.354500000000,0.128200000000,0.133200000000,0.247900000000,0.258500000000,0.196000000000,0.198200000000,0.179900000000,0.175000000000,0.137700000000,0.140600000000,0.133400000000,0.354900000000,0.128300000000,0.133300000000,0.248000000000,0.258600000000,0.195900000000,0.198200000000,0.179900000000,0.175100000000,0.137600000000,0.140700000000,0.133200000000,0.131700000000,0.128200000000,0.133300000000,0.247900000000,0.258600000000,0.195900000000,0.198100000000,0.179900000000,0.175000000000,0.137600000000,0.140600000000,0.133300000000,0.131900000000,0.219300000000,0.133200000000,0.247900000000,0.258600000000,0.195900000000,0.198100000000,0.179800000000,0.175100000000,0.137600000000,0.140600000000,0.133300000000,0.131900000000,0.219200000000,0.209500000000,0.247900000000,0.258600000000,0.195800000000,0.198200000000,0.179800000000,0.175100000000,0.137500000000,0.140600000000,0.133300000000,0.131800000000,0.219200000000,0.209300000000,0.358900000000,0.258600000000,0.196000000000,0.198100000000,0.179800000000,0.175000000000,0.137500000000,0.140600000000,0.133300000000,0.131800000000,0.219100000000,0.209500000000,0.358300000000,0.353800000000,0.195900000000,0.198200000000,0.179900000000,0.175100000000,0.137700000000,0.140400000000,0.133300000000,0.131900000000,0.219000000000,0.209300000000,0.358200000000,0.353800000000,0.128200000000,0.198200000000,0.179900000000,0.175100000000,0.137600000000,0.140500000000,0.133300000000,0.131700000000,0.219200000000,0.209500000000,0.357800000000,0.353600000000,0.128200000000,0.133200000000,0.179900000000,0.175000000000,0.137500000000,0.140500000000,0.133300000000,0.131700000000,0.219300000000,0.209500000000,0.357800000000,0.353700000000,0.128200000000,0.133100000000,0.247800000000,0.175100000000,0.137500000000,0.140600000000,0.133300000000,0.131600000000,0.219100000000,0.209500000000,0.358000000000,0.353800000000,0.128200000000,0.133300000000,0.247800000000,0.258600000000,0.137500000000,0.140700000000,0.133200000000,0.131700000000,0.219200000000,0.209400000000,0.357900000000,0.353100000000,0.128200000000,0.133300000000,0.247900000000,0.258600000000,0.196000000000,0.140700000000,0.133200000000,0.131800000000,0.219200000000,0.209400000000,0.357300000000,0.352800000000,0.128200000000,0.133100000000,0.247900000000,0.258500000000,0.196100000000,0.198200000000,632.5042230029994
baseline,44,73.25641,26.54416,3.0,73.26,26.54,634.5852033889996,0,,0.134100000000,0.133900000000,0.216000000000,0.206600000000,0.357200000000,0.354200000000,0.134800000000,0.141400000000,0.250100000000,0.259500000000,0.195000000000,0.197000000000,0.180200000000,0.134500000000,0.216300000000,0.207000000000,0.358300000000,0.354900000000,0.135200000000,0.141200000000,0.249700000000,0.259300000000,0.191600000000,0.193800000000,0.180100000000,0.174900000000,0.216200000000,0.206600000000,0.358400000000,0.354300000000,0.135400000000,0.141400000000,0.249700000000,0.259500000000,0.192100000000,0.194200000000,0.180100000000,0.174900000000,0.137300000000,0.206500000000,0.357500000000,0.354300000000,0.135100000000,0.141100000000,0.249700000000,0.259400000000,0.193400000000,0.195400000000,0.180200000000,0.175100000000,0.137800000000,0.140700000000,0.357600000000,0.354100000000,0.135200000000,0.140900000000,0.249700000000,0.259300000000,0.193200000000,0.195400000000,0.180100000000,0.175000000000,0.137700000000,0.140800000000,0.135400000000,0.354600000000,0.135300000000,0.140600000000,0.249300000000,0.259300000000,0.194300000000,0.196400000000,0.180100000000,0.175000000000,0.137700000000,0.140600000000,0.135100000000,0.135200000000,0.135100000000,0.141100000000,0.249400000000,0.259300000000,0.197200000000,0.200100000000,0.180200000000,0.175000000000,0.137800000000,0.140500000000,0.135200000000,0.135200000000,0.215900000000,0.141100000000,0.249700000000,0.259500000000,0.205200000000,0.208100000000,0.180400000000,0.175100000000,0.137900000000,0.140700000000,0.135200000000,0.135400000000,0.215900000000,0.206200000000,0.249000000000,0.259200000000,0.203300000000,0.205500000000,0.180200000000,0.175100000000,0.137900000000,0.140800000000,0.135300000000,0.135300000000,0.215600000000,0.205800000000,0.357400000000,0.259300000000,0.201900000000,0.204200000000,0.180100000000,0.175100000000,0.138100000000,0.140900000000,0.135500000000,0.135400000000,0.215500000000,0.205600000000,0.356800000000,0.353500000000,0.201400000000,0.203800000000,0.180200000000,0.175200000000,0.138100000000,0.140900000000,0.135600000000,0.135600000000,0.215400000000,0.205600000000,0.357200000000,0.353700000000,0.134100000000,0.203700000000,0.180100000000,0.175000000000,0.138000000000,0.140900000000,0.135800000000,0.135400000000,0.215300000000,0.205400000000,0.357300000000,0.353500000000,0.134000000000,0.139700000000,0.180100000000,0.175000000000,0.138000000000,0.140800000000,0.135700000000,0.135400000000,0.215300000000,0.205400000000,0.356900000000,0.353200000000,0.133900000000,0.139500000000,0.248100000000,0.174900000000,0.137900000000,0.140900000000,0.135700000000,0.135300000000,0.215200000000,0.205200000000,0.356900000000,0.353200000000,0.133900000000,0.139300000000,0.248200000000,0.259100000000,0.137900000000,0.140700000000,0.135500000000,0.135200000000,0.215100000000,0.205000000000,0.356500000000,0.352900000000,0.133800000000,0.139500000000,0.248400000000,0.259200000000,0.201100000000,0.140600000000,0.135400000000,0.135100000000,0.215100000000,0.205200000000,0.356800000000,0.353500000000,0.134100000000,0.140200000000,0.248700000000,0.259000000000,0.201100000000,0.203500000000,634.6692644980003
contact,44,73.25641,26.54416,3.0,73.26,26.54,634.5852033889996,3.0974,644.4039772380002,0.133600000000,0.133100000000,0.217000000000,0.206800000000,0.343300000000,0.340300000000,0.128400000000,0.134600000000,0.247600000000,0.258100000000,0.200200000000,0.202600000000,0.179900000000,0.133100000000,0.216900000000,0.206700000000,0.343200000000,0.340300000000,0.128500000000,0.134600000000,0.247600000000,0.258100000000,0.200200000000,0.202500000000,0.180000000000,0.174900000000,0.217200000000,0.206900000000,0.343300000000,0.340200000000,0.128600000000,0.134500000000,0.247700000000,0.258200000000,0.200300000000,0.202600000000,0.180000000000,0.174800000000,0.137900000000,0.206900000000,0.343500000000,0.340400000000,0.128600000000,0.134600000000,0.247600000000,0.258200000000,0.200300000000,0.202600000000,0.179900000000,0.174800000000,0.138000000000,0.141000000000,0.343300000000,0.340000000000,0.128600000000,0.134600000000,0.247700000000,0.258200000000,0.200300000000,0.202700000000,0.180000000000,0.174900000000,0.137900000000,0.141000000000,0.133600000000,0.340000000000,0.128500000000,0.134600000000,0.247700000000,0.258100000000,0.200200000000,0.202500000000,0.179900000000,0.174800000000,0.137900000000,0.141000000000,0.133600000000,0.133100000000,0.128500000000,0.134500000000,0.247600000000,0.258200000000,0.200200000000,0.202600000000,0.179900000000,0.174800000000,0.138100000000,0.141000000000,0.133500000000,0.133200000000,0.217000000000,0.134500000000,0.247600000000,0.258200000000,0.200300000000,0.202500000000,0.180000000000,0.174800000000,0.137900000000,0.141000000000,0.133500000000,0.133200000000,0.217000000000,0.206800000000,0.247700000000,0.258300000000,0.200200000000,0.202600000000,0.180000000000,0.174800000000,0.138000000000,0.141000000000,0.133600000000,0.133200000000,0.217100000000,0.207000000000,0.343600000000,0.258300000000,0.200200000000,0.202500000000,0.180000000000,0.174800000000,0.138100000000,0.141000000000,0.133600000000,0.133100000000,0.217300000000,0.207100000000,0.343600000000,0.340300000000,0.200300000000,0.202600000000,0.180100000000,0.174900000000,0.137900000000,0.141000000000,0.133600000000,0.133200000000,0.217200000000,0.207100000000,0.343600000000,0.340500000000,0.128600000000,0.202600000000,0.180000000000,0.174800000000,0.138000000000,0.140900000000,0.133600000000,0.133100000000,0.217400000000,0.207100000000,0.343600000000,0.340300000000,0.128500000000,0.134600000000,0.180000000000,0.174800000000,0.137800000000,0.140900000000,0.133500000000,0.133200000000,0.217500000000,0.207200000000,0.343800000000,0.340700000000,0.128500000000,0.134400000000,0.247700000000,0.174800000000,0.138000000000,0.140900000000,0.133700000000,0.133100000000,0.217200000000,0.206800000000,0.343700000000,0.341100000000,0.128400000000,0.134600000000,0.247700000000,0.258200000000,0.138000000000,0.141000000000,0.133500000000,0.133200000000,0.217300000000,0.207000000000,0.343800000000,0.340400000000,0.128500000000,0.134400000000,0.247700000000,0.258200000000,0.200300000000,0.141000000000,0.133600000000,0.133200000000,0.217100000000,0.206900000000,0.343600000000,0.340600000000,0.128500000000,0.134500000000,0.247700000000,0.258200000000,0.200200000000,0.202600000000,645.4868949310003
baseline,45,83.102564,19.376068,3.0,83.1,19.38,647.9171182419996,0,,0.133100000000,0.133700000000,0.214300000000,0.204000000000,0.366200000000,0.361800000000,0.134000000000,0.139700000000,0.248600000000,0.258500000000,0.191600000000,0.193300000000,0.179900000000,0.133600000000,0.214300000000,0.203600000000,0.366400000000,0.361600000000,0.133800000000,0.139600000000,0.248600000000,0.258400000000,0.190200000000,0.192100000000,0.180000000000,0.174700000000,0.214000000000,0.203500000000,0.365600000000,0.361600000000,0.133900000000,0.139500000000,0.248200000000,0.258500000000,0.189300000000,0.191100000000,0.180100000000,0.174900000000,0.137900000000,0.203400000000,0.365300000000,0.361800000000,0.133900000000,0.139500000000,0.248400000000,0.258400000000,0.188000000000,0.190100000000,0.180000000000,0.175000000000,0.137900000000,0.140900000000,0.367400000000,0.362800000000,0.133800000000,0.139400000000,0.248200000000,0.258300000000,0.187100000000,0.189500000000,0.180100000000,0.175000000000,0.138000000000,0.141000000000,0.133900000000,0.362500000000,0.133800000000,0.139200000000,0.248000000000,0.258300000000,0.186900000000,0.189100000000,0.180000000000,0.174900000000,0.137900000000,0.140900000000,0.133900000000,0.133600000000,0.133700000000,0.139200000000,0.248100000000,0.258300000000,0.186800000000,0.188900000000,0.179900000000,0.174900000000,0.137800000000,0.140900000000,0.133700000000,0.133400000000,0.212900000000,0.138700000000,0.247500000000,0.258300000000,0.186300000000,0.188600000000,0.179800000000,0.174800000000,0.137800000000,0.140800000000,0.133800000000,0.133300000000,0.212900000000,0.202100000000,0.247400000000,0.258200000000,0.186300000000,0.188600000000,0.179900000000,0.174900000000,0.137900000000,0.140900000000,0.133600000000,0.133300000000,0.212800000000,0.201900000000,0.364800000000,0.258200000000,0.186200000000,0.188300000000,0.179900000000,0.174900000000,0.137900000000,0.140900000000,0.133700000000,0.133300000000,0.212700000000,0.202000000000,0.364300000000,0.360300000000,0.185700000000,0.188100000000,0.180000000000,0.174800000000,0.137900000000,0.140900000000,0.133800000000,0.133300000000,0.212800000000,0.201900000000,0.364600000000,0.360100000000,0.133200000000,0.188000000000,0.180000000000,0.174900000000,0.137800000000,0.140800000000,0.133700000000,0.133300000000,0.212800000000,0.202000000000,0.364300000000,0.360200000000,0.133300000000,0.138600000000,0.179800000000,0.174900000000,0.137700000000,0.140800000000,0.133600000000,0.133300000000,0.212600000000,0.201900000000,0.364500000000,0.360400000000,0.133400000000,0.138700000000,0.247700000000,0.174800000000,0.137700000000,0.140600000000,0.133700000000,0.133100000000,0.212800000000,0.202000000000,0.365200000000,0.360700000000,0.133400000000,0.138800000000,0.247600000000,0.258300000000,0.137800000000,0.140800000000,0.133600000000,0.133200000000,0.212800000000,0.202000000000,0.365700000000,0.361000000000,0.133400000000,0.138800000000,0.247800000000,0.258200000000,0.185300000000,0.140700000000,0.133600000000,0.133100000000,0.212700000000,0.201900000000,0.365200000000,0.360200000000,0.133500000000,0.138900000000,0.247900000000,0.258200000000,0.185300000000,0.187400000000,648.0854844189998
contact,45,83.102564,19.376068,3.0,83.1,19.38,647.9171182419996,3.1122,657.4666492839997,0.131300000000,0.131300000000,0.209500000000,0.198900000000,0.339100000000,0.334100000000,0.113600000000,0.115500000000,0.252100000000,0.262600000000,0.183100000000,0.185200000000,0.179800000000,0.131300000000,0.209400000000,0.198700000000,0.338900000000,0.333700000000,0.113700000000,0.115500000000,0.252100000000,0.262500000000,0.183200000000,0.185100000000,0.180000000000,0.175000000000,0.209600000000,0.198800000000,0.338900000000,0.333800000000,0.113700000000,0.115300000000,0.252000000000,0.262400000000,0.183100000000,0.185200000000,0.180000000000,0.175100000000,0.136000000000,0.198900000000,0.339200000000,0.334100000000,0.113600000000,0.115400000000,0.252000000000,0.262500000000,0.183200000000,0.185200000000,0.179900000000,0.175000000000,0.136000000000,0.138800000000,0.339400000000,0.334600000000,0.113700000000,0.115500000000,0.252000000000,0.262400000000,0.183200000000,0.185100000000,0.180000000000,0.175000000000,0.136100000000,0.138700000000,0.131400000000,0.334700000000,0.113700000000,0.115400000000,0.252000000000,0.262400000000,0.183300000000,0.185200000000,0.180000000000,0.175100000000,0.136000000000,0.138800000000,0.131400000000,0.131200000000,0.113700000000,0.115500000000,0.252000000000,0.262400000000,0.183200000000,0.185300000000,0.179900000000,0.175000000000,0.136100000000,0.138800000000,0.131400000000,0.131400000000,0.209600000000,0.115400000000,0.252100000000,0.262500000000,0.183200000000,0.185300000000,0.179900000000,0.175000000000,0.136100000000,0.138700000000,0.131300000000,0.131300000000,0.209500000000,0.198800000000,0.252100000000,0.262400000000,0.183100000000,0.185100000000,0.180000000000,0.175000000000,0.136000000000,0.138800000000,0.131400000000,0.131300000000,0.209500000000,0.198900000000,0.339700000000,0.262500000000,0.183200000000,0.185100000000,0.179900000000,0.175000000000,0.135900000000,0.138700000000,0.131300000000,0.131200000000,0.209700000000,0.198900000000,0.339800000000,0.334300000000,0.183200000000,0.185200000000,0.179800000000,0.174900000000,0.136000000000,0.138700000000,0.131200000000,0.131200000000,0.209600000000,0.199000000000,0.339500000000,0.334400000000,0.113700000000,0.185200000000,0.179800000000,0.175000000000,0.136200000000,0.138800000000,0.131300000000,0.131200000000,0.209600000000,0.199100000000,0.339400000000,0.334200000000,0.113600000000,0.115500000000,0.179800000000,0.175000000000,0.135900000000,0.138800000000,0.131400000000,0.131300000000,0.209700000000,0.199000000000,0.339600000000,0.334100000000,0.113600000000,0.115400000000,0.252000000000,0.174900000000,0.136000000000,0.138700000000,0.131400000000,0.131300000000,0.209700000000,0.199100000000,0.339400000000,0.334300000000,0.113500000000,0.115300000000,0.251900000000,0.262300000000,0.136000000000,0.138800000000,0.131300000000,0.131300000000,0.209600000000,0.199000000000,0.339800000000,0.334400000000,0.113700000000,0.115500000000,0.251800000000,0.262400000000,0.183100000000,0.138700000000,0.131300000000,0.131200000000,0.209700000000,0.199000000000,0.339800000000,0.334600000000,0.113700000000,0.115500000000,0.252000000000,0.262300000000,0.183100000000,0.185100000000,658.4694682829995
baseline,46,79.820513,19.34188,1.0,79.82,19.34,660.2218765580001,0,,0.131400000000,0.130900000000,0.210000000000,0.199700000000,0.327200000000,0.322600000000,0.133300000000,0.139200000000,0.254200000000,0.263600000000,0.183100000000,0.184900000000,0.179700000000,0.130800000000,0.210000000000,0.199800000000,0.325800000000,0.321400000000,0.133400000000,0.139300000000,0.254300000000,0.263600000000,0.183100000000,0.184900000000,0.179700000000,0.174400000000,0.210100000000,0.199800000000,0.325200000000,0.320800000000,0.133500000000,0.139300000000,0.254300000000,0.263600000000,0.183200000000,0.185000000000,0.179700000000,0.174400000000,0.136000000000,0.199800000000,0.324200000000,0.320400000000,0.133300000000,0.139200000000,0.254100000000,0.263400000000,0.183100000000,0.185000000000,0.179600000000,0.174300000000,0.136000000000,0.138800000000,0.324200000000,0.320300000000,0.133300000000,0.139300000000,0.254200000000,0.263500000000,0.183100000000,0.185000000000,0.179600000000,0.174300000000,0.136200000000,0.138700000000,0.131300000000,0.319900000000,0.133600000000,0.139400000000,0.254100000000,0.263400000000,0.183200000000,0.184900000000,0.179700000000,0.174400000000,0.136000000000,0.138700000000,0.131300000000,0.130800000000,0.133400000000,0.139300000000,0.254200000000,0.263400000000,0.183100000000,0.185000000000,0.179700000000,0.174300000000,0.136100000000,0.138700000000,0.131300000000,0.130800000000,0.210100000000,0.139300000000,0.254200000000,0.263500000000,0.183000000000,0.184900000000,0.179700000000,0.174300000000,0.136100000000,0.138900000000,0.131200000000,0.130800000000,0.210200000000,0.199700000000,0.254100000000,0.263400000000,0.183100000000,0.184900000000,0.179700000000,0.174400000000,0.136100000000,0.138700000000,0.131300000000,0.130800000000,0.209900000000,0.199700000000,0.323500000000,0.263500000000,0.183100000000,0.184800000000,0.179700000000,0.174400000000,0.136000000000,0.138900000000,0.131400000000,0.130900000000,0.210100000000,0.199700000000,0.323700000000,0.319700000000,0.183100000000,0.184900000000,0.179700000000,0.174400000000,0.136100000000,0.138700000000,0.131200000000,0.130900000000,0.210000000000,0.199700000000,0.323700000000,0.319500000000,0.133100000000,0.184900000000,0.179600000000,0.174500000000,0.136100000000,0.138800000000,0.131400000000,0.130900000000,0.210100000000,0.199800000000,0.323100000000,0.319400000000,0.133100000000,0.139000000000,0.179600000000,0.174400000000,0.136100000000,0.138700000000,0.131400000000,0.130900000000,0.210100000000,0.199900000000,0.323000000000,0.318800000000,0.133200000000,0.138900000000,0.254200000000,0.174400000000,0.136100000000,0.138800000000,0.131400000000,0.130800000000,0.210100000000,0.199800000000,0.322300000000,0.318600000000,0.133200000000,0.139000000000,0.254100000000,0.263500000000,0.136100000000,0.138800000000,0.131300000000,0.130900000000,0.210000000000,0.199700000000,0.322000000000,0.318400000000,0.133100000000,0.139000000000,0.254100000000,0.263500000000,0.183100000000,0.138800000000,0.131400000000,0.130800000000,0.210100000000,0.199700000000,0.322000000000,0.318800000000,0.132900000000,0.138900000000,0.254100000000,0.263400000000,0.183100000000,0.184900000000,660.417420068
contact,46,79.820513,19.34188,1.0,79.82,19.34,660.2218765580001,1.4428,668.4978121510003,0.131300000000,0.130400000000,0.208300000000,0.198100000000,0.414400000000,0.411100000000,0.129500000000,0.134800000000,0.250000000000,0.259600000000,0.182600000000,0.184300000000,0.178500000000,0.130400000000,0.208400000000,0.198100000000,0.414600000000,0.409900000000,0.129400000000,0.134800000000,0.249900000000,0.259600000000,0.182600000000,0.184300000000,0.178500000000,0.173600000000,0.208400000000,0.198000000000,0.414400000000,0.411200000000,0.129500000000,0.134800000000,0.250000000000,0.259600000000,0.182600000000,0.184300000000,0.178500000000,0.173700000000,0.135800000000,0.198100000000,0.415100000000,0.409900000000,0.129500000000,0.134600000000,0.250000000000,0.259700000000,0.182700000000,0.184300000000,0.178500000000,0.173500000000,0.135800000000,0.138700000000,0.415000000000,0.410400000000,0.129400000000,0.134700000000,0.250000000000,0.259600000000,0.182600000000,0.184400000000,0.178600000000,0.173700000000,0.135700000000,0.138700000000,0.131300000000,0.410500000000,0.129500000000,0.134800000000,0.249900000000,0.259600000000,0.182600000000,0.184300000000,0.178500000000,0.173600000000,0.135800000000,0.138700000000,0.131300000000,0.130400000000,0.129500000000,0.134700000000,0.250000000000,0.259500000000,0.182500000000,0.184300000000,0.178500000000,0.173600000000,0.135800000000,0.138700000000,0.131200000000,0.130300000000,0.208300000000,0.134700000000,0.249900000000,0.259500000000,0.182600000000,0.184200000000,0.178400000000,0.173600000000,0.135800000000,0.138600000000,0.131400000000,0.130200000000,0.208200000000,0.198000000000,0.249900000000,0.259500000000,0.182600000000,0.184300000000,0.178400000000,0.173600000000,0.135700000000,0.138600000000,0.131400000000,0.130300000000,0.208300000000,0.198000000000,0.413300000000,0.259500000000,0.182600000000,0.184300000000,0.178500000000,0.173500000000,0.135800000000,0.138600000000,0.131300000000,0.130300000000,0.208300000000,0.197900000000,0.415000000000,0.412200000000,0.182600000000,0.184400000000,0.178400000000,0.173500000000,0.135800000000,0.138600000000,0.131200000000,0.130400000000,0.208300000000,0.198100000000,0.416000000000,0.413400000000,0.129500000000,0.184300000000,0.178400000000,0.173600000000,0.135900000000,0.138600000000,0.131200000000,0.130400000000,0.208300000000,0.198000000000,0.415700000000,0.412800000000,0.129400000000,0.134600000000,0.178400000000,0.173600000000,0.135700000000,0.138700000000,0.131200000000,0.130400000000,0.208400000000,0.198100000000,0.416700000000,0.413600000000,0.129500000000,0.134700000000,0.250000000000,0.173600000000,0.135800000000,0.138600000000,0.131100000000,0.130300000000,0.208200000000,0.198000000000,0.418000000000,0.414400000000,0.129300000000,0.134600000000,0.250000000000,0.259600000000,0.135800000000,0.138600000000,0.131100000000,0.130400000000,0.208400000000,0.198000000000,0.418400000000,0.413600000000,0.129400000000,0.134600000000,0.249900000000,0.259600000000,0.182600000000,0.138700000000,0.131100000000,0.130300000000,0.208400000000,0.198000000000,0.417300000000,0.413900000000,0.129300000000,0.134500000000,0.250100000000,0.259600000000,0.182600000000,0.184200000000,669.5048125889998
baseline,47,99.512821,17.911681,4.0,99.51,17.91,672.457861244,0,,0.131700000000,0.131100000000,0.207000000000,0.196500000000,0.347300000000,0.347100000000,0.128200000000,0.133700000000,0.249100000000,0.259400000000,0.182500000000,0.184400000000,0.178300000000,0.131100000000,0.207100000000,0.196500000000,0.353600000000,0.353600000000,0.128700000000,0.134600000000,0.250000000000,0.259500000000,0.182600000000,0.184500000000,0.178500000000,0.173200000000,0.207100000000,0.196600000000,0.354700000000,0.353400000000,0.128700000000,0.134800000000,0.250000000000,0.259500000000,0.182500000000,0.184300000000,0.178500000000,0.173100000000,0.136200000000,0.196600000000,0.355600000000,0.354300000000,0.128700000000,0.134600000000,0.250000000000,0.259500000000,0.182500000000,0.184600000000,0.178400000000,0.173200000000,0.136200000000,0.138900000000,0.359100000000,0.358600000000,0.128700000000,0.134700000000,0.250100000000,0.259500000000,0.182500000000,0.184500000000,0.178500000000,0.173200000000,0.136100000000,0.138900000000,0.131800000000,0.361600000000,0.128600000000,0.134300000000,0.249400000000,0.259400000000,0.182600000000,0.184700000000,0.178600000000,0.173200000000,0.136000000000,0.138800000000,0.131800000000,0.131100000000,0.128600000000,0.134800000000,0.250100000000,0.259500000000,0.182600000000,0.184700000000,0.178600000000,0.173200000000,0.136200000000,0.138800000000,0.131700000000,0.130900000000,0.206900000000,0.133800000000,0.250000000000,0.259500000000,0.182600000000,0.184700000000,0.178600000000,0.173200000000,0.136200000000,0.138800000000,0.131700000000,0.131100000000,0.207100000000,0.196700000000,0.250000000000,0.259500000000,0.182500000000,0.184600000000,0.178600000000,0.173200000000,0.136000000000,0.138800000000,0.131800000000,0.131100000000,0.207000000000,0.196700000000,0.355900000000,0.259600000000,0.182600000000,0.184600000000,0.178600000000,0.173100000000,0.136100000000,0.138800000000,0.131700000000,0.131100000000,0.207100000000,0.196700000000,0.359200000000,0.357500000000,0.182600000000,0.184700000000,0.178600000000,0.173100000000,0.136100000000,0.138800000000,0.131700000000,0.131200000000,0.207100000000,0.196800000000,0.363700000000,0.361800000000,0.128600000000,0.184600000000,0.178600000000,0.173100000000,0.136100000000,0.138700000000,0.131700000000,0.131100000000,0.207100000000,0.196700000000,0.361300000000,0.363400000000,0.128600000000,0.134700000000,0.178600000000,0.173100000000,0.136100000000,0.138700000000,0.131800000000,0.131100000000,0.207100000000,0.196600000000,0.358000000000,0.359400000000,0.128500000000,0.134600000000,0.250200000000,0.173100000000,0.136100000000,0.138600000000,0.131700000000,0.131200000000,0.207000000000,0.196700000000,0.364400000000,0.359100000000,0.128400000000,0.134500000000,0.250200000000,0.259500000000,0.136200000000,0.138900000000,0.131700000000,0.131100000000,0.207100000000,0.196700000000,0.360700000000,0.362600000000,0.128500000000,0.134600000000,0.250000000000,0.259500000000,0.182500000000,0.138800000000,0.131700000000,0.131200000000,0.207100000000,0.196700000000,0.361400000000,0.371200000000,0.128500000000,0.134600000000,0.250200000000,0.259400000000,0.182600000000,0.184500000000,672.5342983559995
contact,47,99.512821,17.911681,4.0,99.51,17.91,672.457861244,4.4847,684.0751375949994,0.131500000000,0.130600000000,0.206000000000,0.195600000000,0.388400000000,0.384000000000,0.126600000000,0.132600000000,0.255000000000,0.264800000000,0.185400000000,0.187300000000,0.172700000000,0.130500000000,0.206100000000,0.195400000000,0.389300000000,0.386000000000,0.126600000000,0.132600000000,0.254800000000,0.264900000000,0.185200000000,0.187300000000,0.172600000000,0.170400000000,0.206200000000,0.195400000000,0.391100000000,0.385800000000,0.126600000000,0.132600000000,0.254900000000,0.265000000000,0.185200000000,0.187400000000,0.172600000000,0.170200000000,0.136200000000,0.195400000000,0.389400000000,0.386800000000,0.126500000000,0.132600000000,0.254900000000,0.265100000000,0.185300000000,0.187400000000,0.172600000000,0.170300000000,0.136100000000,0.138800000000,0.391500000000,0.386000000000,0.126600000000,0.132600000000,0.254900000000,0.265100000000,0.185200000000,0.187300000000,0.172800000000,0.170200000000,0.136200000000,0.138800000000,0.131500000000,0.385800000000,0.126500000000,0.132600000000,0.255000000000,0.265200000000,0.185200000000,0.187300000000,0.172800000000,0.170200000000,0.136200000000,0.138700000000,0.131600000000,0.130600000000,0.126400000000,0.132600000000,0.255100000000,0.265300000000,0.185200000000,0.187300000000,0.172800000000,0.170200000000,0.136200000000,0.138800000000,0.131500000000,0.130600000000,0.205900000000,0.132600000000,0.255100000000,0.265100000000,0.185300000000,0.187200000000,0.172800000000,0.170300000000,0.136100000000,0.138700000000,0.131600000000,0.130600000000,0.206000000000,0.195500000000,0.255100000000,0.265200000000,0.185200000000,0.187400000000,0.172600000000,0.170400000000,0.136100000000,0.138700000000,0.131400000000,0.130600000000,0.206100000000,0.195400000000,0.389600000000,0.265200000000,0.185200000000,0.187400000000,0.172600000000,0.170400000000,0.136100000000,0.138800000000,0.131400000000,0.130600000000,0.206100000000,0.195400000000,0.389400000000,0.385800000000,0.185100000000,0.187300000000,0.172800000000,0.170300000000,0.136200000000,0.138800000000,0.131400000000,0.130700000000,0.205900000000,0.195500000000,0.389700000000,0.386800000000,0.126700000000,0.187300000000,0.172700000000,0.170300000000,0.136100000000,0.138700000000,0.131500000000,0.130500000000,0.206100000000,0.195400000000,0.390600000000,0.386600000000,0.126600000000,0.132600000000,0.172600000000,0.170300000000,0.136100000000,0.138700000000,0.131400000000,0.130600000000,0.206000000000,0.195300000000,0.389100000000,0.386700000000,0.126500000000,0.132700000000,0.255200000000,0.170400000000,0.136200000000,0.138800000000,0.131400000000,0.130600000000,0.206000000000,0.195500000000,0.390200000000,0.387700000000,0.126600000000,0.132600000000,0.255400000000,0.265500000000,0.136000000000,0.138700000000,0.131500000000,0.130600000000,0.206100000000,0.195400000000,0.390300000000,0.386200000000,0.126600000000,0.132600000000,0.255400000000,0.265500000000,0.185200000000,0.138800000000,0.131500000000,0.130600000000,0.206000000000,0.195400000000,0.389700000000,0.385400000000,0.126600000000,0.132600000000,0.255500000000,0.265300000000,0.185200000000,0.187300000000,685.0835146899999
baseline,48,101.153846,21.188034,3.0,101.15,21.19,686.9175938520002,0,,0.131700000000,0.131400000000,0.206300000000,0.196300000000,0.355800000000,0.350000000000,0.128500000000,0.134900000000,0.256000000000,0.266400000000,0.185300000000,0.187400000000,0.184500000000,0.131100000000,0.206200000000,0.195800000000,0.355500000000,0.350500000000,0.128500000000,0.134800000000,0.256500000000,0.266500000000,0.185400000000,0.187400000000,0.184500000000,0.177200000000,0.206100000000,0.196000000000,0.355000000000,0.351300000000,0.128500000000,0.135000000000,0.256400000000,0.266300000000,0.185300000000,0.187500000000,0.184300000000,0.177100000000,0.135800000000,0.195900000000,0.355700000000,0.351800000000,0.128400000000,0.134900000000,0.256500000000,0.266300000000,0.185300000000,0.187500000000,0.184400000000,0.177100000000,0.136000000000,0.138700000000,0.356800000000,0.353700000000,0.128700000000,0.134500000000,0.255900000000,0.266600000000,0.185200000000,0.187300000000,0.184300000000,0.177000000000,0.135900000000,0.138700000000,0.131800000000,0.359200000000,0.128700000000,0.134600000000,0.257000000000,0.266800000000,0.185300000000,0.187400000000,0.184500000000,0.177100000000,0.135700000000,0.138600000000,0.131900000000,0.131600000000,0.129000000000,0.135400000000,0.257200000000,0.266800000000,0.185300000000,0.187500000000,0.184700000000,0.177200000000,0.135900000000,0.138800000000,0.132300000000,0.132000000000,0.206300000000,0.135100000000,0.257100000000,0.266800000000,0.185300000000,0.187600000000,0.184500000000,0.177000000000,0.135900000000,0.138600000000,0.132100000000,0.132000000000,0.206400000000,0.196300000000,0.257200000000,0.266700000000,0.185400000000,0.187600000000,0.184500000000,0.177000000000,0.135900000000,0.138600000000,0.131900000000,0.131400000000,0.206000000000,0.195600000000,0.354800000000,0.266500000000,0.185200000000,0.187400000000,0.184300000000,0.177000000000,0.135900000000,0.138600000000,0.131900000000,0.131300000000,0.205800000000,0.195500000000,0.354500000000,0.350900000000,0.185200000000,0.187400000000,0.184400000000,0.177100000000,0.135800000000,0.138400000000,0.131700000000,0.131100000000,0.205900000000,0.195400000000,0.354200000000,0.350500000000,0.127900000000,0.187300000000,0.184200000000,0.177000000000,0.135700000000,0.138400000000,0.131800000000,0.131200000000,0.206000000000,0.195600000000,0.358300000000,0.354600000000,0.128100000000,0.134600000000,0.184300000000,0.177000000000,0.135800000000,0.138400000000,0.131600000000,0.131100000000,0.205800000000,0.195400000000,0.357400000000,0.355300000000,0.128000000000,0.134500000000,0.256400000000,0.177100000000,0.135800000000,0.138500000000,0.131600000000,0.131100000000,0.205800000000,0.195500000000,0.358200000000,0.353800000000,0.128100000000,0.134500000000,0.256200000000,0.266300000000,0.135700000000,0.138200000000,0.131500000000,0.131000000000,0.206000000000,0.195500000000,0.358700000000,0.353800000000,0.128000000000,0.134400000000,0.256100000000,0.266200000000,0.185100000000,0.138300000000,0.131600000000,0.131000000000,0.205800000000,0.195400000000,0.358900000000,0.356200000000,0.128000000000,0.134400000000,0.256100000000,0.266300000000,0.185100000000,0.187400000000,687.031666029
contact,48,101.153846,21.188034,3.0,101.15,21.19,686.9175938520002,3.0254,696.6137801919995,0.130200000000,0.131000000000,0.206100000000,0.196700000000,0.380100000000,0.376600000000,0.131200000000,0.141800000000,0.260100000000,0.264800000000,0.188300000000,0.190200000000,0.163400000000,0.131000000000,0.206300000000,0.196600000000,0.381300000000,0.377000000000,0.131100000000,0.141800000000,0.260300000000,0.264800000000,0.188300000000,0.190200000000,0.163300000000,0.158700000000,0.206200000000,0.196600000000,0.380000000000,0.377600000000,0.131100000000,0.141800000000,0.260100000000,0.264800000000,0.188300000000,0.190200000000,0.163400000000,0.158700000000,0.134700000000,0.196800000000,0.380900000000,0.377100000000,0.131100000000,0.141800000000,0.260200000000,0.264900000000,0.188300000000,0.190100000000,0.163600000000,0.158600000000,0.134700000000,0.137400000000,0.382100000000,0.378300000000,0.131200000000,0.141800000000,0.260100000000,0.264800000000,0.188300000000,0.190100000000,0.163600000000,0.158800000000,0.134500000000,0.137300000000,0.130300000000,0.377900000000,0.131200000000,0.141800000000,0.260100000000,0.264700000000,0.188300000000,0.190100000000,0.163500000000,0.158900000000,0.134500000000,0.137300000000,0.130300000000,0.130900000000,0.131100000000,0.141800000000,0.260100000000,0.264800000000,0.188400000000,0.190100000000,0.163600000000,0.158800000000,0.134700000000,0.137400000000,0.130200000000,0.131000000000,0.206200000000,0.141800000000,0.260200000000,0.264700000000,0.188400000000,0.190200000000,0.163600000000,0.158800000000,0.134500000000,0.137400000000,0.130300000000,0.131000000000,0.206200000000,0.196700000000,0.260100000000,0.264800000000,0.188300000000,0.190200000000,0.163400000000,0.158600000000,0.134600000000,0.137400000000,0.130300000000,0.131000000000,0.206100000000,0.196600000000,0.380700000000,0.264800000000,0.188200000000,0.190200000000,0.163300000000,0.158700000000,0.134700000000,0.137400000000,0.130300000000,0.130900000000,0.206200000000,0.196700000000,0.379700000000,0.376000000000,0.188400000000,0.190200000000,0.163400000000,0.158700000000,0.134600000000,0.137400000000,0.130300000000,0.131000000000,0.206200000000,0.196600000000,0.379000000000,0.375600000000,0.131200000000,0.190100000000,0.163300000000,0.158600000000,0.134600000000,0.137300000000,0.130300000000,0.131000000000,0.206200000000,0.196600000000,0.380000000000,0.375900000000,0.131100000000,0.141700000000,0.163300000000,0.158600000000,0.134700000000,0.137400000000,0.130200000000,0.131000000000,0.206200000000,0.196500000000,0.380200000000,0.378300000000,0.131200000000,0.141800000000,0.260200000000,0.158800000000,0.134600000000,0.137500000000,0.130200000000,0.131000000000,0.206200000000,0.196500000000,0.381000000000,0.376000000000,0.131200000000,0.141800000000,0.260300000000,0.264800000000,0.134700000000,0.137400000000,0.130300000000,0.131000000000,0.206300000000,0.196700000000,0.382400000000,0.378200000000,0.131100000000,0.141700000000,0.260300000000,0.264800000000,0.188200000000,0.137400000000,0.130200000000,0.130900000000,0.206200000000,0.196600000000,0.382100000000,0.376500000000,0.131200000000,0.141800000000,0.260200000000,0.264800000000,0.188100000000,0.189900000000,697.6341050290002
baseline,49,96.230769,21.17094,4.0,96.23,21.17,699.5106512459997,0,,0.130400000000,0.129900000000,0.205300000000,0.195000000000,0.381600000000,0.377500000000,0.128400000000,0.134700000000,0.257200000000,0.266000000000,0.184900000000,0.186700000000,0.187700000000,0.130000000000,0.205100000000,0.195000000000,0.388600000000,0.384500000000,0.128500000000,0.134500000000,0.257100000000,0.266000000000,0.184800000000,0.186700000000,0.187800000000,0.181600000000,0.205200000000,0.195000000000,0.387600000000,0.383600000000,0.128400000000,0.134600000000,0.257100000000,0.265900000000,0.184700000000,0.186700000000,0.187800000000,0.181900000000,0.135000000000,0.194900000000,0.388100000000,0.384600000000,0.128400000000,0.134600000000,0.257100000000,0.265900000000,0.184800000000,0.186700000000,0.188000000000,0.181900000000,0.135000000000,0.137700000000,0.388500000000,0.386700000000,0.128500000000,0.134600000000,0.257200000000,0.265900000000,0.184700000000,0.186600000000,0.188200000000,0.182100000000,0.134900000000,0.137700000000,0.130500000000,0.386400000000,0.128400000000,0.134700000000,0.257300000000,0.266100000000,0.184800000000,0.186600000000,0.188300000000,0.182200000000,0.135100000000,0.137600000000,0.130500000000,0.130000000000,0.128400000000,0.134700000000,0.257300000000,0.266200000000,0.184800000000,0.186700000000,0.188400000000,0.182200000000,0.134900000000,0.137700000000,0.130400000000,0.130000000000,0.205300000000,0.134700000000,0.257400000000,0.266200000000,0.184800000000,0.186800000000,0.188300000000,0.182100000000,0.134900000000,0.137600000000,0.130400000000,0.130000000000,0.205200000000,0.194800000000,0.257400000000,0.266200000000,0.184700000000,0.186700000000,0.188300000000,0.182300000000,0.135000000000,0.137600000000,0.130400000000,0.130000000000,0.205100000000,0.194800000000,0.390300000000,0.266200000000,0.184700000000,0.186600000000,0.188600000000,0.182500000000,0.134800000000,0.137700000000,0.130500000000,0.130000000000,0.205200000000,0.195000000000,0.391200000000,0.388500000000,0.184700000000,0.186700000000,0.188500000000,0.182400000000,0.135000000000,0.137700000000,0.130500000000,0.130100000000,0.205100000000,0.195000000000,0.394500000000,0.392800000000,0.128500000000,0.186700000000,0.188500000000,0.182200000000,0.135000000000,0.137700000000,0.130500000000,0.130000000000,0.205200000000,0.194900000000,0.397200000000,0.395000000000,0.128300000000,0.134500000000,0.188500000000,0.182500000000,0.134900000000,0.137600000000,0.130400000000,0.130100000000,0.205200000000,0.194900000000,0.400300000000,0.395300000000,0.128400000000,0.134600000000,0.257200000000,0.182100000000,0.134800000000,0.137600000000,0.130400000000,0.130100000000,0.205200000000,0.195000000000,0.406800000000,0.411000000000,0.128300000000,0.134600000000,0.257300000000,0.266000000000,0.134800000000,0.137700000000,0.130400000000,0.130100000000,0.205200000000,0.195000000000,0.422600000000,0.418700000000,0.128300000000,0.134500000000,0.257300000000,0.266100000000,0.184700000000,0.137600000000,0.130500000000,0.130000000000,0.205100000000,0.195000000000,0.423600000000,0.420400000000,0.128300000000,0.134600000000,0.257100000000,0.265900000000,0.184700000000,0.186700000000,699.5803637019999
contact,49,96.230769,21.17094,4.0,96.23,21.17,699.5106512459997,4.0689,710.1656623700001,0.129600000000,0.129800000000,0.204000000000,0.193600000000,0.375600000000,0.367200000000,0.131300000000,0.137700000000,0.240700000000,0.249500000000,0.183600000000,0.185600000000,0.181900000000,0.129800000000,0.203900000000,0.193600000000,0.371600000000,0.367400000000,0.131500000000,0.137800000000,0.240600000000,0.249600000000,0.183600000000,0.185500000000,0.181800000000,0.176500000000,0.204000000000,0.193600000000,0.375500000000,0.368600000000,0.131400000000,0.137900000000,0.240700000000,0.249600000000,0.183600000000,0.185600000000,0.181900000000,0.176400000000,0.134200000000,0.193600000000,0.372100000000,0.368300000000,0.131400000000,0.137700000000,0.240800000000,0.249600000000,0.183500000000,0.185600000000,0.181800000000,0.176300000000,0.134100000000,0.136800000000,0.376600000000,0.372400000000,0.131300000000,0.137700000000,0.240700000000,0.249600000000,0.183500000000,0.185500000000,0.181800000000,0.176400000000,0.134200000000,0.136700000000,0.129600000000,0.369300000000,0.131400000000,0.137700000000,0.240700000000,0.249400000000,0.183600000000,0.185400000000,0.181800000000,0.176400000000,0.134300000000,0.136800000000,0.129700000000,0.129800000000,0.131300000000,0.137800000000,0.240700000000,0.249500000000,0.183600000000,0.185600000000,0.181700000000,0.176400000000,0.134200000000,0.136700000000,0.129600000000,0.129800000000,0.203900000000,0.137700000000,0.240700000000,0.249500000000,0.183600000000,0.185500000000,0.181800000000,0.176400000000,0.134200000000,0.136800000000,0.129700000000,0.129800000000,0.204000000000,0.193600000000,0.240700000000,0.249500000000,0.183600000000,0.185500000000,0.181800000000,0.176400000000,0.134300000000,0.136700000000,0.129600000000,0.129900000000,0.203900000000,0.193500000000,0.372600000000,0.249500000000,0.183600000000,0.185500000000,0.181800000000,0.176300000000,0.134300000000,0.136700000000,0.129700000000,0.129800000000,0.203800000000,0.193400000000,0.371700000000,0.367800000000,0.183500000000,0.185600000000,0.181800000000,0.176500000000,0.134300000000,0.136800000000,0.129600000000,0.129800000000,0.204000000000,0.193500000000,0.371100000000,0.367300000000,0.131300000000,0.185600000000,0.181800000000,0.176400000000,0.134300000000,0.136800000000,0.129600000000,0.129700000000,0.203900000000,0.193500000000,0.374000000000,0.367100000000,0.131300000000,0.137600000000,0.181800000000,0.176400000000,0.134200000000,0.136800000000,0.129600000000,0.129900000000,0.203900000000,0.193600000000,0.369600000000,0.365200000000,0.131300000000,0.137700000000,0.240700000000,0.176400000000,0.134300000000,0.136700000000,0.129600000000,0.129800000000,0.204000000000,0.193600000000,0.373100000000,0.366600000000,0.131400000000,0.137700000000,0.240700000000,0.249500000000,0.134300000000,0.136700000000,0.129600000000,0.129700000000,0.203900000000,0.193800000000,0.370200000000,0.365700000000,0.131200000000,0.137600000000,0.240700000000,0.249500000000,0.183600000000,0.136800000000,0.129700000000,0.129700000000,0.204000000000,0.193600000000,0.370700000000,0.366900000000,0.131300000000,0.137600000000,0.240800000000,0.249600000000,0.183700000000,0.185500000000,711.2650705619999
baseline,50,55.205128,19.08547,2.0,55.21,19.09,715.8837340769996,0,,0.130500000000,0.130300000000,0.204400000000,0.194400000000,0.413800000000,0.410400000000,0.129900000000,0.138100000000,0.264000000000,0.269300000000,0.183100000000,0.185100000000,0.182900000000,0.130300000000,0.204300000000,0.194400000000,0.414400000000,0.416000000000,0.129800000000,0.138200000000,0.264000000000,0.269300000000,0.183000000000,0.184900000000,0.182900000000,0.177000000000,0.204400000000,0.194500000000,0.419400000000,0.417600000000,0.129900000000,0.138000000000,0.264100000000,0.269500000000,0.183100000000,0.185000000000,0.182900000000,0.177000000000,0.134800000000,0.194400000000,0.423300000000,0.423200000000,0.129800000000,0.138100000000,0.264300000000,0.269700000000,0.183000000000,0.185100000000,0.182900000000,0.177100000000,0.134800000000,0.137500000000,0.438800000000,0.443300000000,0.129800000000,0.138100000000,0.264500000000,0.269700000000,0.183100000000,0.185000000000,0.183000000000,0.177100000000,0.134900000000,0.137700000000,0.130500000000,0.446400000000,0.129900000000,0.138000000000,0.264600000000,0.269900000000,0.183100000000,0.185100000000,0.183100000000,0.177100000000,0.134900000000,0.137500000000,0.130500000000,0.130300000000,0.129800000000,0.138000000000,0.264500000000,0.269900000000,0.183100000000,0.185000000000,0.183000000000,0.177100000000,0.134900000000,0.137600000000,0.130500000000,0.130300000000,0.204400000000,0.138000000000,0.264500000000,0.269800000000,0.183100000000,0.184900000000,0.183100000000,0.177200000000,0.134900000000,0.137600000000,0.130500000000,0.130300000000,0.204400000000,0.194400000000,0.264300000000,0.269800000000,0.183100000000,0.185000000000,0.183000000000,0.177200000000,0.134800000000,0.137700000000,0.130600000000,0.130300000000,0.204300000000,0.194500000000,0.461300000000,0.269600000000,0.183000000000,0.185000000000,0.183100000000,0.177100000000,0.134700000000,0.137600000000,0.130500000000,0.130300000000,0.204500000000,0.194500000000,0.479100000000,0.454600000000,0.183100000000,0.184900000000,0.182900000000,0.177000000000,0.134800000000,0.137600000000,0.130500000000,0.130200000000,0.204300000000,0.194500000000,0.429600000000,0.424100000000,0.129700000000,0.185000000000,0.182900000000,0.177000000000,0.134700000000,0.137600000000,0.130500000000,0.130400000000,0.204300000000,0.194400000000,0.429300000000,0.429900000000,0.129800000000,0.137900000000,0.182800000000,0.177000000000,0.134700000000,0.137600000000,0.130400000000,0.130300000000,0.204400000000,0.194400000000,0.442600000000,0.446000000000,0.129700000000,0.137900000000,0.264300000000,0.176800000000,0.134800000000,0.137700000000,0.130600000000,0.130300000000,0.204300000000,0.194400000000,0.455900000000,0.458800000000,0.129800000000,0.137900000000,0.264500000000,0.269900000000,0.134900000000,0.137600000000,0.130500000000,0.130300000000,0.204300000000,0.194400000000,0.476800000000,0.495800000000,0.129700000000,0.137900000000,0.264300000000,0.269900000000,0.183100000000,0.137600000000,0.130600000000,0.130300000000,0.204400000000,0.194400000000,0.514100000000,0.382000000000,0.129700000000,0.137800000000,0.264400000000,0.269800000000,0.183100000000,0.184900000000,716.0269583569998
contact,50,55.205128,19.08547,2.0,55.21,19.09,715.8837340769996,2.5421,725.2073673069999,0.131600000000,0.132100000000,0.207300000000,0.197200000000,0.374200000000,0.371400000000,0.127600000000,0.135400000000,0.256800000000,0.263300000000,0.182500000000,0.184300000000,0.181100000000,0.132100000000,0.207200000000,0.197300000000,0.374800000000,0.371700000000,0.127500000000,0.135400000000,0.256600000000,0.263300000000,0.182400000000,0.184200000000,0.181100000000,0.175400000000,0.207300000000,0.197300000000,0.374800000000,0.371200000000,0.127500000000,0.135400000000,0.256800000000,0.263400000000,0.182500000000,0.184300000000,0.181100000000,0.175400000000,0.130000000000,0.197200000000,0.375200000000,0.372200000000,0.127600000000,0.135300000000,0.256800000000,0.263200000000,0.182400000000,0.184200000000,0.181100000000,0.175400000000,0.129900000000,0.132600000000,0.374300000000,0.371000000000,0.127600000000,0.135400000000,0.256800000000,0.263400000000,0.182400000000,0.184200000000,0.181000000000,0.175400000000,0.130000000000,0.132500000000,0.131700000000,0.370800000000,0.127500000000,0.135400000000,0.256700000000,0.263300000000,0.182400000000,0.184300000000,0.181100000000,0.175500000000,0.130000000000,0.132400000000,0.131400000000,0.132100000000,0.127500000000,0.135400000000,0.256700000000,0.263200000000,0.182500000000,0.184200000000,0.181100000000,0.175500000000,0.129900000000,0.132500000000,0.131600000000,0.132100000000,0.207000000000,0.135400000000,0.256600000000,0.263200000000,0.182500000000,0.184300000000,0.181100000000,0.175500000000,0.129900000000,0.132300000000,0.131700000000,0.132200000000,0.207200000000,0.197200000000,0.256700000000,0.263200000000,0.182500000000,0.184400000000,0.181100000000,0.175600000000,0.130100000000,0.132600000000,0.131600000000,0.132100000000,0.207200000000,0.197100000000,0.374800000000,0.263200000000,0.182500000000,0.184300000000,0.181100000000,0.175400000000,0.129900000000,0.132600000000,0.131700000000,0.132100000000,0.207200000000,0.197200000000,0.374400000000,0.371200000000,0.182500000000,0.184400000000,0.181200000000,0.175600000000,0.130000000000,0.132400000000,0.131700000000,0.132100000000,0.207200000000,0.197200000000,0.374600000000,0.371300000000,0.127200000000,0.184100000000,0.181100000000,0.175400000000,0.129800000000,0.132400000000,0.131600000000,0.132000000000,0.207100000000,0.197000000000,0.374300000000,0.371600000000,0.127100000000,0.134400000000,0.181000000000,0.175500000000,0.130000000000,0.132500000000,0.131600000000,0.132000000000,0.207100000000,0.196900000000,0.375100000000,0.371700000000,0.127000000000,0.134100000000,0.255400000000,0.175500000000,0.130000000000,0.132500000000,0.131700000000,0.131800000000,0.206900000000,0.196900000000,0.374200000000,0.370800000000,0.126800000000,0.133600000000,0.255100000000,0.263000000000,0.129800000000,0.132400000000,0.131600000000,0.132000000000,0.207000000000,0.196700000000,0.374200000000,0.370800000000,0.126800000000,0.133500000000,0.254800000000,0.262800000000,0.182200000000,0.132400000000,0.131700000000,0.131900000000,0.207000000000,0.196800000000,0.375300000000,0.371800000000,0.126500000000,0.133300000000,0.254600000000,0.262900000000,0.182300000000,0.184100000000,726.4124481110002
baseline,51,61.769231,19.153846,1.0,61.77,19.15,728.398489704,0,,0.130600000000,0.130400000000,0.204900000000,0.194800000000,0.379600000000,0.376300000000,0.126800000000,0.133100000000,0.254600000000,0.263200000000,0.182200000000,0.184100000000,0.181100000000,0.130500000000,0.205000000000,0.194900000000,0.379600000000,0.376000000000,0.126700000000,0.132900000000,0.254600000000,0.263200000000,0.182200000000,0.184100000000,0.181200000000,0.176000000000,0.204900000000,0.194800000000,0.380500000000,0.376200000000,0.126600000000,0.132900000000,0.254500000000,0.263000000000,0.182200000000,0.184000000000,0.181100000000,0.175900000000,0.138200000000,0.194900000000,0.379300000000,0.375800000000,0.126700000000,0.132900000000,0.254500000000,0.263100000000,0.182100000000,0.184100000000,0.181100000000,0.176000000000,0.138100000000,0.141000000000,0.379300000000,0.375600000000,0.126500000000,0.132900000000,0.254700000000,0.263200000000,0.182200000000,0.184100000000,0.181100000000,0.175900000000,0.138100000000,0.140900000000,0.130600000000,0.375600000000,0.126600000000,0.133000000000,0.254500000000,0.263200000000,0.182100000000,0.184000000000,0.181100000000,0.175800000000,0.138200000000,0.141000000000,0.130800000000,0.130500000000,0.126600000000,0.133000000000,0.254600000000,0.263300000000,0.182200000000,0.184000000000,0.181000000000,0.176000000000,0.138200000000,0.141100000000,0.130700000000,0.130500000000,0.204900000000,0.132900000000,0.254700000000,0.263200000000,0.182200000000,0.184100000000,0.181200000000,0.175800000000,0.138200000000,0.140900000000,0.130700000000,0.130400000000,0.204700000000,0.194500000000,0.254700000000,0.263400000000,0.182100000000,0.184100000000,0.181000000000,0.175800000000,0.137900000000,0.140900000000,0.130600000000,0.130400000000,0.204700000000,0.194600000000,0.379000000000,0.263400000000,0.182100000000,0.184000000000,0.181100000000,0.176000000000,0.138000000000,0.140900000000,0.130700000000,0.130500000000,0.204800000000,0.194700000000,0.379900000000,0.376200000000,0.182200000000,0.184000000000,0.181200000000,0.176000000000,0.138100000000,0.140800000000,0.130700000000,0.130400000000,0.204800000000,0.194700000000,0.379800000000,0.375500000000,0.126600000000,0.184000000000,0.181200000000,0.176000000000,0.138100000000,0.140800000000,0.130600000000,0.130400000000,0.204900000000,0.194800000000,0.379800000000,0.376100000000,0.126600000000,0.132800000000,0.181200000000,0.176000000000,0.138000000000,0.140700000000,0.130600000000,0.130400000000,0.204800000000,0.194700000000,0.379700000000,0.376400000000,0.126600000000,0.132800000000,0.254800000000,0.175900000000,0.137900000000,0.140700000000,0.130600000000,0.130400000000,0.204700000000,0.194600000000,0.380100000000,0.375900000000,0.126500000000,0.132900000000,0.254600000000,0.263400000000,0.138000000000,0.140600000000,0.130600000000,0.130500000000,0.204700000000,0.194600000000,0.380000000000,0.375900000000,0.126600000000,0.132800000000,0.254700000000,0.263400000000,0.182100000000,0.140700000000,0.130600000000,0.130300000000,0.204600000000,0.194500000000,0.379100000000,0.375700000000,0.126600000000,0.132800000000,0.254800000000,0.263400000000,0.182100000000,0.184000000000,728.575801422
contact,51,61.769231,19.153846,1.0,61.77,19.15,728.398489704,1.4159,736.7539070610001,0.130300000000,0.130400000000,0.204400000000,0.194100000000,0.329500000000,0.325300000000,0.126700000000,0.133500000000,0.252600000000,0.260900000000,0.182000000000,0.183800000000,0.180500000000,0.130400000000,0.204500000000,0.194100000000,0.328600000000,0.324500000000,0.126700000000,0.133400000000,0.252500000000,0.260900000000,0.181900000000,0.183800000000,0.180600000000,0.175600000000,0.204500000000,0.194200000000,0.328500000000,0.325100000000,0.126800000000,0.133400000000,0.252600000000,0.261000000000,0.182000000000,0.183800000000,0.180600000000,0.175600000000,0.135900000000,0.194100000000,0.328200000000,0.324800000000,0.126700000000,0.133500000000,0.252700000000,0.261000000000,0.182000000000,0.183900000000,0.180500000000,0.175500000000,0.135800000000,0.138400000000,0.329100000000,0.325800000000,0.126800000000,0.133400000000,0.252600000000,0.261000000000,0.182000000000,0.183800000000,0.180500000000,0.175600000000,0.135800000000,0.138400000000,0.130300000000,0.325600000000,0.126700000000,0.133400000000,0.252700000000,0.261000000000,0.182000000000,0.183800000000,0.180500000000,0.175500000000,0.135800000000,0.138400000000,0.130400000000,0.130400000000,0.126800000000,0.133400000000,0.252700000000,0.261000000000,0.181900000000,0.183700000000,0.180500000000,0.175600000000,0.135700000000,0.138400000000,0.130300000000,0.130400000000,0.204400000000,0.133400000000,0.252800000000,0.261100000000,0.181900000000,0.183700000000,0.180500000000,0.175500000000,0.135800000000,0.138200000000,0.130200000000,0.130400000000,0.204400000000,0.194100000000,0.252800000000,0.261000000000,0.181900000000,0.183800000000,0.180500000000,0.175400000000,0.135800000000,0.138200000000,0.130400000000,0.130300000000,0.204500000000,0.194000000000,0.329500000000,0.260900000000,0.181800000000,0.183700000000,0.180500000000,0.175500000000,0.135800000000,0.138300000000,0.130400000000,0.130400000000,0.204300000000,0.194000000000,0.329300000000,0.325400000000,0.181900000000,0.183800000000,0.180500000000,0.175500000000,0.135800000000,0.138300000000,0.130400000000,0.130400000000,0.204400000000,0.194000000000,0.329300000000,0.325800000000,0.126800000000,0.183700000000,0.180500000000,0.175500000000,0.135900000000,0.138400000000,0.130300000000,0.130300000000,0.204400000000,0.194000000000,0.328800000000,0.324700000000,0.126600000000,0.133300000000,0.180400000000,0.175500000000,0.135700000000,0.138400000000,0.130300000000,0.130400000000,0.204200000000,0.193900000000,0.328800000000,0.325200000000,0.126800000000,0.133400000000,0.252600000000,0.175500000000,0.135800000000,0.138300000000,0.130400000000,0.130300000000,0.204200000000,0.193800000000,0.329600000000,0.325800000000,0.126700000000,0.133200000000,0.252500000000,0.260900000000,0.135700000000,0.138300000000,0.130300000000,0.130300000000,0.204300000000,0.194000000000,0.329000000000,0.325300000000,0.126700000000,0.133300000000,0.252400000000,0.260800000000,0.181900000000,0.138300000000,0.130200000000,0.130300000000,0.204300000000,0.193900000000,0.329300000000,0.325500000000,0.126700000000,0.133400000000,0.252500000000,0.260900000000,0.181900000000,0.183800000000,737.8803394669994
baseline,52,86.384615,21.136752,2.0,86.38,21.14,741.1976537769997,0,,0.130200000000,0.130700000000,0.206300000000,0.196600000000,0.327700000000,0.324800000000,0.127800000000,0.136500000000,0.256000000000,0.261500000000,0.182100000000,0.183800000000,0.181000000000,0.130700000000,0.206400000000,0.196600000000,0.327600000000,0.325000000000,0.127800000000,0.136500000000,0.256000000000,0.261600000000,0.182200000000,0.184000000000,0.180900000000,0.175700000000,0.206200000000,0.196700000000,0.328200000000,0.325200000000,0.128000000000,0.136300000000,0.255900000000,0.261700000000,0.182200000000,0.183900000000,0.180900000000,0.175800000000,0.136400000000,0.196700000000,0.328500000000,0.324700000000,0.127900000000,0.136300000000,0.255900000000,0.261600000000,0.182200000000,0.184100000000,0.181000000000,0.175700000000,0.136400000000,0.138900000000,0.327700000000,0.325000000000,0.127800000000,0.136200000000,0.256000000000,0.261700000000,0.182200000000,0.184000000000,0.181000000000,0.175600000000,0.136400000000,0.138900000000,0.130300000000,0.324900000000,0.127800000000,0.136300000000,0.256000000000,0.261700000000,0.182100000000,0.184000000000,0.181000000000,0.175700000000,0.136400000000,0.138800000000,0.130200000000,0.130600000000,0.127800000000,0.136200000000,0.256000000000,0.261700000000,0.182000000000,0.184000000000,0.181100000000,0.175600000000,0.136300000000,0.138800000000,0.130300000000,0.130700000000,0.206200000000,0.136200000000,0.255900000000,0.261700000000,0.182100000000,0.183900000000,0.181000000000,0.175700000000,0.136300000000,0.138900000000,0.130200000000,0.130700000000,0.206300000000,0.196800000000,0.255700000000,0.261400000000,0.181800000000,0.183800000000,0.180600000000,0.175600000000,0.136500000000,0.138900000000,0.130200000000,0.130600000000,0.206000000000,0.196500000000,0.328500000000,0.261700000000,0.182200000000,0.183800000000,0.180900000000,0.175600000000,0.136400000000,0.138900000000,0.130100000000,0.130100000000,0.205800000000,0.195900000000,0.327600000000,0.324300000000,0.181800000000,0.183700000000,0.180500000000,0.175600000000,0.136300000000,0.138800000000,0.129900000000,0.130200000000,0.205900000000,0.195900000000,0.327700000000,0.323500000000,0.126400000000,0.183600000000,0.180500000000,0.175600000000,0.136300000000,0.138900000000,0.130000000000,0.130200000000,0.205900000000,0.195800000000,0.327300000000,0.324200000000,0.126300000000,0.132300000000,0.180600000000,0.175600000000,0.136300000000,0.138900000000,0.130100000000,0.130100000000,0.205800000000,0.195700000000,0.327300000000,0.323800000000,0.126300000000,0.132200000000,0.252300000000,0.175700000000,0.136400000000,0.138800000000,0.130100000000,0.130100000000,0.205800000000,0.195800000000,0.327400000000,0.323900000000,0.126300000000,0.132200000000,0.252300000000,0.261200000000,0.136300000000,0.138800000000,0.130000000000,0.130100000000,0.205700000000,0.195800000000,0.327800000000,0.324400000000,0.126300000000,0.132300000000,0.252200000000,0.261200000000,0.181700000000,0.138800000000,0.130000000000,0.130100000000,0.205800000000,0.195700000000,0.328200000000,0.324900000000,0.126200000000,0.132200000000,0.252300000000,0.261200000000,0.181600000000,0.183600000000,741.3426284870002
contact,52,86.384615,21.136752,2.0,86.38,21.14,741.1976537769997,2.3552,750.8310388,0.129500000000,0.129300000000,0.203000000000,0.192900000000,0.339600000000,0.333800000000,0.121600000000,0.126800000000,0.259500000000,0.267900000000,0.181600000000,0.183500000000,0.183300000000,0.129400000000,0.203000000000,0.192800000000,0.340100000000,0.333900000000,0.121500000000,0.126800000000,0.259500000000,0.267800000000,0.181700000000,0.183500000000,0.183300000000,0.177200000000,0.203100000000,0.192900000000,0.339500000000,0.334100000000,0.121400000000,0.126800000000,0.259300000000,0.267700000000,0.181700000000,0.183500000000,0.183100000000,0.177300000000,0.135600000000,0.192800000000,0.339600000000,0.333200000000,0.121500000000,0.126800000000,0.259300000000,0.267700000000,0.181700000000,0.183600000000,0.183300000000,0.177300000000,0.135600000000,0.138300000000,0.339000000000,0.332900000000,0.121500000000,0.126700000000,0.259300000000,0.267600000000,0.181700000000,0.183400000000,0.183200000000,0.177200000000,0.135700000000,0.138200000000,0.129500000000,0.332700000000,0.121500000000,0.126900000000,0.259200000000,0.267700000000,0.181600000000,0.183500000000,0.183100000000,0.177200000000,0.135600000000,0.138300000000,0.129500000000,0.129400000000,0.121500000000,0.126700000000,0.259200000000,0.267600000000,0.181700000000,0.183500000000,0.183300000000,0.177200000000,0.135700000000,0.138200000000,0.129500000000,0.129300000000,0.203000000000,0.126700000000,0.259200000000,0.267600000000,0.181700000000,0.183400000000,0.183200000000,0.177200000000,0.135600000000,0.138200000000,0.129400000000,0.129400000000,0.202900000000,0.192700000000,0.259100000000,0.267500000000,0.181600000000,0.183400000000,0.183200000000,0.177200000000,0.135700000000,0.138200000000,0.129500000000,0.129300000000,0.203000000000,0.192800000000,0.338600000000,0.267500000000,0.181600000000,0.183500000000,0.183100000000,0.177200000000,0.135600000000,0.138200000000,0.129600000000,0.129300000000,0.203000000000,0.192800000000,0.338900000000,0.333700000000,0.181600000000,0.183500000000,0.183300000000,0.177300000000,0.135700000000,0.138300000000,0.129600000000,0.129300000000,0.203000000000,0.192600000000,0.338800000000,0.333200000000,0.121500000000,0.183500000000,0.183100000000,0.177100000000,0.135500000000,0.138200000000,0.129400000000,0.129300000000,0.203100000000,0.192800000000,0.338500000000,0.333400000000,0.121400000000,0.126700000000,0.183200000000,0.177100000000,0.135600000000,0.138300000000,0.129500000000,0.129300000000,0.203000000000,0.192800000000,0.338900000000,0.334600000000,0.121500000000,0.126700000000,0.259000000000,0.177100000000,0.135700000000,0.138200000000,0.129600000000,0.129300000000,0.203000000000,0.192800000000,0.338700000000,0.332500000000,0.121500000000,0.126600000000,0.258800000000,0.267200000000,0.135800000000,0.138300000000,0.129500000000,0.129400000000,0.203000000000,0.192800000000,0.337400000000,0.331800000000,0.121400000000,0.126600000000,0.258800000000,0.267200000000,0.181700000000,0.138300000000,0.129500000000,0.129300000000,0.202900000000,0.192800000000,0.337900000000,0.333000000000,0.121400000000,0.126700000000,0.258800000000,0.267300000000,0.181600000000,0.183400000000,751.9443778120003
baseline,53,51.923077,15.119658,3.0,51.92,15.12,756.0778534619994,0,,0.136800000000,0.134500000000,0.206500000000,0.196300000000,0.395400000000,0.390400000000,0.136100000000,0.143000000000,0.263600000000,0.270800000000,0.182200000000,0.184000000000,0.182500000000,0.134300000000,0.206600000000,0.196500000000,0.392900000000,0.388200000000,0.136000000000,0.143000000000,0.263500000000,0.270600000000,0.182300000000,0.184000000000,0.182400000000,0.176700000000,0.206400000000,0.196300000000,0.395000000000,0.387400000000,0.136000000000,0.143000000000,0.263600000000,0.270500000000,0.182300000000,0.183900000000,0.182500000000,0.176700000000,0.139600000000,0.196400000000,0.390700000000,0.387700000000,0.136200000000,0.143300000000,0.263600000000,0.270400000000,0.182300000000,0.183900000000,0.182500000000,0.176700000000,0.139500000000,0.142300000000,0.383200000000,0.378100000000,0.136100000000,0.143200000000,0.263500000000,0.270300000000,0.182300000000,0.183800000000,0.182500000000,0.176700000000,0.139600000000,0.142500000000,0.136700000000,0.378000000000,0.135900000000,0.143100000000,0.263600000000,0.270500000000,0.182200000000,0.183800000000,0.182500000000,0.176800000000,0.139600000000,0.142500000000,0.136700000000,0.134400000000,0.135900000000,0.143100000000,0.263600000000,0.270500000000,0.182300000000,0.183900000000,0.182500000000,0.176800000000,0.139500000000,0.142400000000,0.136800000000,0.134400000000,0.206400000000,0.143000000000,0.263500000000,0.270400000000,0.182300000000,0.183900000000,0.182500000000,0.176800000000,0.139600000000,0.142400000000,0.136800000000,0.134600000000,0.206500000000,0.196400000000,0.263300000000,0.270200000000,0.182300000000,0.183900000000,0.182500000000,0.176800000000,0.139600000000,0.142300000000,0.136900000000,0.134500000000,0.206300000000,0.196300000000,0.381300000000,0.270100000000,0.182300000000,0.183900000000,0.182500000000,0.176700000000,0.139500000000,0.142400000000,0.136700000000,0.134500000000,0.206400000000,0.196400000000,0.382700000000,0.379200000000,0.182200000000,0.183900000000,0.182500000000,0.176700000000,0.139600000000,0.142200000000,0.136700000000,0.134500000000,0.206300000000,0.196300000000,0.382900000000,0.378700000000,0.135700000000,0.183900000000,0.182600000000,0.176700000000,0.139400000000,0.142300000000,0.136600000000,0.134500000000,0.206300000000,0.196300000000,0.383000000000,0.379400000000,0.135700000000,0.143000000000,0.182600000000,0.176700000000,0.139600000000,0.142300000000,0.136700000000,0.134400000000,0.206300000000,0.196400000000,0.382100000000,0.376900000000,0.135600000000,0.143000000000,0.263500000000,0.176700000000,0.139500000000,0.142200000000,0.136700000000,0.134400000000,0.206200000000,0.196400000000,0.378900000000,0.373000000000,0.135600000000,0.143100000000,0.263500000000,0.270200000000,0.139300000000,0.142300000000,0.136600000000,0.134400000000,0.206300000000,0.196300000000,0.376700000000,0.374400000000,0.135500000000,0.143000000000,0.263600000000,0.270300000000,0.182300000000,0.142100000000,0.136600000000,0.134500000000,0.206300000000,0.196500000000,0.377600000000,0.375000000000,0.135500000000,0.142800000000,0.263600000000,0.270200000000,0.182200000000,0.183900000000,756.2711170269995
contact,53,51.923077,15.119658,3.0,51.92,15.12,756.0778534619994,3.0784,766.405085677,0.135800000000,0.134300000000,0.205000000000,0.194700000000,0.258100000000,0.254400000000,0.129700000000,0.135800000000,0.255800000000,0.264000000000,0.181000000000,0.183000000000,0.180100000000,0.134400000000,0.205000000000,0.194800000000,0.258200000000,0.254400000000,0.129600000000,0.135700000000,0.255700000000,0.264000000000,0.181100000000,0.182900000000,0.180000000000,0.175100000000,0.204900000000,0.194600000000,0.258100000000,0.254600000000,0.129500000000,0.135600000000,0.255600000000,0.264000000000,0.181100000000,0.183000000000,0.180200000000,0.175100000000,0.139700000000,0.194800000000,0.258200000000,0.254300000000,0.129600000000,0.135700000000,0.255600000000,0.264100000000,0.181200000000,0.182900000000,0.180200000000,0.175200000000,0.139600000000,0.142200000000,0.258100000000,0.254200000000,0.129500000000,0.135700000000,0.255700000000,0.264100000000,0.181200000000,0.183000000000,0.180100000000,0.175200000000,0.139700000000,0.142300000000,0.135800000000,0.254200000000,0.129600000000,0.135700000000,0.255700000000,0.264000000000,0.181100000000,0.183000000000,0.180100000000,0.175200000000,0.139700000000,0.142200000000,0.135700000000,0.134300000000,0.129600000000,0.135800000000,0.255600000000,0.264100000000,0.181100000000,0.183000000000,0.180100000000,0.175100000000,0.139700000000,0.142200000000,0.135800000000,0.134300000000,0.205000000000,0.135700000000,0.255700000000,0.264000000000,0.181200000000,0.183000000000,0.180100000000,0.175100000000,0.139700000000,0.142200000000,0.135700000000,0.134300000000,0.204900000000,0.194700000000,0.255500000000,0.263900000000,0.181200000000,0.183000000000,0.180200000000,0.175100000000,0.139900000000,0.142200000000,0.135800000000,0.134400000000,0.205000000000,0.194700000000,0.257900000000,0.264100000000,0.181200000000,0.183100000000,0.180200000000,0.175300000000,0.139600000000,0.142200000000,0.135700000000,0.134400000000,0.205100000000,0.194800000000,0.258000000000,0.254200000000,0.181100000000,0.182900000000,0.180100000000,0.175100000000,0.139700000000,0.142200000000,0.135800000000,0.134400000000,0.205100000000,0.194800000000,0.257800000000,0.254400000000,0.129600000000,0.182900000000,0.180100000000,0.175200000000,0.139700000000,0.142200000000,0.135800000000,0.134400000000,0.205200000000,0.194900000000,0.258200000000,0.254500000000,0.129600000000,0.135700000000,0.180100000000,0.175100000000,0.139600000000,0.142300000000,0.135800000000,0.134300000000,0.205100000000,0.194800000000,0.258400000000,0.254500000000,0.129600000000,0.135700000000,0.255500000000,0.175200000000,0.139700000000,0.142200000000,0.135700000000,0.134300000000,0.205100000000,0.194800000000,0.258300000000,0.254400000000,0.129700000000,0.135800000000,0.255600000000,0.263800000000,0.139600000000,0.142200000000,0.135700000000,0.134300000000,0.205000000000,0.194800000000,0.258100000000,0.254400000000,0.129700000000,0.135800000000,0.255600000000,0.263800000000,0.181100000000,0.142200000000,0.135700000000,0.134300000000,0.205100000000,0.194800000000,0.257800000000,0.254100000000,0.129500000000,0.135700000000,0.255500000000,0.263800000000,0.181200000000,0.183000000000,767.5240409919998
baseline,54,102.794872,22.806268,4.0,102.79,22.81,772.9220309350003,0,,0.133200000000,0.132700000000,0.203600000000,0.193200000000,0.249000000000,0.245100000000,0.128800000000,0.134200000000,0.252800000000,0.262600000000,0.181200000000,0.182700000000,0.179400000000,0.132500000000,0.203400000000,0.193000000000,0.249100000000,0.245300000000,0.128300000000,0.133100000000,0.252000000000,0.262400000000,0.181100000000,0.182800000000,0.179400000000,0.174600000000,0.203300000000,0.192800000000,0.249200000000,0.245600000000,0.128300000000,0.132600000000,0.252800000000,0.262700000000,0.181400000000,0.182800000000,0.179500000000,0.174500000000,0.137600000000,0.192900000000,0.249500000000,0.245400000000,0.128600000000,0.134300000000,0.253200000000,0.262500000000,0.181100000000,0.182800000000,0.179300000000,0.174500000000,0.137600000000,0.140100000000,0.249400000000,0.245700000000,0.128400000000,0.133600000000,0.252400000000,0.262400000000,0.181200000000,0.182900000000,0.179300000000,0.174500000000,0.137500000000,0.140200000000,0.132700000000,0.245900000000,0.128300000000,0.133600000000,0.252500000000,0.262500000000,0.181200000000,0.182900000000,0.179300000000,0.174500000000,0.137500000000,0.140200000000,0.132700000000,0.132400000000,0.128300000000,0.133600000000,0.252400000000,0.262400000000,0.181200000000,0.182800000000,0.179300000000,0.174400000000,0.137600000000,0.140000000000,0.132700000000,0.132500000000,0.203300000000,0.133600000000,0.252300000000,0.262400000000,0.181200000000,0.182900000000,0.179500000000,0.174500000000,0.137600000000,0.140200000000,0.132900000000,0.132800000000,0.203400000000,0.192800000000,0.252400000000,0.262400000000,0.181200000000,0.182800000000,0.179400000000,0.174500000000,0.137700000000,0.140400000000,0.133000000000,0.132900000000,0.203200000000,0.192800000000,0.250000000000,0.262400000000,0.181200000000,0.182900000000,0.179400000000,0.174600000000,0.137600000000,0.140400000000,0.132900000000,0.133100000000,0.203300000000,0.192800000000,0.249900000000,0.245800000000,0.181100000000,0.182800000000,0.179400000000,0.174500000000,0.137700000000,0.140200000000,0.132900000000,0.132900000000,0.203400000000,0.192700000000,0.250300000000,0.246200000000,0.128400000000,0.182800000000,0.179300000000,0.174500000000,0.137700000000,0.140300000000,0.132900000000,0.132800000000,0.203400000000,0.192800000000,0.252300000000,0.248400000000,0.128300000000,0.133700000000,0.179300000000,0.174400000000,0.137700000000,0.140400000000,0.132800000000,0.132800000000,0.203300000000,0.192800000000,0.252300000000,0.248300000000,0.128300000000,0.133700000000,0.252300000000,0.174400000000,0.137600000000,0.140200000000,0.132900000000,0.132900000000,0.203300000000,0.192800000000,0.252400000000,0.248300000000,0.128200000000,0.133600000000,0.252100000000,0.262300000000,0.137600000000,0.140200000000,0.132900000000,0.132900000000,0.203300000000,0.192700000000,0.252700000000,0.248700000000,0.128300000000,0.133400000000,0.252200000000,0.262400000000,0.181000000000,0.140400000000,0.133100000000,0.132900000000,0.203200000000,0.192700000000,0.252700000000,0.248600000000,0.128200000000,0.133400000000,0.252100000000,0.262300000000,0.181100000000,0.182800000000,772.9334611049999
contact,54,102.794872,22.806268,4.0,102.79,22.81,772.9220309350003,4.3299,782.9682453750002,0.131000000000,0.130200000000,0.201800000000,0.190400000000,0.252700000000,0.249600000000,0.126800000000,0.132400000000,0.260700000000,0.272400000000,0.184200000000,0.185600000000,0.108500000000,0.130100000000,0.201700000000,0.190300000000,0.252700000000,0.249800000000,0.126700000000,0.132200000000,0.260700000000,0.272300000000,0.184200000000,0.185700000000,0.108300000000,0.110500000000,0.201600000000,0.190400000000,0.252800000000,0.249800000000,0.126700000000,0.132300000000,0.260700000000,0.272300000000,0.184100000000,0.185700000000,0.108300000000,0.110600000000,0.136100000000,0.190300000000,0.252800000000,0.249800000000,0.126800000000,0.132300000000,0.260700000000,0.272300000000,0.184100000000,0.185700000000,0.108300000000,0.110500000000,0.136000000000,0.138800000000,0.252600000000,0.249800000000,0.126700000000,0.132200000000,0.260500000000,0.272200000000,0.184100000000,0.185700000000,0.108400000000,0.110500000000,0.136100000000,0.139000000000,0.130900000000,0.249700000000,0.126700000000,0.132200000000,0.260700000000,0.272300000000,0.184000000000,0.185600000000,0.108300000000,0.110400000000,0.136100000000,0.138700000000,0.131000000000,0.130100000000,0.126800000000,0.132300000000,0.260600000000,0.272300000000,0.184100000000,0.185700000000,0.108300000000,0.110400000000,0.136100000000,0.138800000000,0.131000000000,0.130100000000,0.201600000000,0.132200000000,0.260500000000,0.272300000000,0.184000000000,0.185600000000,0.108400000000,0.110400000000,0.136100000000,0.138800000000,0.130900000000,0.130100000000,0.201700000000,0.190300000000,0.260600000000,0.272200000000,0.183900000000,0.185600000000,0.108200000000,0.110400000000,0.136000000000,0.138800000000,0.130900000000,0.130100000000,0.201600000000,0.190200000000,0.252800000000,0.272300000000,0.184000000000,0.185700000000,0.108400000000,0.110500000000,0.136100000000,0.138800000000,0.130900000000,0.130200000000,0.201600000000,0.190400000000,0.252900000000,0.249900000000,0.184000000000,0.185600000000,0.108300000000,0.110400000000,0.136100000000,0.138800000000,0.131000000000,0.130100000000,0.201600000000,0.190400000000,0.252900000000,0.249900000000,0.126700000000,0.185600000000,0.108400000000,0.110500000000,0.136100000000,0.138800000000,0.131000000000,0.130100000000,0.201700000000,0.190300000000,0.252800000000,0.249800000000,0.126600000000,0.132200000000,0.108300000000,0.110400000000,0.136200000000,0.138800000000,0.131000000000,0.130200000000,0.201700000000,0.190300000000,0.252800000000,0.249900000000,0.126700000000,0.132200000000,0.260300000000,0.110400000000,0.136100000000,0.138700000000,0.130900000000,0.130100000000,0.201700000000,0.190300000000,0.252900000000,0.249900000000,0.126600000000,0.132200000000,0.260400000000,0.272000000000,0.136100000000,0.138800000000,0.130900000000,0.130200000000,0.201700000000,0.190500000000,0.252700000000,0.249800000000,0.126600000000,0.132100000000,0.260400000000,0.272000000000,0.183800000000,0.138900000000,0.130900000000,0.130200000000,0.201700000000,0.190400000000,0.252600000000,0.249700000000,0.126700000000,0.132200000000,0.260400000000,0.272100000000,0.184000000000,0.185500000000,784.1851133099999
baseline,55,63.410256,28.60114,3.0,63.41,28.6,788.6936310459996,0,,0.135200000000,0.135600000000,0.203300000000,0.192700000000,0.292200000000,0.287900000000,0.128200000000,0.133200000000,0.255100000000,0.264900000000,0.198400000000,0.200100000000,0.190700000000,0.136100000000,0.203700000000,0.193400000000,0.293500000000,0.292100000000,0.129500000000,0.136500000000,0.258400000000,0.265300000000,0.198900000000,0.200500000000,0.191500000000,0.186000000000,0.203900000000,0.193200000000,0.295200000000,0.292400000000,0.128900000000,0.134500000000,0.256400000000,0.265100000000,0.198200000000,0.200000000000,0.191200000000,0.186000000000,0.138500000000,0.193100000000,0.295600000000,0.291100000000,0.128400000000,0.133300000000,0.255300000000,0.265000000000,0.198100000000,0.199800000000,0.190700000000,0.185800000000,0.138300000000,0.141300000000,0.296100000000,0.292200000000,0.128200000000,0.132900000000,0.255000000000,0.264900000000,0.198100000000,0.199800000000,0.190700000000,0.185800000000,0.138500000000,0.141200000000,0.135700000000,0.297600000000,0.129700000000,0.136600000000,0.258400000000,0.265500000000,0.198400000000,0.199800000000,0.191300000000,0.186000000000,0.138400000000,0.141200000000,0.135600000000,0.136400000000,0.129500000000,0.136500000000,0.258300000000,0.265500000000,0.198500000000,0.199900000000,0.191400000000,0.185900000000,0.138500000000,0.141200000000,0.135600000000,0.136700000000,0.203900000000,0.138100000000,0.259900000000,0.265700000000,0.198200000000,0.199700000000,0.191400000000,0.186100000000,0.138300000000,0.141100000000,0.135600000000,0.136700000000,0.203900000000,0.193900000000,0.259800000000,0.265600000000,0.197300000000,0.198600000000,0.191300000000,0.185700000000,0.138400000000,0.141200000000,0.135700000000,0.136600000000,0.203700000000,0.193600000000,0.323300000000,0.265600000000,0.195800000000,0.197400000000,0.190900000000,0.185800000000,0.138400000000,0.141200000000,0.135900000000,0.136700000000,0.203700000000,0.193500000000,0.320900000000,0.315100000000,0.194300000000,0.195600000000,0.190800000000,0.185600000000,0.138500000000,0.141200000000,0.135900000000,0.136700000000,0.203900000000,0.193900000000,0.320100000000,0.320100000000,0.129900000000,0.195800000000,0.190900000000,0.185500000000,0.138600000000,0.141300000000,0.135800000000,0.136800000000,0.203700000000,0.193600000000,0.325600000000,0.323000000000,0.129700000000,0.136400000000,0.191100000000,0.185800000000,0.138400000000,0.141300000000,0.135900000000,0.136800000000,0.203600000000,0.193500000000,0.341700000000,0.340800000000,0.129600000000,0.136500000000,0.258300000000,0.185700000000,0.138600000000,0.141300000000,0.136000000000,0.136800000000,0.203600000000,0.193500000000,0.349600000000,0.347400000000,0.129600000000,0.136400000000,0.258300000000,0.265600000000,0.138500000000,0.141300000000,0.136100000000,0.136900000000,0.203700000000,0.193700000000,0.359100000000,0.355400000000,0.129700000000,0.136400000000,0.256900000000,0.265300000000,0.192900000000,0.141300000000,0.136000000000,0.136900000000,0.203700000000,0.193700000000,0.361700000000,0.363200000000,0.129600000000,0.136500000000,0.258400000000,0.265600000000,0.193100000000,0.194500000000,788.7288813489995
contact,55,63.410256,28.60114,3.0,63.41,28.6,788.6936310459996,3.029,799.5143910879997,0.135200000000,0.134100000000,0.209500000000,0.199900000000,0.220100000000,0.216700000000,0.128300000000,0.133700000000,0.252000000000,0.261600000000,0.190900000000,0.192100000000,0.186400000000,0.134200000000,0.209600000000,0.199900000000,0.220000000000,0.216600000000,0.128200000000,0.133600000000,0.252000000000,0.261800000000,0.191000000000,0.192300000000,0.186300000000,0.182000000000,0.209600000000,0.200000000000,0.220000000000,0.216600000000,0.128300000000,0.133500000000,0.251900000000,0.261600000000,0.190800000000,0.192200000000,0.186200000000,0.182000000000,0.143100000000,0.200100000000,0.219800000000,0.216600000000,0.128200000000,0.133600000000,0.251900000000,0.261800000000,0.191000000000,0.192200000000,0.185900000000,0.181700000000,0.143100000000,0.145700000000,0.220000000000,0.216700000000,0.128200000000,0.133600000000,0.251900000000,0.261800000000,0.191000000000,0.192200000000,0.186100000000,0.181800000000,0.143000000000,0.145800000000,0.135100000000,0.216500000000,0.128200000000,0.133600000000,0.251800000000,0.261800000000,0.191000000000,0.192300000000,0.186000000000,0.181700000000,0.143100000000,0.145800000000,0.135200000000,0.134200000000,0.128400000000,0.133700000000,0.252000000000,0.261800000000,0.190900000000,0.192100000000,0.186000000000,0.181800000000,0.143200000000,0.145800000000,0.135200000000,0.134100000000,0.209600000000,0.133700000000,0.252100000000,0.261700000000,0.190800000000,0.192200000000,0.185900000000,0.181900000000,0.143000000000,0.145800000000,0.135100000000,0.134100000000,0.209500000000,0.199900000000,0.252100000000,0.261800000000,0.190900000000,0.192100000000,0.185900000000,0.181800000000,0.143100000000,0.145700000000,0.135200000000,0.134100000000,0.209500000000,0.199900000000,0.220000000000,0.261900000000,0.191000000000,0.192300000000,0.186000000000,0.181600000000,0.143100000000,0.145800000000,0.135200000000,0.134100000000,0.209400000000,0.199700000000,0.219900000000,0.216500000000,0.190800000000,0.192100000000,0.186000000000,0.181900000000,0.143100000000,0.145700000000,0.135200000000,0.134100000000,0.209400000000,0.199900000000,0.219900000000,0.216600000000,0.128300000000,0.192300000000,0.185800000000,0.181700000000,0.143100000000,0.145900000000,0.135200000000,0.134100000000,0.209400000000,0.199900000000,0.220100000000,0.216800000000,0.128400000000,0.133700000000,0.185800000000,0.181500000000,0.143200000000,0.145800000000,0.135200000000,0.134100000000,0.209500000000,0.200000000000,0.220100000000,0.216700000000,0.128400000000,0.133800000000,0.251900000000,0.181700000000,0.143100000000,0.145800000000,0.135000000000,0.134000000000,0.209500000000,0.199700000000,0.220000000000,0.216800000000,0.128400000000,0.133700000000,0.252000000000,0.261700000000,0.143100000000,0.145800000000,0.135000000000,0.134000000000,0.209400000000,0.199700000000,0.220200000000,0.216600000000,0.128300000000,0.133600000000,0.251900000000,0.261700000000,0.190800000000,0.145900000000,0.135100000000,0.134100000000,0.209500000000,0.199800000000,0.219900000000,0.216700000000,0.128300000000,0.133700000000,0.252000000000,0.261700000000,0.190900000000,0.192100000000,800.6285818599999
baseline,56,65.051282,15.438746,1.0,65.05,15.44,803.173110404,0,,0.136900000000,0.136600000000,0.212400000000,0.201500000000,0.238200000000,0.235500000000,0.129800000000,0.138300000000,0.256100000000,0.262000000000,0.190900000000,0.192300000000,0.187100000000,0.136900000000,0.212300000000,0.201400000000,0.238800000000,0.235500000000,0.129000000000,0.138200000000,0.255700000000,0.261900000000,0.189300000000,0.191100000000,0.187000000000,0.181700000000,0.212200000000,0.201300000000,0.239000000000,0.236000000000,0.130000000000,0.138200000000,0.255700000000,0.261700000000,0.186900000000,0.188800000000,0.187200000000,0.181900000000,0.143000000000,0.201600000000,0.239400000000,0.236500000000,0.130100000000,0.138200000000,0.255900000000,0.262000000000,0.185700000000,0.187300000000,0.187200000000,0.182200000000,0.143200000000,0.146300000000,0.239400000000,0.236700000000,0.130300000000,0.138400000000,0.256100000000,0.262100000000,0.184600000000,0.186400000000,0.187200000000,0.182200000000,0.143300000000,0.146400000000,0.138400000000,0.235800000000,0.129400000000,0.137000000000,0.255500000000,0.261300000000,0.184000000000,0.185700000000,0.186700000000,0.182200000000,0.143000000000,0.146100000000,0.138000000000,0.136600000000,0.128600000000,0.135000000000,0.252700000000,0.261100000000,0.183200000000,0.185000000000,0.186600000000,0.182000000000,0.143200000000,0.146200000000,0.137900000000,0.136300000000,0.211600000000,0.134100000000,0.252300000000,0.261100000000,0.183000000000,0.185100000000,0.187100000000,0.182000000000,0.143100000000,0.146200000000,0.138000000000,0.136500000000,0.211700000000,0.200400000000,0.251600000000,0.261100000000,0.182200000000,0.184300000000,0.186600000000,0.182000000000,0.143000000000,0.146000000000,0.138200000000,0.136700000000,0.211800000000,0.200500000000,0.239700000000,0.261200000000,0.182100000000,0.183800000000,0.186500000000,0.181800000000,0.143100000000,0.146000000000,0.138900000000,0.137300000000,0.212000000000,0.200800000000,0.240100000000,0.236600000000,0.181900000000,0.183800000000,0.186700000000,0.182200000000,0.143800000000,0.146900000000,0.139900000000,0.137600000000,0.211800000000,0.200800000000,0.240000000000,0.236300000000,0.128700000000,0.183500000000,0.186700000000,0.182000000000,0.143700000000,0.146500000000,0.139300000000,0.137600000000,0.211900000000,0.200700000000,0.239900000000,0.236600000000,0.129600000000,0.135900000000,0.186500000000,0.181900000000,0.143800000000,0.146300000000,0.139000000000,0.137200000000,0.211900000000,0.200800000000,0.239900000000,0.236600000000,0.129100000000,0.135000000000,0.252600000000,0.182000000000,0.143500000000,0.146400000000,0.138800000000,0.137000000000,0.211800000000,0.200800000000,0.239700000000,0.236200000000,0.128800000000,0.134800000000,0.252500000000,0.261500000000,0.143500000000,0.146500000000,0.138800000000,0.136700000000,0.211700000000,0.200900000000,0.239800000000,0.236600000000,0.128900000000,0.134000000000,0.251500000000,0.261200000000,0.180900000000,0.146200000000,0.138700000000,0.136400000000,0.211600000000,0.200700000000,0.239900000000,0.236100000000,0.128300000000,0.133700000000,0.251200000000,0.261200000000,0.181000000000,0.182800000000,803.227572621
contact,56,65.051282,15.438746,1.0,65.05,15.44,803.173110404,1.1304,810.5529447540002,0.134800000000,0.132700000000,0.191900000000,0.180200000000,0.243500000000,0.239500000000,0.130000000000,0.134600000000,0.248100000000,0.257300000000,0.178800000000,0.180800000000,0.184400000000,0.132900000000,0.191900000000,0.180200000000,0.243300000000,0.239500000000,0.129900000000,0.134700000000,0.248100000000,0.257300000000,0.178600000000,0.180800000000,0.184400000000,0.180400000000,0.191900000000,0.180200000000,0.243000000000,0.238800000000,0.130000000000,0.134700000000,0.248200000000,0.257300000000,0.178600000000,0.180800000000,0.184400000000,0.180400000000,0.141300000000,0.180200000000,0.243000000000,0.239000000000,0.129900000000,0.134700000000,0.248200000000,0.257300000000,0.178600000000,0.180700000000,0.184300000000,0.180400000000,0.141400000000,0.144300000000,0.242700000000,0.239000000000,0.129900000000,0.134600000000,0.248100000000,0.257300000000,0.178600000000,0.180800000000,0.184300000000,0.180400000000,0.141400000000,0.144200000000,0.134800000000,0.238900000000,0.129900000000,0.134600000000,0.248200000000,0.257200000000,0.178600000000,0.180800000000,0.184400000000,0.180400000000,0.141500000000,0.144200000000,0.134600000000,0.132800000000,0.129900000000,0.134600000000,0.248200000000,0.257300000000,0.178700000000,0.180700000000,0.184300000000,0.180500000000,0.141400000000,0.144200000000,0.134800000000,0.132700000000,0.191900000000,0.134600000000,0.248200000000,0.257300000000,0.178500000000,0.180800000000,0.184200000000,0.180500000000,0.141300000000,0.144200000000,0.134700000000,0.132700000000,0.191900000000,0.180100000000,0.248200000000,0.257300000000,0.178600000000,0.180800000000,0.184300000000,0.180300000000,0.141400000000,0.144200000000,0.134800000000,0.132700000000,0.191700000000,0.180000000000,0.243000000000,0.257300000000,0.178600000000,0.180800000000,0.184100000000,0.180400000000,0.141400000000,0.144300000000,0.134800000000,0.132700000000,0.191800000000,0.180000000000,0.243300000000,0.239200000000,0.178700000000,0.180800000000,0.184200000000,0.180300000000,0.141600000000,0.144200000000,0.134700000000,0.132700000000,0.191700000000,0.179900000000,0.243200000000,0.239300000000,0.129800000000,0.180900000000,0.184200000000,0.180400000000,0.141400000000,0.144200000000,0.134800000000,0.132800000000,0.191700000000,0.179900000000,0.243200000000,0.239300000000,0.129900000000,0.134500000000,0.184200000000,0.180300000000,0.141400000000,0.144200000000,0.134700000000,0.132800000000,0.191600000000,0.179800000000,0.243000000000,0.239300000000,0.129800000000,0.134500000000,0.248100000000,0.180300000000,0.141300000000,0.144100000000,0.134700000000,0.132800000000,0.191800000000,0.180000000000,0.243100000000,0.239200000000,0.129700000000,0.134500000000,0.248200000000,0.257400000000,0.141400000000,0.144000000000,0.134700000000,0.132900000000,0.191600000000,0.180100000000,0.243200000000,0.239400000000,0.129700000000,0.134500000000,0.248100000000,0.257300000000,0.178600000000,0.144100000000,0.134700000000,0.132600000000,0.192000000000,0.180100000000,0.243300000000,0.239300000000,0.129700000000,0.134400000000,0.248200000000,0.257300000000,0.178700000000,0.180800000000,811.6643374180003
baseline,57,68.333333,15.518519,4.0,68.33,15.52,813.3611893799998,0,,0.134000000000,0.132000000000,0.212300000000,0.201900000000,0.232800000000,0.228700000000,0.129300000000,0.134500000000,0.249300000000,0.259700000000,0.179500000000,0.181600000000,0.185100000000,0.131800000000,0.211900000000,0.201500000000,0.232700000000,0.228800000000,0.129200000000,0.134400000000,0.249100000000,0.259700000000,0.179400000000,0.181400000000,0.185100000000,0.180300000000,0.211800000000,0.201600000000,0.232800000000,0.229200000000,0.129300000000,0.134600000000,0.249600000000,0.259600000000,0.179500000000,0.181500000000,0.185200000000,0.180300000000,0.140400000000,0.201900000000,0.232900000000,0.229000000000,0.129600000000,0.135000000000,0.249800000000,0.259900000000,0.179700000000,0.181600000000,0.185100000000,0.180300000000,0.140400000000,0.143000000000,0.232300000000,0.228800000000,0.129600000000,0.135000000000,0.249800000000,0.259900000000,0.179700000000,0.181600000000,0.185200000000,0.180300000000,0.140300000000,0.142900000000,0.134100000000,0.228400000000,0.129700000000,0.134900000000,0.249700000000,0.259700000000,0.179500000000,0.181600000000,0.185200000000,0.180300000000,0.140400000000,0.142900000000,0.134100000000,0.132000000000,0.129500000000,0.134900000000,0.249700000000,0.259800000000,0.179600000000,0.181600000000,0.185200000000,0.180400000000,0.140200000000,0.142900000000,0.134100000000,0.131800000000,0.211900000000,0.134800000000,0.249600000000,0.259800000000,0.179700000000,0.181700000000,0.185200000000,0.180400000000,0.140300000000,0.142800000000,0.134000000000,0.132000000000,0.212000000000,0.201500000000,0.249700000000,0.259700000000,0.179600000000,0.181600000000,0.185300000000,0.180400000000,0.140300000000,0.142900000000,0.134100000000,0.132000000000,0.212200000000,0.201800000000,0.233000000000,0.259700000000,0.179600000000,0.181600000000,0.185200000000,0.180400000000,0.140200000000,0.142900000000,0.134100000000,0.131900000000,0.211700000000,0.201500000000,0.233300000000,0.229300000000,0.179700000000,0.181700000000,0.185500000000,0.180400000000,0.140300000000,0.142900000000,0.134100000000,0.132200000000,0.211900000000,0.201600000000,0.233500000000,0.230100000000,0.130200000000,0.181800000000,0.185400000000,0.180300000000,0.140400000000,0.142900000000,0.134100000000,0.132100000000,0.211900000000,0.201600000000,0.233500000000,0.230300000000,0.130300000000,0.137200000000,0.185600000000,0.180500000000,0.140100000000,0.142700000000,0.134200000000,0.131900000000,0.211600000000,0.201000000000,0.232400000000,0.229300000000,0.129300000000,0.134800000000,0.249700000000,0.180400000000,0.140200000000,0.142800000000,0.134000000000,0.131900000000,0.211500000000,0.201000000000,0.233000000000,0.229000000000,0.129200000000,0.134900000000,0.249700000000,0.259600000000,0.140300000000,0.142700000000,0.134100000000,0.132000000000,0.211600000000,0.201100000000,0.232400000000,0.228500000000,0.129300000000,0.134700000000,0.249600000000,0.259600000000,0.179500000000,0.142800000000,0.134000000000,0.131900000000,0.211700000000,0.201400000000,0.231900000000,0.228400000000,0.129400000000,0.134600000000,0.249700000000,0.259600000000,0.179500000000,0.181600000000,813.3949433609996
contact,57,68.333333,15.518519,4.0,68.33,15.52,813.3611893799998,4.4483,824.5859548769995,0.133100000000,0.131800000000,0.190000000000,0.178200000000,0.246700000000,0.243000000000,0.132200000000,0.137500000000,0.249600000000,0.256700000000,0.178500000000,0.180700000000,0.182600000000,0.131900000000,0.189800000000,0.178100000000,0.246400000000,0.242900000000,0.132200000000,0.137400000000,0.249800000000,0.256500000000,0.178500000000,0.180500000000,0.182400000000,0.178800000000,0.189900000000,0.178300000000,0.246600000000,0.243000000000,0.132100000000,0.137500000000,0.249700000000,0.256600000000,0.178600000000,0.180600000000,0.182600000000,0.178800000000,0.142100000000,0.178100000000,0.246000000000,0.242400000000,0.132100000000,0.137500000000,0.249700000000,0.256700000000,0.178200000000,0.180500000000,0.182600000000,0.178700000000,0.142200000000,0.144900000000,0.246200000000,0.242700000000,0.132200000000,0.137500000000,0.249700000000,0.256600000000,0.178400000000,0.180400000000,0.182600000000,0.178800000000,0.142200000000,0.144900000000,0.133200000000,0.242600000000,0.132000000000,0.137500000000,0.249800000000,0.256800000000,0.178600000000,0.180600000000,0.182700000000,0.178800000000,0.142100000000,0.144900000000,0.133100000000,0.131900000000,0.132100000000,0.137400000000,0.249700000000,0.256700000000,0.178200000000,0.180600000000,0.182400000000,0.178800000000,0.142100000000,0.144800000000,0.133100000000,0.131800000000,0.189800000000,0.137600000000,0.249700000000,0.256900000000,0.178400000000,0.180400000000,0.182500000000,0.178900000000,0.142200000000,0.144900000000,0.133100000000,0.131900000000,0.189700000000,0.178200000000,0.249500000000,0.256600000000,0.178600000000,0.180600000000,0.182800000000,0.178800000000,0.142300000000,0.144900000000,0.133100000000,0.131900000000,0.189900000000,0.178200000000,0.246300000000,0.256700000000,0.178400000000,0.180500000000,0.182600000000,0.179000000000,0.142200000000,0.144900000000,0.133200000000,0.131800000000,0.189800000000,0.178000000000,0.246100000000,0.242400000000,0.178500000000,0.180600000000,0.182600000000,0.178700000000,0.142100000000,0.144900000000,0.133200000000,0.131800000000,0.189700000000,0.177900000000,0.245900000000,0.243300000000,0.131800000000,0.180700000000,0.182500000000,0.178700000000,0.142200000000,0.144900000000,0.133100000000,0.131800000000,0.189500000000,0.177700000000,0.247000000000,0.243600000000,0.131900000000,0.136900000000,0.182400000000,0.178800000000,0.142100000000,0.144900000000,0.133100000000,0.131700000000,0.189600000000,0.177800000000,0.246900000000,0.243500000000,0.131600000000,0.136900000000,0.249000000000,0.178900000000,0.142200000000,0.144900000000,0.133100000000,0.131700000000,0.189500000000,0.177700000000,0.247100000000,0.243200000000,0.131500000000,0.136800000000,0.249000000000,0.256500000000,0.142000000000,0.144900000000,0.133200000000,0.131800000000,0.189400000000,0.177600000000,0.246400000000,0.241900000000,0.131700000000,0.136500000000,0.248900000000,0.256600000000,0.178200000000,0.144800000000,0.133200000000,0.131700000000,0.189300000000,0.177600000000,0.245600000000,0.242000000000,0.131800000000,0.136500000000,0.248700000000,0.256400000000,0.178500000000,0.180600000000,825.7287780659999
baseline,58,50.282051,22.988604,1.0,50.28,22.99,828.7414333950001,0,,0.132900000000,0.132700000000,0.212100000000,0.202100000000,0.215400000000,0.212300000000,0.130900000000,0.137900000000,0.251200000000,0.259100000000,0.179600000000,0.181400000000,0.183800000000,0.132700000000,0.212100000000,0.201900000000,0.215500000000,0.211600000000,0.130500000000,0.137900000000,0.251100000000,0.259200000000,0.179600000000,0.181500000000,0.183700000000,0.178900000000,0.211900000000,0.202000000000,0.215500000000,0.212400000000,0.130800000000,0.137800000000,0.249300000000,0.258800000000,0.179400000000,0.181200000000,0.183300000000,0.179000000000,0.139300000000,0.202100000000,0.215500000000,0.212200000000,0.130800000000,0.137800000000,0.251300000000,0.259100000000,0.179600000000,0.181600000000,0.183700000000,0.179000000000,0.139400000000,0.142100000000,0.215700000000,0.212400000000,0.131000000000,0.138100000000,0.251200000000,0.259100000000,0.179800000000,0.181500000000,0.183700000000,0.179100000000,0.139300000000,0.142200000000,0.132800000000,0.212100000000,0.130900000000,0.138000000000,0.251300000000,0.259100000000,0.179600000000,0.181500000000,0.183600000000,0.178900000000,0.139300000000,0.142200000000,0.132700000000,0.132600000000,0.131500000000,0.138000000000,0.251300000000,0.259000000000,0.179700000000,0.181400000000,0.183800000000,0.178900000000,0.139400000000,0.142000000000,0.132700000000,0.132500000000,0.212100000000,0.138000000000,0.251400000000,0.259100000000,0.179600000000,0.181400000000,0.183700000000,0.178900000000,0.139200000000,0.142100000000,0.132600000000,0.132500000000,0.212000000000,0.201900000000,0.248600000000,0.258700000000,0.179400000000,0.181200000000,0.183600000000,0.178800000000,0.139300000000,0.142100000000,0.133000000000,0.132900000000,0.212000000000,0.202300000000,0.215700000000,0.259000000000,0.179500000000,0.181500000000,0.183700000000,0.178800000000,0.139300000000,0.142100000000,0.133100000000,0.132900000000,0.212000000000,0.202200000000,0.215600000000,0.212500000000,0.179500000000,0.181400000000,0.183700000000,0.179000000000,0.139300000000,0.142300000000,0.133100000000,0.132800000000,0.211700000000,0.201600000000,0.215400000000,0.212300000000,0.130700000000,0.181400000000,0.183600000000,0.178900000000,0.139400000000,0.142100000000,0.133200000000,0.133100000000,0.211700000000,0.201800000000,0.215600000000,0.212500000000,0.130600000000,0.137900000000,0.183400000000,0.178900000000,0.139700000000,0.142400000000,0.133400000000,0.133300000000,0.211600000000,0.201600000000,0.215500000000,0.212400000000,0.130700000000,0.137600000000,0.251100000000,0.179000000000,0.139700000000,0.142400000000,0.133500000000,0.133000000000,0.211400000000,0.201000000000,0.215100000000,0.211400000000,0.129500000000,0.134800000000,0.248500000000,0.258800000000,0.139600000000,0.142500000000,0.133400000000,0.133200000000,0.211400000000,0.201300000000,0.215300000000,0.211600000000,0.129700000000,0.135100000000,0.249200000000,0.258400000000,0.178800000000,0.142300000000,0.133200000000,0.132700000000,0.211200000000,0.200900000000,0.215000000000,0.211100000000,0.129200000000,0.134400000000,0.248000000000,0.258400000000,0.178700000000,0.180900000000,828.7583686899998
contact,58,50.282051,22.988604,1.0,50.28,22.99,828.7414333950001,1.4711,837.6368605400003,0.132400000000,0.130000000000,0.211800000000,0.201500000000,0.216500000000,0.213300000000,0.129100000000,0.136200000000,0.250500000000,0.258100000000,0.178000000000,0.180000000000,0.183000000000,0.130200000000,0.212000000000,0.201800000000,0.216400000000,0.213300000000,0.129100000000,0.136200000000,0.250500000000,0.258200000000,0.177800000000,0.179900000000,0.182800000000,0.178500000000,0.212100000000,0.201800000000,0.216400000000,0.213200000000,0.129100000000,0.136200000000,0.250500000000,0.258200000000,0.177900000000,0.179900000000,0.183000000000,0.178600000000,0.144800000000,0.201700000000,0.216400000000,0.213200000000,0.129100000000,0.136200000000,0.250400000000,0.258100000000,0.177900000000,0.179900000000,0.183000000000,0.178600000000,0.145100000000,0.147600000000,0.216400000000,0.213300000000,0.129100000000,0.136300000000,0.250400000000,0.258200000000,0.177800000000,0.180000000000,0.183000000000,0.178600000000,0.145000000000,0.147600000000,0.132500000000,0.213200000000,0.129100000000,0.136300000000,0.250500000000,0.258000000000,0.177900000000,0.179900000000,0.183000000000,0.178500000000,0.144800000000,0.147400000000,0.132500000000,0.130300000000,0.129100000000,0.136100000000,0.250500000000,0.258100000000,0.177900000000,0.179900000000,0.182900000000,0.178500000000,0.144800000000,0.147300000000,0.132400000000,0.130200000000,0.211900000000,0.136200000000,0.250500000000,0.258100000000,0.177800000000,0.179900000000,0.183000000000,0.178500000000,0.144800000000,0.147400000000,0.132300000000,0.130300000000,0.211900000000,0.201500000000,0.250500000000,0.258000000000,0.177900000000,0.179900000000,0.182900000000,0.178600000000,0.144800000000,0.147600000000,0.132300000000,0.130300000000,0.211800000000,0.201500000000,0.216400000000,0.258000000000,0.177900000000,0.180000000000,0.182900000000,0.178600000000,0.144900000000,0.147500000000,0.132500000000,0.130200000000,0.212000000000,0.201700000000,0.216400000000,0.213100000000,0.177900000000,0.179900000000,0.182900000000,0.178600000000,0.144900000000,0.147500000000,0.132200000000,0.130200000000,0.211900000000,0.201600000000,0.216400000000,0.213200000000,0.129000000000,0.179800000000,0.183000000000,0.178500000000,0.144800000000,0.147600000000,0.132600000000,0.130300000000,0.211800000000,0.201600000000,0.216400000000,0.213300000000,0.129000000000,0.136100000000,0.183000000000,0.178600000000,0.144900000000,0.147600000000,0.132400000000,0.130100000000,0.211800000000,0.201500000000,0.216500000000,0.213200000000,0.129100000000,0.136300000000,0.250400000000,0.178600000000,0.144800000000,0.147500000000,0.132200000000,0.130400000000,0.211800000000,0.201500000000,0.216200000000,0.213100000000,0.129000000000,0.136300000000,0.250500000000,0.258100000000,0.145000000000,0.147500000000,0.132300000000,0.130200000000,0.211800000000,0.201400000000,0.216200000000,0.213000000000,0.129000000000,0.136200000000,0.250400000000,0.258000000000,0.177900000000,0.147500000000,0.132300000000,0.130200000000,0.211600000000,0.201300000000,0.216200000000,0.213100000000,0.129000000000,0.136200000000,0.250400000000,0.258100000000,0.177900000000,0.180000000000,838.7106932799998
baseline,59,111.0,15.0,1.0,111.0,15.0,844.800267863,0,,0.136300000000,0.134600000000,0.210400000000,0.200800000000,0.282700000000,0.280600000000,0.131000000000,0.139100000000,0.252900000000,0.258600000000,0.178400000000,0.180100000000,0.182700000000,0.134500000000,0.210500000000,0.200900000000,0.284200000000,0.281100000000,0.130800000000,0.139400000000,0.253100000000,0.258600000000,0.178300000000,0.180100000000,0.182700000000,0.178100000000,0.210500000000,0.200800000000,0.283400000000,0.281100000000,0.130800000000,0.139400000000,0.253000000000,0.258600000000,0.178400000000,0.180200000000,0.182700000000,0.178000000000,0.139600000000,0.200800000000,0.284300000000,0.281500000000,0.130800000000,0.139400000000,0.253000000000,0.258600000000,0.178400000000,0.180100000000,0.182700000000,0.178000000000,0.139700000000,0.142400000000,0.283900000000,0.279500000000,0.130800000000,0.139400000000,0.252900000000,0.258600000000,0.178300000000,0.180000000000,0.182600000000,0.178000000000,0.139800000000,0.142400000000,0.136600000000,0.279800000000,0.130700000000,0.139400000000,0.253100000000,0.258500000000,0.178300000000,0.180100000000,0.182600000000,0.178000000000,0.139700000000,0.142500000000,0.136400000000,0.134500000000,0.130800000000,0.139400000000,0.253000000000,0.258500000000,0.178400000000,0.180100000000,0.182600000000,0.178100000000,0.139700000000,0.142400000000,0.136400000000,0.134400000000,0.210500000000,0.139300000000,0.253000000000,0.258500000000,0.178400000000,0.180100000000,0.182600000000,0.178000000000,0.139700000000,0.142400000000,0.136400000000,0.134400000000,0.210400000000,0.200800000000,0.252900000000,0.258600000000,0.178400000000,0.180000000000,0.182700000000,0.178000000000,0.139600000000,0.142300000000,0.136400000000,0.134300000000,0.210300000000,0.200800000000,0.282000000000,0.258600000000,0.178300000000,0.180000000000,0.182700000000,0.178000000000,0.139700000000,0.142400000000,0.136300000000,0.134500000000,0.210400000000,0.200900000000,0.282200000000,0.279500000000,0.178300000000,0.180100000000,0.182600000000,0.178000000000,0.139600000000,0.142400000000,0.136300000000,0.134300000000,0.210400000000,0.200900000000,0.282800000000,0.280200000000,0.130800000000,0.180100000000,0.182700000000,0.178100000000,0.139600000000,0.142400000000,0.136500000000,0.134400000000,0.210500000000,0.200800000000,0.283300000000,0.280800000000,0.130600000000,0.139300000000,0.182700000000,0.178100000000,0.139500000000,0.142300000000,0.136400000000,0.134500000000,0.210400000000,0.201000000000,0.284000000000,0.281400000000,0.130600000000,0.139200000000,0.253000000000,0.178100000000,0.139700000000,0.142300000000,0.136500000000,0.134500000000,0.210400000000,0.200800000000,0.283900000000,0.280800000000,0.130600000000,0.139300000000,0.252900000000,0.258600000000,0.139700000000,0.142300000000,0.136500000000,0.134400000000,0.210300000000,0.200800000000,0.283600000000,0.281100000000,0.130700000000,0.139300000000,0.252800000000,0.258600000000,0.178400000000,0.142400000000,0.136400000000,0.134400000000,0.210300000000,0.200700000000,0.283500000000,0.280600000000,0.130700000000,0.139300000000,0.252900000000,0.258500000000,0.178400000000,0.180100000000,844.9851879389998
contact,59,111.0,15.0,1.0,111.0,15.0,844.800267863,1.061,851.2056082319996,0.133400000000,0.132300000000,0.209000000000,0.199600000000,0.281800000000,0.279100000000,0.131100000000,0.140500000000,0.255900000000,0.259900000000,0.145200000000,0.144700000000,0.193700000000,0.132300000000,0.208900000000,0.199800000000,0.281800000000,0.279700000000,0.131000000000,0.140600000000,0.255900000000,0.259900000000,0.145300000000,0.144700000000,0.193600000000,0.189800000000,0.208900000000,0.199800000000,0.281900000000,0.279600000000,0.131200000000,0.140500000000,0.256000000000,0.259800000000,0.145300000000,0.144700000000,0.193700000000,0.189800000000,0.138500000000,0.199800000000,0.282100000000,0.279700000000,0.131200000000,0.140600000000,0.255900000000,0.260000000000,0.145200000000,0.144700000000,0.193700000000,0.189800000000,0.138600000000,0.141200000000,0.282000000000,0.279700000000,0.131300000000,0.140600000000,0.256200000000,0.259900000000,0.145300000000,0.144600000000,0.193600000000,0.189800000000,0.138600000000,0.141200000000,0.133500000000,0.280300000000,0.131300000000,0.140900000000,0.256300000000,0.260000000000,0.145300000000,0.144500000000,0.193800000000,0.189800000000,0.138600000000,0.141400000000,0.133500000000,0.132200000000,0.131300000000,0.140700000000,0.256200000000,0.260000000000,0.145200000000,0.144500000000,0.193600000000,0.189800000000,0.138700000000,0.141300000000,0.133400000000,0.132400000000,0.209100000000,0.140900000000,0.256300000000,0.259900000000,0.145200000000,0.144600000000,0.193600000000,0.189700000000,0.138500000000,0.141100000000,0.133500000000,0.132400000000,0.209000000000,0.199800000000,0.256100000000,0.259900000000,0.145000000000,0.144500000000,0.193500000000,0.189700000000,0.138700000000,0.141200000000,0.133500000000,0.132400000000,0.209000000000,0.199800000000,0.282300000000,0.259900000000,0.145100000000,0.144400000000,0.193500000000,0.189700000000,0.138500000000,0.141200000000,0.133400000000,0.132400000000,0.209000000000,0.199800000000,0.282100000000,0.278900000000,0.144900000000,0.144200000000,0.193500000000,0.189700000000,0.138600000000,0.141200000000,0.133400000000,0.132300000000,0.209100000000,0.199800000000,0.281300000000,0.279400000000,0.131400000000,0.144300000000,0.193600000000,0.189800000000,0.138600000000,0.141300000000,0.133400000000,0.132400000000,0.209000000000,0.199900000000,0.281100000000,0.278600000000,0.131400000000,0.140900000000,0.193500000000,0.189600000000,0.138600000000,0.141200000000,0.133400000000,0.132400000000,0.209000000000,0.199800000000,0.281100000000,0.278900000000,0.131400000000,0.141000000000,0.256400000000,0.189600000000,0.138700000000,0.141200000000,0.133400000000,0.132400000000,0.209000000000,0.199800000000,0.281000000000,0.278700000000,0.131400000000,0.141000000000,0.256400000000,0.259900000000,0.138400000000,0.141100000000,0.133500000000,0.132300000000,0.209000000000,0.199900000000,0.281200000000,0.279100000000,0.131300000000,0.141100000000,0.256500000000,0.260000000000,0.144900000000,0.141200000000,0.133400000000,0.132400000000,0.209100000000,0.199800000000,0.281300000000,0.279300000000,0.131500000000,0.141100000000,0.256400000000,0.260000000000,0.144800000000,0.144100000000,852.3425722820002
baseline,60,47.0,17.0,2.0,47.0,17.0,858.5713071210002,0,,0.132300000000,0.130600000000,0.207100000000,0.197000000000,0.266500000000,0.263200000000,0.128400000000,0.134800000000,0.250000000000,0.259400000000,0.187400000000,0.189200000000,0.185000000000,0.130500000000,0.207100000000,0.197000000000,0.266300000000,0.262900000000,0.128400000000,0.134700000000,0.250100000000,0.259300000000,0.187500000000,0.189200000000,0.185000000000,0.178500000000,0.207100000000,0.197000000000,0.266300000000,0.262500000000,0.128500000000,0.134700000000,0.250100000000,0.259500000000,0.187500000000,0.189200000000,0.185100000000,0.178600000000,0.138100000000,0.197100000000,0.265800000000,0.262200000000,0.128400000000,0.135000000000,0.252200000000,0.259700000000,0.187800000000,0.189300000000,0.185100000000,0.178500000000,0.138100000000,0.140500000000,0.265400000000,0.261300000000,0.128300000000,0.134400000000,0.249800000000,0.259300000000,0.187600000000,0.189300000000,0.185000000000,0.178600000000,0.138200000000,0.140600000000,0.132200000000,0.261700000000,0.128400000000,0.134400000000,0.249800000000,0.259400000000,0.187700000000,0.189300000000,0.185000000000,0.178500000000,0.138000000000,0.140600000000,0.132200000000,0.130300000000,0.128300000000,0.134500000000,0.249700000000,0.259400000000,0.187500000000,0.189200000000,0.185000000000,0.178500000000,0.138000000000,0.140500000000,0.132200000000,0.130300000000,0.206900000000,0.134400000000,0.249700000000,0.259400000000,0.187300000000,0.189000000000,0.185000000000,0.178400000000,0.138000000000,0.140600000000,0.132200000000,0.130300000000,0.207100000000,0.197000000000,0.251700000000,0.259900000000,0.187400000000,0.189100000000,0.185000000000,0.178500000000,0.138000000000,0.140400000000,0.132100000000,0.130500000000,0.207100000000,0.197000000000,0.265200000000,0.259400000000,0.187500000000,0.189000000000,0.184900000000,0.178500000000,0.138000000000,0.140600000000,0.132200000000,0.130300000000,0.207000000000,0.197000000000,0.264600000000,0.261600000000,0.187400000000,0.189100000000,0.184900000000,0.178600000000,0.137900000000,0.140500000000,0.132200000000,0.130400000000,0.207000000000,0.196900000000,0.264900000000,0.260800000000,0.128400000000,0.188900000000,0.185000000000,0.178400000000,0.138000000000,0.140600000000,0.132200000000,0.130400000000,0.207000000000,0.197000000000,0.264500000000,0.261300000000,0.128400000000,0.134700000000,0.184900000000,0.178400000000,0.138000000000,0.140500000000,0.132200000000,0.130400000000,0.207000000000,0.197000000000,0.264500000000,0.261300000000,0.128500000000,0.134600000000,0.250100000000,0.178500000000,0.138100000000,0.140600000000,0.132200000000,0.130300000000,0.207000000000,0.197000000000,0.264900000000,0.261200000000,0.128500000000,0.134700000000,0.249900000000,0.259300000000,0.137900000000,0.140600000000,0.132200000000,0.130400000000,0.207000000000,0.197000000000,0.264700000000,0.261800000000,0.128400000000,0.134600000000,0.250000000000,0.259300000000,0.187200000000,0.140500000000,0.132200000000,0.130400000000,0.207000000000,0.196900000000,0.265600000000,0.262000000000,0.128400000000,0.134800000000,0.250000000000,0.259300000000,0.187300000000,0.188900000000,858.6181730830003
contact,60,47.0,17.0,2.0,47.0,17.0,858.5713071210002,2.3197,867.748989916,0.132200000000,0.130000000000,0.222100000000,0.212900000000,0.262100000000,0.259100000000,0.131600000000,0.137700000000,0.251000000000,0.260500000000,0.184500000000,0.186700000000,0.185600000000,0.130200000000,0.222100000000,0.212900000000,0.262400000000,0.259100000000,0.131700000000,0.137800000000,0.251100000000,0.260500000000,0.184500000000,0.186600000000,0.185600000000,0.179400000000,0.222100000000,0.212800000000,0.262700000000,0.259200000000,0.131700000000,0.137800000000,0.251000000000,0.260500000000,0.184500000000,0.186600000000,0.185600000000,0.179600000000,0.153300000000,0.212900000000,0.262300000000,0.259100000000,0.131700000000,0.137800000000,0.251100000000,0.260600000000,0.184500000000,0.186600000000,0.185700000000,0.179600000000,0.152900000000,0.155900000000,0.262500000000,0.259100000000,0.131600000000,0.137700000000,0.251100000000,0.260500000000,0.184400000000,0.186600000000,0.185700000000,0.179600000000,0.153100000000,0.155900000000,0.132200000000,0.258900000000,0.131600000000,0.137900000000,0.251000000000,0.260500000000,0.184600000000,0.186700000000,0.185700000000,0.179500000000,0.153100000000,0.155900000000,0.132000000000,0.130100000000,0.131800000000,0.137900000000,0.251100000000,0.260500000000,0.184500000000,0.186600000000,0.185600000000,0.179500000000,0.153300000000,0.155800000000,0.132100000000,0.130200000000,0.222100000000,0.137800000000,0.251100000000,0.260600000000,0.184600000000,0.186700000000,0.185600000000,0.179500000000,0.153000000000,0.155900000000,0.132200000000,0.130000000000,0.222200000000,0.213000000000,0.251000000000,0.260500000000,0.184500000000,0.186800000000,0.185600000000,0.179400000000,0.153100000000,0.155900000000,0.132200000000,0.130100000000,0.222100000000,0.213000000000,0.261800000000,0.260500000000,0.184600000000,0.186700000000,0.185600000000,0.179500000000,0.153300000000,0.155900000000,0.132100000000,0.130100000000,0.222100000000,0.213000000000,0.261500000000,0.258300000000,0.184500000000,0.186700000000,0.185600000000,0.179400000000,0.153200000000,0.155900000000,0.131900000000,0.130000000000,0.222200000000,0.213000000000,0.261800000000,0.258800000000,0.131600000000,0.186700000000,0.185600000000,0.179300000000,0.153000000000,0.155900000000,0.132000000000,0.130000000000,0.222000000000,0.212800000000,0.262100000000,0.258800000000,0.131600000000,0.137800000000,0.185600000000,0.179400000000,0.153200000000,0.155800000000,0.132000000000,0.130100000000,0.222000000000,0.212900000000,0.261900000000,0.258300000000,0.131700000000,0.137900000000,0.251000000000,0.179500000000,0.153000000000,0.155700000000,0.132000000000,0.130100000000,0.222000000000,0.212800000000,0.261700000000,0.258500000000,0.131800000000,0.137900000000,0.251100000000,0.260500000000,0.153200000000,0.155800000000,0.132100000000,0.130300000000,0.222000000000,0.212700000000,0.262200000000,0.259000000000,0.131800000000,0.137900000000,0.251000000000,0.260500000000,0.184600000000,0.155900000000,0.132100000000,0.130100000000,0.222100000000,0.212900000000,0.262200000000,0.259000000000,0.131600000000,0.137700000000,0.251200000000,0.260500000000,0.184600000000,0.186700000000,868.7883417399999
baseline,61,76.538462,26.487179,3.0,76.54,26.49,872.6090079209998,0,,0.138800000000,0.140300000000,0.210000000000,0.200100000000,0.256500000000,0.253600000000,0.129300000000,0.134700000000,0.248900000000,0.258400000000,0.204500000000,0.207000000000,0.184100000000,0.140300000000,0.210000000000,0.199800000000,0.256600000000,0.253300000000,0.128400000000,0.133000000000,0.247300000000,0.258200000000,0.204500000000,0.207100000000,0.184400000000,0.178700000000,0.210400000000,0.200900000000,0.258700000000,0.254900000000,0.129300000000,0.134300000000,0.248300000000,0.258300000000,0.204300000000,0.206900000000,0.184100000000,0.178700000000,0.140100000000,0.200300000000,0.258000000000,0.255000000000,0.129100000000,0.135000000000,0.249400000000,0.258300000000,0.204300000000,0.207000000000,0.184100000000,0.178400000000,0.140000000000,0.142600000000,0.258200000000,0.254800000000,0.129100000000,0.134400000000,0.248400000000,0.258200000000,0.204100000000,0.206700000000,0.183900000000,0.178400000000,0.139700000000,0.142600000000,0.138800000000,0.254200000000,0.129700000000,0.135200000000,0.249300000000,0.258400000000,0.204100000000,0.206800000000,0.184200000000,0.178500000000,0.139900000000,0.142800000000,0.139000000000,0.140600000000,0.130000000000,0.135900000000,0.249700000000,0.258500000000,0.204300000000,0.206900000000,0.184300000000,0.178500000000,0.139900000000,0.142800000000,0.139100000000,0.140700000000,0.210500000000,0.135100000000,0.248700000000,0.258400000000,0.203800000000,0.206500000000,0.184200000000,0.178500000000,0.139900000000,0.143000000000,0.139200000000,0.140700000000,0.210300000000,0.200300000000,0.248900000000,0.258400000000,0.203600000000,0.205900000000,0.184300000000,0.178400000000,0.140000000000,0.142900000000,0.139200000000,0.140700000000,0.210200000000,0.200600000000,0.260900000000,0.258300000000,0.200300000000,0.202400000000,0.184300000000,0.178500000000,0.140000000000,0.142800000000,0.139200000000,0.140600000000,0.210200000000,0.200600000000,0.260600000000,0.256200000000,0.196400000000,0.198600000000,0.184200000000,0.178400000000,0.140000000000,0.143000000000,0.139500000000,0.141000000000,0.210500000000,0.200900000000,0.261600000000,0.257100000000,0.129600000000,0.196900000000,0.184100000000,0.178500000000,0.140000000000,0.142800000000,0.139400000000,0.140700000000,0.210400000000,0.200200000000,0.260600000000,0.255600000000,0.129000000000,0.133100000000,0.183900000000,0.178400000000,0.139900000000,0.142800000000,0.139300000000,0.140300000000,0.210000000000,0.199900000000,0.260800000000,0.257400000000,0.129000000000,0.133500000000,0.247400000000,0.178300000000,0.139900000000,0.142700000000,0.139100000000,0.140300000000,0.209900000000,0.200000000000,0.260100000000,0.258100000000,0.129000000000,0.133600000000,0.247500000000,0.258000000000,0.139900000000,0.142800000000,0.139200000000,0.140400000000,0.209900000000,0.200000000000,0.261900000000,0.258900000000,0.128900000000,0.133500000000,0.247500000000,0.258100000000,0.191400000000,0.142700000000,0.139200000000,0.140400000000,0.210000000000,0.199900000000,0.261900000000,0.257600000000,0.128900000000,0.133600000000,0.247700000000,0.258200000000,0.191100000000,0.193800000000,872.6829735680003
contact,61,76.538462,26.487179,3.0,76.54,26.49,872.6090079209998,3.2458,882.8128833399996,0.136400000000,0.136100000000,0.210500000000,0.202100000000,0.270500000000,0.269100000000,0.126300000000,0.133500000000,0.250500000000,0.258800000000,0.187700000000,0.190200000000,0.183700000000,0.136100000000,0.210500000000,0.202100000000,0.270300000000,0.268600000000,0.126300000000,0.133600000000,0.250500000000,0.258800000000,0.187700000000,0.190200000000,0.183800000000,0.178700000000,0.210500000000,0.202100000000,0.270100000000,0.269100000000,0.126300000000,0.133600000000,0.250600000000,0.258800000000,0.187700000000,0.190200000000,0.183700000000,0.178500000000,0.138800000000,0.202000000000,0.270900000000,0.269500000000,0.126300000000,0.133500000000,0.250400000000,0.258700000000,0.187600000000,0.190300000000,0.183700000000,0.178600000000,0.138700000000,0.141400000000,0.270900000000,0.269400000000,0.126200000000,0.133500000000,0.250500000000,0.258700000000,0.187600000000,0.190200000000,0.183500000000,0.178500000000,0.138800000000,0.141400000000,0.136400000000,0.269600000000,0.126200000000,0.133400000000,0.250500000000,0.258700000000,0.187700000000,0.190300000000,0.183600000000,0.178600000000,0.138900000000,0.141400000000,0.136300000000,0.136100000000,0.126200000000,0.133500000000,0.250500000000,0.258700000000,0.187600000000,0.190200000000,0.183700000000,0.178600000000,0.138800000000,0.141500000000,0.136400000000,0.136200000000,0.210400000000,0.133400000000,0.250600000000,0.258800000000,0.187600000000,0.190200000000,0.183600000000,0.178600000000,0.138800000000,0.141400000000,0.136400000000,0.136100000000,0.210400000000,0.202100000000,0.250500000000,0.258700000000,0.187600000000,0.190200000000,0.183700000000,0.178500000000,0.138700000000,0.141500000000,0.136300000000,0.136100000000,0.210300000000,0.202100000000,0.271100000000,0.258800000000,0.187600000000,0.190200000000,0.183600000000,0.178600000000,0.138800000000,0.141500000000,0.136300000000,0.136100000000,0.210400000000,0.202100000000,0.271000000000,0.269400000000,0.187500000000,0.190100000000,0.183600000000,0.178500000000,0.138700000000,0.141400000000,0.136300000000,0.136100000000,0.210600000000,0.202100000000,0.271100000000,0.269400000000,0.126200000000,0.190100000000,0.183600000000,0.178500000000,0.138800000000,0.141500000000,0.136200000000,0.136100000000,0.210400000000,0.202100000000,0.271100000000,0.270100000000,0.126300000000,0.133500000000,0.183600000000,0.178600000000,0.138800000000,0.141500000000,0.136300000000,0.136000000000,0.210500000000,0.202100000000,0.271000000000,0.270200000000,0.126000000000,0.133400000000,0.250600000000,0.178500000000,0.138700000000,0.141500000000,0.136400000000,0.136100000000,0.210400000000,0.201900000000,0.271500000000,0.270400000000,0.126100000000,0.133300000000,0.250500000000,0.258700000000,0.138800000000,0.141500000000,0.136200000000,0.136100000000,0.210400000000,0.202000000000,0.270800000000,0.269500000000,0.126200000000,0.133400000000,0.250500000000,0.258700000000,0.187500000000,0.141400000000,0.136300000000,0.136000000000,0.210400000000,0.202100000000,0.271100000000,0.269500000000,0.126100000000,0.133300000000,0.250500000000,0.258700000000,0.187500000000,0.190100000000,883.9331352529998
baseline,62,97.871795,24.470085,2.0,97.87,24.47,887.0637749699999,0,,0.135400000000,0.136400000000,0.210000000000,0.200400000000,0.289800000000,0.287400000000,0.132900000000,0.140800000000,0.253000000000,0.258500000000,0.187700000000,0.190200000000,0.183200000000,0.136500000000,0.209900000000,0.200300000000,0.289800000000,0.286900000000,0.132800000000,0.140800000000,0.253000000000,0.258500000000,0.187600000000,0.190200000000,0.183200000000,0.177700000000,0.210000000000,0.200400000000,0.290200000000,0.287600000000,0.132800000000,0.139900000000,0.250500000000,0.258000000000,0.187200000000,0.190000000000,0.182800000000,0.177600000000,0.138200000000,0.199500000000,0.289400000000,0.285600000000,0.131400000000,0.137600000000,0.249900000000,0.258000000000,0.187200000000,0.189900000000,0.182800000000,0.177600000000,0.138100000000,0.140900000000,0.289600000000,0.286100000000,0.131400000000,0.137500000000,0.249900000000,0.258000000000,0.187200000000,0.189900000000,0.182800000000,0.177700000000,0.138200000000,0.140900000000,0.135100000000,0.286600000000,0.131400000000,0.137500000000,0.249900000000,0.258000000000,0.187300000000,0.189800000000,0.182800000000,0.177600000000,0.138100000000,0.140800000000,0.135200000000,0.136200000000,0.131300000000,0.137500000000,0.249800000000,0.258100000000,0.187200000000,0.189900000000,0.182700000000,0.177700000000,0.138200000000,0.140800000000,0.135100000000,0.136000000000,0.209500000000,0.137400000000,0.250000000000,0.258000000000,0.187300000000,0.189800000000,0.182800000000,0.177700000000,0.138100000000,0.140800000000,0.135200000000,0.136000000000,0.209600000000,0.199600000000,0.249800000000,0.257900000000,0.187300000000,0.189900000000,0.182800000000,0.177700000000,0.138100000000,0.140900000000,0.135300000000,0.136100000000,0.209600000000,0.199500000000,0.290400000000,0.257900000000,0.187200000000,0.189800000000,0.182900000000,0.177700000000,0.138100000000,0.140800000000,0.135200000000,0.136100000000,0.209500000000,0.199400000000,0.289800000000,0.286600000000,0.187200000000,0.189900000000,0.182800000000,0.177700000000,0.138000000000,0.140700000000,0.135100000000,0.136000000000,0.209400000000,0.199400000000,0.290100000000,0.285100000000,0.131300000000,0.189800000000,0.182800000000,0.177700000000,0.138100000000,0.140800000000,0.135100000000,0.136000000000,0.209400000000,0.199400000000,0.289900000000,0.285400000000,0.131300000000,0.137400000000,0.182800000000,0.177700000000,0.138000000000,0.140800000000,0.135200000000,0.135900000000,0.209400000000,0.199500000000,0.288600000000,0.284900000000,0.131400000000,0.137400000000,0.249800000000,0.177700000000,0.138000000000,0.140700000000,0.135100000000,0.135900000000,0.209400000000,0.199500000000,0.288600000000,0.285200000000,0.131300000000,0.137300000000,0.249700000000,0.257900000000,0.138100000000,0.140800000000,0.135000000000,0.136000000000,0.209400000000,0.199400000000,0.288600000000,0.285000000000,0.131300000000,0.137400000000,0.249700000000,0.257900000000,0.187100000000,0.140900000000,0.135000000000,0.136000000000,0.209300000000,0.199400000000,0.288400000000,0.285100000000,0.131200000000,0.137200000000,0.249700000000,0.257900000000,0.187200000000,0.189800000000,887.1809302020001
contact,62,97.871795,24.470085,2.0,97.87,24.47,887.0637749699999,2.0041,896.874697794,0.133600000000,0.134400000000,0.206900000000,0.196600000000,0.279700000000,0.276900000000,0.132800000000,0.140100000000,0.248300000000,0.254200000000,0.188100000000,0.190700000000,0.190400000000,0.134500000000,0.206900000000,0.196600000000,0.279300000000,0.276300000000,0.132800000000,0.140100000000,0.248200000000,0.254100000000,0.188200000000,0.190700000000,0.190400000000,0.185000000000,0.207000000000,0.196700000000,0.279100000000,0.276600000000,0.132900000000,0.140000000000,0.248200000000,0.254200000000,0.188200000000,0.190600000000,0.190400000000,0.185100000000,0.137200000000,0.196600000000,0.279300000000,0.276500000000,0.132900000000,0.140100000000,0.248300000000,0.254200000000,0.188200000000,0.190700000000,0.190400000000,0.185000000000,0.137100000000,0.140100000000,0.279600000000,0.276700000000,0.132800000000,0.140100000000,0.248200000000,0.254100000000,0.188200000000,0.190600000000,0.190400000000,0.184800000000,0.137200000000,0.140100000000,0.133600000000,0.276800000000,0.132800000000,0.140000000000,0.248100000000,0.254100000000,0.188100000000,0.190700000000,0.190300000000,0.185000000000,0.137200000000,0.140100000000,0.133800000000,0.134600000000,0.132700000000,0.140000000000,0.248200000000,0.254100000000,0.188200000000,0.190700000000,0.190400000000,0.184900000000,0.137200000000,0.140000000000,0.133600000000,0.134500000000,0.207000000000,0.139900000000,0.248300000000,0.254100000000,0.188300000000,0.190700000000,0.190200000000,0.184900000000,0.137300000000,0.140100000000,0.133700000000,0.134600000000,0.207000000000,0.196700000000,0.248300000000,0.254100000000,0.188200000000,0.190700000000,0.190300000000,0.184800000000,0.137300000000,0.140200000000,0.133600000000,0.134500000000,0.207000000000,0.196600000000,0.279900000000,0.254100000000,0.188300000000,0.190800000000,0.190300000000,0.184800000000,0.137200000000,0.140100000000,0.133600000000,0.134400000000,0.207000000000,0.196600000000,0.280000000000,0.276800000000,0.188300000000,0.190800000000,0.190200000000,0.184800000000,0.137200000000,0.140200000000,0.133600000000,0.134300000000,0.207000000000,0.196700000000,0.279700000000,0.277200000000,0.132800000000,0.190800000000,0.190100000000,0.184800000000,0.137100000000,0.140200000000,0.133700000000,0.134500000000,0.206900000000,0.196600000000,0.279800000000,0.276600000000,0.132700000000,0.140000000000,0.190200000000,0.184800000000,0.137300000000,0.140100000000,0.133600000000,0.134500000000,0.207000000000,0.196500000000,0.279500000000,0.277000000000,0.132700000000,0.140000000000,0.247900000000,0.184700000000,0.137300000000,0.140100000000,0.133700000000,0.134400000000,0.206800000000,0.196400000000,0.279700000000,0.276600000000,0.132700000000,0.139800000000,0.247900000000,0.254000000000,0.137200000000,0.140200000000,0.133700000000,0.134500000000,0.206800000000,0.196500000000,0.279400000000,0.276300000000,0.132700000000,0.139900000000,0.247800000000,0.253900000000,0.188200000000,0.140100000000,0.133600000000,0.134400000000,0.206900000000,0.196500000000,0.279300000000,0.276300000000,0.132700000000,0.139800000000,0.247900000000,0.253800000000,0.188300000000,0.190700000000,897.9977458120002
baseline,63,86.384615,17.683761,4.0,86.38,17.68,900.5224581379998,0,,0.136100000000,0.136800000000,0.208200000000,0.198400000000,0.278700000000,0.274800000000,0.131200000000,0.137800000000,0.260600000000,0.267100000000,0.199300000000,0.201500000000,0.189400000000,0.136400000000,0.208100000000,0.198100000000,0.278600000000,0.275100000000,0.132200000000,0.140500000000,0.262900000000,0.267400000000,0.200800000000,0.203000000000,0.189400000000,0.184200000000,0.208100000000,0.198100000000,0.278400000000,0.275000000000,0.131700000000,0.140500000000,0.262800000000,0.267300000000,0.201800000000,0.204300000000,0.189600000000,0.184300000000,0.138100000000,0.198000000000,0.278300000000,0.274700000000,0.131200000000,0.137900000000,0.260200000000,0.267000000000,0.202400000000,0.204700000000,0.189400000000,0.184300000000,0.138300000000,0.140900000000,0.278300000000,0.274900000000,0.131300000000,0.138000000000,0.259900000000,0.266700000000,0.202700000000,0.205300000000,0.189500000000,0.184300000000,0.138200000000,0.141100000000,0.136500000000,0.274700000000,0.130800000000,0.136400000000,0.258400000000,0.266500000000,0.203400000000,0.205600000000,0.189300000000,0.184200000000,0.138200000000,0.141200000000,0.136500000000,0.136600000000,0.130600000000,0.136500000000,0.258700000000,0.266700000000,0.203600000000,0.205500000000,0.189300000000,0.184100000000,0.138300000000,0.141000000000,0.136600000000,0.136800000000,0.207800000000,0.136500000000,0.258600000000,0.266700000000,0.203600000000,0.205500000000,0.189200000000,0.184200000000,0.138500000000,0.141400000000,0.136800000000,0.136800000000,0.207900000000,0.197700000000,0.258600000000,0.266700000000,0.203600000000,0.205500000000,0.189200000000,0.184300000000,0.138300000000,0.141200000000,0.136800000000,0.136700000000,0.207900000000,0.197200000000,0.277700000000,0.266500000000,0.203700000000,0.205600000000,0.189200000000,0.184500000000,0.138400000000,0.141200000000,0.136800000000,0.136300000000,0.207900000000,0.197300000000,0.277200000000,0.273700000000,0.203800000000,0.205900000000,0.189600000000,0.184400000000,0.138400000000,0.141300000000,0.136800000000,0.136600000000,0.207900000000,0.197600000000,0.277700000000,0.273800000000,0.130400000000,0.205800000000,0.189500000000,0.184400000000,0.138500000000,0.141200000000,0.136800000000,0.136500000000,0.207700000000,0.197500000000,0.277700000000,0.273900000000,0.130400000000,0.135800000000,0.189600000000,0.184600000000,0.138500000000,0.141300000000,0.136700000000,0.136300000000,0.207900000000,0.197500000000,0.277800000000,0.274200000000,0.130300000000,0.135800000000,0.258300000000,0.184700000000,0.138400000000,0.141200000000,0.136700000000,0.136200000000,0.207700000000,0.197300000000,0.277800000000,0.274000000000,0.130300000000,0.135700000000,0.258300000000,0.267000000000,0.138300000000,0.141300000000,0.136400000000,0.136100000000,0.207700000000,0.197300000000,0.277500000000,0.273900000000,0.130400000000,0.135800000000,0.258200000000,0.266900000000,0.204100000000,0.141200000000,0.136400000000,0.135900000000,0.207700000000,0.197400000000,0.277200000000,0.273500000000,0.130400000000,0.135800000000,0.258000000000,0.266600000000,0.204000000000,0.206000000000,900.5943339389996
contact,63,86.384615,17.683761,4.0,86.38,17.68,900.5224581379998,4.6166,911.9313238839995,0.133100000000,0.132000000000,0.205400000000,0.195100000000,0.241600000000,0.237700000000,0.123700000000,0.127700000000,0.260200000000,0.269700000000,0.204000000000,0.205800000000,0.188600000000,0.132100000000,0.205300000000,0.195000000000,0.241600000000,0.237700000000,0.123700000000,0.127700000000,0.260400000000,0.269700000000,0.204000000000,0.205900000000,0.188500000000,0.183100000000,0.205300000000,0.194900000000,0.242100000000,0.237900000000,0.123700000000,0.127600000000,0.260400000000,0.269700000000,0.204100000000,0.205900000000,0.188400000000,0.183100000000,0.137100000000,0.194900000000,0.242100000000,0.237800000000,0.123700000000,0.127600000000,0.260300000000,0.269700000000,0.204100000000,0.206000000000,0.188400000000,0.183200000000,0.137000000000,0.139800000000,0.241900000000,0.237900000000,0.123700000000,0.127700000000,0.260300000000,0.269600000000,0.204100000000,0.206000000000,0.188500000000,0.183100000000,0.137000000000,0.139600000000,0.133000000000,0.237800000000,0.123700000000,0.127700000000,0.260200000000,0.269600000000,0.204200000000,0.206000000000,0.188500000000,0.183100000000,0.137200000000,0.139700000000,0.133100000000,0.132000000000,0.123600000000,0.127600000000,0.260300000000,0.269700000000,0.204100000000,0.206000000000,0.188600000000,0.183200000000,0.136900000000,0.139700000000,0.132900000000,0.132100000000,0.205500000000,0.127700000000,0.260300000000,0.269700000000,0.204100000000,0.205900000000,0.188600000000,0.183100000000,0.136900000000,0.139700000000,0.133000000000,0.132100000000,0.205500000000,0.195000000000,0.260200000000,0.269600000000,0.204100000000,0.205900000000,0.188500000000,0.183200000000,0.137100000000,0.139800000000,0.133100000000,0.132100000000,0.205300000000,0.195100000000,0.241900000000,0.269700000000,0.204000000000,0.205900000000,0.188500000000,0.183200000000,0.137100000000,0.139700000000,0.133000000000,0.132200000000,0.205300000000,0.195000000000,0.242000000000,0.237600000000,0.204100000000,0.205900000000,0.188600000000,0.183300000000,0.137000000000,0.139600000000,0.133100000000,0.132100000000,0.205300000000,0.194900000000,0.241800000000,0.237600000000,0.123800000000,0.205900000000,0.188600000000,0.183100000000,0.136900000000,0.139700000000,0.133100000000,0.132100000000,0.205400000000,0.195100000000,0.241700000000,0.237700000000,0.123700000000,0.127700000000,0.188600000000,0.183200000000,0.137100000000,0.139800000000,0.133000000000,0.132100000000,0.205300000000,0.195000000000,0.241900000000,0.237800000000,0.123800000000,0.127800000000,0.260200000000,0.183100000000,0.137100000000,0.139800000000,0.133000000000,0.132100000000,0.205400000000,0.195100000000,0.242000000000,0.238000000000,0.123800000000,0.127900000000,0.260200000000,0.269500000000,0.137100000000,0.139800000000,0.133000000000,0.132100000000,0.205400000000,0.195000000000,0.242200000000,0.237800000000,0.123800000000,0.127800000000,0.260100000000,0.269500000000,0.204000000000,0.139700000000,0.133000000000,0.132100000000,0.205100000000,0.195000000000,0.242000000000,0.237600000000,0.123800000000,0.127900000000,0.260300000000,0.269700000000,0.204000000000,0.206000000000,913.14492006
baseline,64,83.102564,15.877493,2.0,83.1,15.88,914.9849112020001,0,,0.134000000000,0.133300000000,0.207400000000,0.197600000000,0.237300000000,0.234200000000,0.134100000000,0.140700000000,0.257600000000,0.266800000000,0.204400000000,0.206200000000,0.187700000000,0.133300000000,0.207400000000,0.197400000000,0.236900000000,0.233900000000,0.134100000000,0.140800000000,0.257400000000,0.267000000000,0.204200000000,0.206300000000,0.187800000000,0.181500000000,0.207300000000,0.197500000000,0.236600000000,0.233800000000,0.134000000000,0.140700000000,0.257600000000,0.267000000000,0.204600000000,0.206400000000,0.187700000000,0.181400000000,0.137400000000,0.197500000000,0.237000000000,0.233900000000,0.134200000000,0.140900000000,0.257600000000,0.266800000000,0.204400000000,0.206500000000,0.187700000000,0.181500000000,0.137300000000,0.140100000000,0.236700000000,0.233800000000,0.134100000000,0.140900000000,0.257800000000,0.267000000000,0.204400000000,0.206200000000,0.187800000000,0.181400000000,0.137400000000,0.140200000000,0.134900000000,0.233800000000,0.134100000000,0.141100000000,0.257800000000,0.266900000000,0.204500000000,0.206300000000,0.187700000000,0.181600000000,0.137500000000,0.140300000000,0.135200000000,0.134200000000,0.134000000000,0.140900000000,0.257600000000,0.266900000000,0.204400000000,0.206500000000,0.187800000000,0.181500000000,0.137600000000,0.140300000000,0.135300000000,0.134400000000,0.208100000000,0.141900000000,0.256200000000,0.266700000000,0.204300000000,0.206300000000,0.187600000000,0.181500000000,0.137800000000,0.140500000000,0.135700000000,0.134300000000,0.207500000000,0.197300000000,0.255600000000,0.266500000000,0.204000000000,0.206100000000,0.187600000000,0.181600000000,0.137800000000,0.140600000000,0.135800000000,0.134300000000,0.207600000000,0.197400000000,0.236200000000,0.266600000000,0.204100000000,0.206200000000,0.187500000000,0.181500000000,0.137800000000,0.140600000000,0.135800000000,0.134800000000,0.208000000000,0.198000000000,0.236700000000,0.233400000000,0.204400000000,0.206300000000,0.187800000000,0.181500000000,0.138000000000,0.140700000000,0.135700000000,0.134700000000,0.208100000000,0.198600000000,0.236900000000,0.233600000000,0.134600000000,0.206500000000,0.187900000000,0.181500000000,0.137800000000,0.140800000000,0.135700000000,0.134700000000,0.208000000000,0.198200000000,0.236300000000,0.233200000000,0.134300000000,0.141200000000,0.187700000000,0.181500000000,0.137900000000,0.140700000000,0.135800000000,0.134600000000,0.208000000000,0.198200000000,0.235700000000,0.232300000000,0.134000000000,0.140800000000,0.257500000000,0.181600000000,0.137800000000,0.140600000000,0.135700000000,0.134600000000,0.207800000000,0.198000000000,0.235400000000,0.232100000000,0.134100000000,0.140700000000,0.257400000000,0.266800000000,0.137800000000,0.140500000000,0.135700000000,0.134500000000,0.207700000000,0.198000000000,0.235200000000,0.231900000000,0.134100000000,0.140900000000,0.257400000000,0.266800000000,0.204200000000,0.140500000000,0.135600000000,0.134500000000,0.207800000000,0.197800000000,0.235000000000,0.231700000000,0.134100000000,0.140800000000,0.257500000000,0.266800000000,0.204200000000,0.206200000000,915.0915750579998
contact,64,83.102564,15.877493,2.0,83.1,15.88,914.9849112020001,2.176,923.4677848000001,0.133600000000,0.132900000000,0.208900000000,0.198700000000,0.213900000000,0.209600000000,0.121200000000,0.124800000000,0.258600000000,0.265000000000,0.201400000000,0.203200000000,0.182500000000,0.132800000000,0.208800000000,0.198800000000,0.214000000000,0.209700000000,0.121300000000,0.124800000000,0.258500000000,0.264900000000,0.201400000000,0.203200000000,0.182400000000,0.178800000000,0.208900000000,0.198700000000,0.214000000000,0.209700000000,0.121200000000,0.124800000000,0.258500000000,0.265000000000,0.201300000000,0.203200000000,0.182500000000,0.178900000000,0.137500000000,0.198900000000,0.214000000000,0.209900000000,0.121000000000,0.124800000000,0.258500000000,0.265000000000,0.201300000000,0.203000000000,0.182400000000,0.179000000000,0.137500000000,0.140300000000,0.214000000000,0.209800000000,0.121100000000,0.124800000000,0.258600000000,0.264900000000,0.201400000000,0.203100000000,0.182400000000,0.178900000000,0.137300000000,0.140200000000,0.133600000000,0.209900000000,0.121300000000,0.124900000000,0.258600000000,0.264900000000,0.201400000000,0.203200000000,0.182400000000,0.178900000000,0.137400000000,0.140100000000,0.133600000000,0.132800000000,0.121300000000,0.124900000000,0.258400000000,0.264800000000,0.201300000000,0.203200000000,0.182500000000,0.179000000000,0.137400000000,0.140100000000,0.133600000000,0.132800000000,0.209000000000,0.124800000000,0.258500000000,0.264900000000,0.201400000000,0.203300000000,0.182400000000,0.178900000000,0.137300000000,0.140200000000,0.133600000000,0.132900000000,0.209000000000,0.198900000000,0.258500000000,0.264700000000,0.201400000000,0.203200000000,0.182300000000,0.178800000000,0.137200000000,0.140100000000,0.133500000000,0.132800000000,0.209000000000,0.198700000000,0.213800000000,0.264800000000,0.201400000000,0.203200000000,0.182500000000,0.178900000000,0.137400000000,0.140300000000,0.133700000000,0.132600000000,0.208800000000,0.198700000000,0.213900000000,0.209700000000,0.201300000000,0.203000000000,0.182500000000,0.178900000000,0.137300000000,0.140100000000,0.133500000000,0.132700000000,0.208800000000,0.198700000000,0.213800000000,0.209700000000,0.121200000000,0.203100000000,0.182400000000,0.178900000000,0.137500000000,0.140200000000,0.133500000000,0.132800000000,0.208900000000,0.198800000000,0.214000000000,0.209800000000,0.121100000000,0.124800000000,0.182400000000,0.178900000000,0.137400000000,0.140300000000,0.133500000000,0.132800000000,0.208900000000,0.198700000000,0.214000000000,0.209700000000,0.121200000000,0.124800000000,0.258300000000,0.178900000000,0.137500000000,0.140200000000,0.133600000000,0.132800000000,0.208700000000,0.198600000000,0.213900000000,0.209900000000,0.121200000000,0.124900000000,0.258400000000,0.264700000000,0.137500000000,0.140300000000,0.133600000000,0.132700000000,0.208700000000,0.198600000000,0.214000000000,0.209700000000,0.121300000000,0.124900000000,0.258400000000,0.264700000000,0.201300000000,0.140200000000,0.133500000000,0.132700000000,0.208800000000,0.198600000000,0.213900000000,0.209700000000,0.121300000000,0.125000000000,0.258400000000,0.264800000000,0.201300000000,0.203200000000,924.6122560060003
baseline,65,102.794872,17.968661,2.0,102.79,17.97,927.5777669409999,0,,0.132800000000,0.132000000000,0.207700000000,0.197700000000,0.211600000000,0.208500000000,0.130800000000,0.137200000000,0.255400000000,0.264500000000,0.201500000000,0.203300000000,0.184600000000,0.132200000000,0.207700000000,0.197700000000,0.211700000000,0.208500000000,0.131000000000,0.137200000000,0.255300000000,0.264500000000,0.201600000000,0.203100000000,0.184500000000,0.179100000000,0.207800000000,0.197800000000,0.211800000000,0.208400000000,0.130900000000,0.137300000000,0.255200000000,0.264500000000,0.201500000000,0.203100000000,0.184500000000,0.179200000000,0.137000000000,0.197600000000,0.211700000000,0.208400000000,0.130900000000,0.137200000000,0.255100000000,0.264500000000,0.201500000000,0.203100000000,0.184400000000,0.179000000000,0.137000000000,0.139600000000,0.211700000000,0.208400000000,0.131100000000,0.137300000000,0.255300000000,0.264400000000,0.201600000000,0.203100000000,0.184500000000,0.179100000000,0.137000000000,0.139600000000,0.132700000000,0.208300000000,0.131000000000,0.137200000000,0.255200000000,0.264500000000,0.201500000000,0.203200000000,0.184500000000,0.179200000000,0.137000000000,0.139500000000,0.132600000000,0.132000000000,0.131000000000,0.137400000000,0.255800000000,0.264600000000,0.201500000000,0.203100000000,0.184500000000,0.179100000000,0.137100000000,0.139600000000,0.132600000000,0.131900000000,0.207700000000,0.137200000000,0.255100000000,0.264400000000,0.201700000000,0.203300000000,0.184400000000,0.179000000000,0.136900000000,0.139600000000,0.132800000000,0.132000000000,0.207600000000,0.197800000000,0.255100000000,0.264400000000,0.201600000000,0.203300000000,0.184500000000,0.179200000000,0.136900000000,0.139500000000,0.132600000000,0.131900000000,0.207600000000,0.197700000000,0.211500000000,0.264500000000,0.201700000000,0.203300000000,0.184500000000,0.179000000000,0.137000000000,0.139600000000,0.132600000000,0.132000000000,0.207500000000,0.197700000000,0.211500000000,0.208400000000,0.201600000000,0.203300000000,0.184500000000,0.179200000000,0.136900000000,0.139600000000,0.132600000000,0.132000000000,0.207500000000,0.197600000000,0.211500000000,0.208300000000,0.130900000000,0.203300000000,0.184600000000,0.179200000000,0.137000000000,0.139600000000,0.132600000000,0.131800000000,0.207600000000,0.197700000000,0.211500000000,0.208200000000,0.130800000000,0.136900000000,0.184400000000,0.179200000000,0.137000000000,0.139600000000,0.132500000000,0.131900000000,0.207500000000,0.197600000000,0.211300000000,0.208000000000,0.130600000000,0.136900000000,0.255000000000,0.179100000000,0.136900000000,0.139600000000,0.132500000000,0.131900000000,0.207400000000,0.197600000000,0.211300000000,0.208000000000,0.130800000000,0.136800000000,0.255000000000,0.264300000000,0.137000000000,0.139600000000,0.132600000000,0.131900000000,0.207600000000,0.197600000000,0.211300000000,0.208000000000,0.130700000000,0.136800000000,0.255100000000,0.264300000000,0.201400000000,0.139400000000,0.132500000000,0.131900000000,0.207500000000,0.197600000000,0.211200000000,0.208100000000,0.130800000000,0.136900000000,0.255100000000,0.264300000000,0.201500000000,0.203200000000,927.6421773129996
contact,65,102.794872,17.968661,2.0,102.79,17.97,927.5777669409999,2.1946,936.0189883419998,0.130900000000,0.130800000000,0.205500000000,0.195600000000,0.207400000000,0.203800000000,0.128000000000,0.133400000000,0.252300000000,0.258900000000,0.203700000000,0.205600000000,0.119800000000,0.130800000000,0.205500000000,0.195500000000,0.207400000000,0.203700000000,0.127800000000,0.133400000000,0.252300000000,0.259000000000,0.203700000000,0.205700000000,0.119800000000,0.139000000000,0.205400000000,0.195700000000,0.207300000000,0.203700000000,0.127900000000,0.133400000000,0.252400000000,0.259000000000,0.203700000000,0.205700000000,0.119800000000,0.138900000000,0.135800000000,0.195600000000,0.207400000000,0.203800000000,0.127900000000,0.133400000000,0.252400000000,0.259000000000,0.203800000000,0.205700000000,0.119900000000,0.138900000000,0.135700000000,0.138200000000,0.207300000000,0.203700000000,0.127800000000,0.133300000000,0.252400000000,0.259100000000,0.203700000000,0.205700000000,0.119800000000,0.139100000000,0.135700000000,0.138300000000,0.130900000000,0.203700000000,0.127900000000,0.133300000000,0.252300000000,0.259100000000,0.203800000000,0.205700000000,0.119600000000,0.138900000000,0.135700000000,0.138300000000,0.131000000000,0.130800000000,0.127900000000,0.133300000000,0.252400000000,0.259000000000,0.203800000000,0.205600000000,0.119700000000,0.138800000000,0.135800000000,0.138300000000,0.130900000000,0.130700000000,0.205600000000,0.133300000000,0.252200000000,0.259000000000,0.203700000000,0.205800000000,0.119700000000,0.138800000000,0.135600000000,0.138200000000,0.131000000000,0.130700000000,0.205500000000,0.195600000000,0.252300000000,0.259100000000,0.203700000000,0.205800000000,0.119700000000,0.138900000000,0.135700000000,0.138300000000,0.130800000000,0.130700000000,0.205600000000,0.195500000000,0.207200000000,0.259100000000,0.203800000000,0.205600000000,0.119500000000,0.138700000000,0.135700000000,0.138200000000,0.131000000000,0.130800000000,0.205600000000,0.195600000000,0.207200000000,0.203500000000,0.203700000000,0.205700000000,0.119600000000,0.138800000000,0.135800000000,0.138200000000,0.130900000000,0.130700000000,0.205600000000,0.195600000000,0.207300000000,0.203400000000,0.127700000000,0.205600000000,0.119500000000,0.138700000000,0.135700000000,0.138200000000,0.130900000000,0.130700000000,0.205500000000,0.195600000000,0.207300000000,0.203500000000,0.127700000000,0.133300000000,0.119500000000,0.138800000000,0.135700000000,0.138300000000,0.130800000000,0.130700000000,0.205500000000,0.195600000000,0.207200000000,0.203600000000,0.127800000000,0.133300000000,0.252500000000,0.138800000000,0.135600000000,0.138200000000,0.131000000000,0.130800000000,0.205500000000,0.195400000000,0.207300000000,0.203600000000,0.127700000000,0.133300000000,0.252400000000,0.259100000000,0.135700000000,0.138100000000,0.131000000000,0.130700000000,0.205400000000,0.195600000000,0.207200000000,0.203600000000,0.127700000000,0.133300000000,0.252400000000,0.259100000000,0.203800000000,0.138300000000,0.130900000000,0.130700000000,0.205500000000,0.195500000000,0.207200000000,0.203700000000,0.127800000000,0.133300000000,0.252500000000,0.259000000000,0.203800000000,0.205700000000,937.1638187119997
baseline,66,92.948718,29.564103,3.0,92.95,29.56,939.7784193289999,0,,0.141400000000,0.142300000000,0.206100000000,0.195800000000,0.225600000000,0.222000000000,0.128300000000,0.132700000000,0.253000000000,0.264200000000,0.198200000000,0.200200000000,0.188000000000,0.143100000000,0.206200000000,0.195800000000,0.226700000000,0.223700000000,0.128800000000,0.133600000000,0.255100000000,0.264600000000,0.198600000000,0.200900000000,0.187800000000,0.182300000000,0.206600000000,0.196900000000,0.229100000000,0.225500000000,0.128300000000,0.131900000000,0.252300000000,0.264000000000,0.198900000000,0.201300000000,0.187800000000,0.182200000000,0.139700000000,0.195500000000,0.230900000000,0.227400000000,0.127800000000,0.131600000000,0.251700000000,0.263700000000,0.199300000000,0.201900000000,0.187500000000,0.182100000000,0.139800000000,0.142600000000,0.232500000000,0.229000000000,0.127600000000,0.131600000000,0.251800000000,0.263800000000,0.200000000000,0.202500000000,0.187900000000,0.182400000000,0.139700000000,0.142600000000,0.141600000000,0.229600000000,0.127400000000,0.131100000000,0.251500000000,0.263800000000,0.201200000000,0.203800000000,0.187700000000,0.182300000000,0.139500000000,0.142400000000,0.141400000000,0.142400000000,0.127600000000,0.131400000000,0.251600000000,0.263800000000,0.202700000000,0.205200000000,0.187400000000,0.182100000000,0.139700000000,0.142400000000,0.141200000000,0.142100000000,0.208200000000,0.131200000000,0.251500000000,0.263800000000,0.204000000000,0.206700000000,0.187300000000,0.182000000000,0.139600000000,0.142400000000,0.141200000000,0.142100000000,0.208100000000,0.197500000000,0.251600000000,0.263700000000,0.206000000000,0.208500000000,0.187300000000,0.182100000000,0.139500000000,0.142400000000,0.141100000000,0.142000000000,0.208100000000,0.197600000000,0.235800000000,0.263700000000,0.207800000000,0.210700000000,0.187400000000,0.182100000000,0.139400000000,0.142400000000,0.141000000000,0.142000000000,0.208000000000,0.197500000000,0.236400000000,0.232800000000,0.209900000000,0.212600000000,0.187200000000,0.181800000000,0.139400000000,0.142400000000,0.141200000000,0.141900000000,0.208000000000,0.197400000000,0.237000000000,0.233200000000,0.127500000000,0.213900000000,0.187100000000,0.181700000000,0.139200000000,0.142100000000,0.140600000000,0.141900000000,0.208000000000,0.197500000000,0.237500000000,0.233900000000,0.127400000000,0.131200000000,0.187100000000,0.181600000000,0.139100000000,0.142000000000,0.140600000000,0.141800000000,0.208100000000,0.197500000000,0.237900000000,0.234100000000,0.127500000000,0.131200000000,0.251600000000,0.181900000000,0.139500000000,0.142300000000,0.140900000000,0.141800000000,0.208100000000,0.197500000000,0.238100000000,0.234400000000,0.127500000000,0.131200000000,0.251600000000,0.263700000000,0.139200000000,0.141900000000,0.140700000000,0.141700000000,0.208000000000,0.197500000000,0.238500000000,0.234900000000,0.127500000000,0.131100000000,0.251400000000,0.263600000000,0.222700000000,0.141900000000,0.140500000000,0.141700000000,0.208000000000,0.197500000000,0.239000000000,0.235600000000,0.127500000000,0.131100000000,0.251400000000,0.263500000000,0.224200000000,0.227100000000,939.9745943950002
contact,66,92.948718,29.564103,3.0,92.95,29.56,939.7784193289999,3.2196,949.6082824959994,0.136200000000,0.137200000000,0.206100000000,0.195800000000,0.274200000000,0.271900000000,0.130400000000,0.135100000000,0.182800000000,0.195600000000,0.364000000000,0.366400000000,0.190300000000,0.137200000000,0.206000000000,0.195700000000,0.277200000000,0.274300000000,0.130500000000,0.135100000000,0.182800000000,0.195400000000,0.363900000000,0.366300000000,0.190000000000,0.182500000000,0.206000000000,0.195700000000,0.275800000000,0.272700000000,0.130400000000,0.135200000000,0.182700000000,0.195300000000,0.363900000000,0.366500000000,0.190200000000,0.182600000000,0.137200000000,0.195700000000,0.276400000000,0.273000000000,0.130400000000,0.135200000000,0.182700000000,0.195300000000,0.364000000000,0.366400000000,0.190200000000,0.182400000000,0.137200000000,0.140300000000,0.277600000000,0.274500000000,0.130400000000,0.135200000000,0.182700000000,0.195300000000,0.363900000000,0.366300000000,0.190100000000,0.182400000000,0.137300000000,0.140100000000,0.136200000000,0.277200000000,0.130400000000,0.135100000000,0.182700000000,0.195300000000,0.363900000000,0.366300000000,0.190000000000,0.182500000000,0.137200000000,0.140300000000,0.136200000000,0.137100000000,0.130400000000,0.135000000000,0.182700000000,0.195400000000,0.363900000000,0.366300000000,0.190000000000,0.182400000000,0.137200000000,0.140200000000,0.136200000000,0.137100000000,0.206000000000,0.135100000000,0.182800000000,0.195300000000,0.363800000000,0.366300000000,0.190000000000,0.182400000000,0.137200000000,0.140200000000,0.136100000000,0.137200000000,0.206000000000,0.195700000000,0.182800000000,0.195400000000,0.363800000000,0.366300000000,0.189900000000,0.182200000000,0.137100000000,0.140200000000,0.136200000000,0.137300000000,0.206000000000,0.195600000000,0.278700000000,0.195400000000,0.364000000000,0.366300000000,0.189900000000,0.182200000000,0.137200000000,0.140200000000,0.136300000000,0.137200000000,0.206000000000,0.195600000000,0.278700000000,0.279900000000,0.364000000000,0.366300000000,0.189900000000,0.182200000000,0.137300000000,0.140100000000,0.136200000000,0.137200000000,0.206100000000,0.195700000000,0.284700000000,0.284500000000,0.130300000000,0.366200000000,0.189800000000,0.182100000000,0.137200000000,0.140100000000,0.136200000000,0.137200000000,0.206000000000,0.195600000000,0.291400000000,0.290500000000,0.130300000000,0.135100000000,0.189900000000,0.182100000000,0.137300000000,0.140100000000,0.136100000000,0.137100000000,0.206100000000,0.195700000000,0.295300000000,0.293200000000,0.130400000000,0.135000000000,0.182800000000,0.182100000000,0.137300000000,0.140200000000,0.136200000000,0.137200000000,0.206000000000,0.195600000000,0.297900000000,0.295000000000,0.130400000000,0.135000000000,0.182700000000,0.195400000000,0.137200000000,0.140200000000,0.136100000000,0.137200000000,0.206100000000,0.195700000000,0.299000000000,0.296600000000,0.130300000000,0.135000000000,0.182700000000,0.195400000000,0.363900000000,0.140000000000,0.136200000000,0.137300000000,0.206100000000,0.196000000000,0.302000000000,0.301300000000,0.131000000000,0.137100000000,0.184900000000,0.195800000000,0.364100000000,0.366700000000,950.793519109
baseline,67,97.871795,21.176638,1.0,97.87,21.18,953.0269039949999,0,,0.135600000000,0.136400000000,0.207300000000,0.197300000000,0.145300000000,0.141900000000,0.130900000000,0.137300000000,0.258800000000,0.266100000000,0.230000000000,0.231300000000,0.188900000000,0.136400000000,0.207200000000,0.197100000000,0.145100000000,0.141600000000,0.131000000000,0.137300000000,0.258900000000,0.266200000000,0.227900000000,0.229000000000,0.188900000000,0.186000000000,0.207400000000,0.197200000000,0.145100000000,0.141700000000,0.130900000000,0.137700000000,0.258700000000,0.266100000000,0.225600000000,0.227500000000,0.188800000000,0.185900000000,0.137300000000,0.196900000000,0.144800000000,0.141600000000,0.130700000000,0.137100000000,0.258400000000,0.266000000000,0.224900000000,0.227100000000,0.188700000000,0.185900000000,0.137300000000,0.140000000000,0.145000000000,0.141800000000,0.131000000000,0.137900000000,0.259500000000,0.266200000000,0.224100000000,0.225900000000,0.188600000000,0.185800000000,0.137300000000,0.140000000000,0.135600000000,0.141700000000,0.130700000000,0.137700000000,0.259300000000,0.266000000000,0.222700000000,0.225200000000,0.188300000000,0.185700000000,0.137300000000,0.140000000000,0.135400000000,0.136300000000,0.130400000000,0.137800000000,0.259600000000,0.266500000000,0.222500000000,0.225100000000,0.188600000000,0.185800000000,0.137300000000,0.139900000000,0.135300000000,0.136000000000,0.207200000000,0.137800000000,0.259600000000,0.266500000000,0.222400000000,0.224900000000,0.188500000000,0.185600000000,0.137300000000,0.140000000000,0.135100000000,0.135900000000,0.207100000000,0.197000000000,0.259400000000,0.266400000000,0.222400000000,0.224700000000,0.188400000000,0.185900000000,0.137400000000,0.140200000000,0.135400000000,0.135800000000,0.207200000000,0.196700000000,0.144800000000,0.266100000000,0.222000000000,0.224300000000,0.188400000000,0.185800000000,0.137500000000,0.140300000000,0.135500000000,0.135700000000,0.207100000000,0.196900000000,0.145000000000,0.141400000000,0.221600000000,0.223800000000,0.188300000000,0.185900000000,0.137500000000,0.140100000000,0.135400000000,0.135600000000,0.207000000000,0.196700000000,0.144700000000,0.141500000000,0.130700000000,0.223700000000,0.188300000000,0.185900000000,0.137400000000,0.140300000000,0.135500000000,0.135600000000,0.207000000000,0.196900000000,0.144800000000,0.140800000000,0.129900000000,0.135600000000,0.188100000000,0.185800000000,0.137500000000,0.140300000000,0.135300000000,0.135500000000,0.206800000000,0.196700000000,0.144700000000,0.140900000000,0.129700000000,0.135500000000,0.257600000000,0.185700000000,0.137300000000,0.140100000000,0.135200000000,0.135700000000,0.207200000000,0.197200000000,0.145000000000,0.140900000000,0.129900000000,0.135600000000,0.258100000000,0.266600000000,0.137300000000,0.140200000000,0.135400000000,0.135300000000,0.206800000000,0.196500000000,0.144600000000,0.140600000000,0.129700000000,0.135400000000,0.257700000000,0.266300000000,0.221000000000,0.140300000000,0.135200000000,0.135200000000,0.206700000000,0.196700000000,0.144700000000,0.140900000000,0.129800000000,0.135400000000,0.257800000000,0.266400000000,0.221100000000,0.223300000000,953.1763955019997
contact,67,97.871795,21.176638,1.0,97.87,21.18,953.0269039949999,1.2346,961.1559136059996,0.131600000000,0.132300000000,0.205600000000,0.195800000000,0.146900000000,0.142700000000,0.132800000000,0.138900000000,0.250600000000,0.258100000000,0.217300000000,0.219700000000,0.184300000000,0.132200000000,0.205500000000,0.195700000000,0.146900000000,0.142800000000,0.132800000000,0.138900000000,0.250700000000,0.258100000000,0.217100000000,0.219700000000,0.184300000000,0.180500000000,0.205400000000,0.195700000000,0.147100000000,0.142800000000,0.132700000000,0.138900000000,0.250700000000,0.258200000000,0.217100000000,0.219700000000,0.184200000000,0.180400000000,0.134700000000,0.195800000000,0.146900000000,0.142800000000,0.132800000000,0.138900000000,0.250700000000,0.258100000000,0.217200000000,0.219700000000,0.184300000000,0.180500000000,0.134700000000,0.137000000000,0.146900000000,0.142700000000,0.132700000000,0.138800000000,0.250600000000,0.258100000000,0.217200000000,0.219700000000,0.184200000000,0.180600000000,0.134600000000,0.137300000000,0.131500000000,0.142800000000,0.132800000000,0.138800000000,0.250600000000,0.258100000000,0.217300000000,0.219700000000,0.184200000000,0.180500000000,0.134600000000,0.137100000000,0.131500000000,0.132300000000,0.132700000000,0.138700000000,0.250600000000,0.258000000000,0.217200000000,0.219700000000,0.184200000000,0.180400000000,0.134700000000,0.137100000000,0.131500000000,0.132200000000,0.205500000000,0.138800000000,0.250600000000,0.258100000000,0.217300000000,0.219600000000,0.184100000000,0.180300000000,0.134700000000,0.137100000000,0.131500000000,0.132200000000,0.205500000000,0.195900000000,0.250700000000,0.258100000000,0.217100000000,0.219600000000,0.184100000000,0.180200000000,0.134700000000,0.137100000000,0.131500000000,0.132200000000,0.205400000000,0.195800000000,0.146900000000,0.258100000000,0.217200000000,0.219700000000,0.184100000000,0.180400000000,0.134800000000,0.137100000000,0.131500000000,0.132300000000,0.205400000000,0.195600000000,0.146900000000,0.142700000000,0.217300000000,0.219800000000,0.184200000000,0.180300000000,0.134700000000,0.137000000000,0.131400000000,0.132200000000,0.205500000000,0.195700000000,0.147000000000,0.142800000000,0.132600000000,0.219700000000,0.184200000000,0.180500000000,0.134800000000,0.137100000000,0.131500000000,0.132200000000,0.205500000000,0.195800000000,0.146800000000,0.142700000000,0.132600000000,0.138700000000,0.184100000000,0.180200000000,0.134700000000,0.137100000000,0.131400000000,0.132200000000,0.205500000000,0.195700000000,0.146900000000,0.142700000000,0.132700000000,0.138800000000,0.250700000000,0.180300000000,0.134600000000,0.137200000000,0.131400000000,0.132200000000,0.205400000000,0.195700000000,0.146900000000,0.142800000000,0.132700000000,0.138700000000,0.250800000000,0.258300000000,0.134700000000,0.137000000000,0.131500000000,0.132300000000,0.205400000000,0.195600000000,0.146900000000,0.142700000000,0.132700000000,0.138800000000,0.250800000000,0.258300000000,0.217200000000,0.137100000000,0.131400000000,0.132200000000,0.205400000000,0.195700000000,0.147000000000,0.142800000000,0.132600000000,0.138800000000,0.250700000000,0.258300000000,0.217200000000,0.219700000000,962.2611228919995
baseline,68,56.846154,24.897436,2.0,56.85,24.9,966.8166799129995,0,,0.132000000000,0.131700000000,0.204900000000,0.194500000000,0.143500000000,0.139600000000,0.127700000000,0.132900000000,0.258200000000,0.266800000000,0.215500000000,0.217900000000,0.183900000000,0.131600000000,0.204900000000,0.194500000000,0.143600000000,0.139800000000,0.127500000000,0.132500000000,0.257900000000,0.266900000000,0.215400000000,0.217900000000,0.183900000000,0.180600000000,0.204800000000,0.194400000000,0.143500000000,0.139600000000,0.127300000000,0.132500000000,0.258100000000,0.267100000000,0.215400000000,0.217900000000,0.183900000000,0.180700000000,0.134900000000,0.194400000000,0.143600000000,0.139700000000,0.127300000000,0.132500000000,0.258200000000,0.267200000000,0.215400000000,0.217900000000,0.183800000000,0.180500000000,0.134800000000,0.137600000000,0.143500000000,0.139600000000,0.127400000000,0.132400000000,0.258000000000,0.267200000000,0.215300000000,0.217800000000,0.183800000000,0.180600000000,0.134800000000,0.137800000000,0.131900000000,0.139700000000,0.127400000000,0.132300000000,0.257900000000,0.267100000000,0.215300000000,0.217800000000,0.183800000000,0.180500000000,0.134800000000,0.137600000000,0.131900000000,0.131600000000,0.127400000000,0.132300000000,0.257800000000,0.267100000000,0.215400000000,0.217800000000,0.183800000000,0.180600000000,0.134900000000,0.137600000000,0.131900000000,0.131700000000,0.204700000000,0.132400000000,0.257900000000,0.267100000000,0.215300000000,0.217800000000,0.183700000000,0.180600000000,0.134800000000,0.137700000000,0.131800000000,0.131600000000,0.204800000000,0.194300000000,0.257800000000,0.266900000000,0.215300000000,0.217900000000,0.183800000000,0.180600000000,0.134900000000,0.137600000000,0.132000000000,0.131700000000,0.204800000000,0.194300000000,0.143400000000,0.266600000000,0.215300000000,0.217700000000,0.183800000000,0.180500000000,0.134800000000,0.137700000000,0.131900000000,0.131600000000,0.204800000000,0.194300000000,0.143400000000,0.139500000000,0.215300000000,0.217800000000,0.183700000000,0.180600000000,0.134800000000,0.137700000000,0.131900000000,0.131600000000,0.204800000000,0.194300000000,0.143400000000,0.139500000000,0.127200000000,0.217800000000,0.183800000000,0.180500000000,0.134900000000,0.137500000000,0.131800000000,0.131600000000,0.204700000000,0.194300000000,0.143400000000,0.139500000000,0.127200000000,0.132300000000,0.183700000000,0.180600000000,0.134900000000,0.137600000000,0.131900000000,0.131500000000,0.204900000000,0.194400000000,0.143400000000,0.139500000000,0.127300000000,0.132400000000,0.257500000000,0.180600000000,0.134700000000,0.137600000000,0.131800000000,0.131600000000,0.204800000000,0.194200000000,0.143400000000,0.139500000000,0.127200000000,0.132300000000,0.257400000000,0.266700000000,0.134700000000,0.137600000000,0.131900000000,0.131500000000,0.204800000000,0.194200000000,0.143400000000,0.139500000000,0.127300000000,0.132300000000,0.257400000000,0.266600000000,0.215300000000,0.137800000000,0.131900000000,0.131500000000,0.204800000000,0.194300000000,0.143400000000,0.139200000000,0.127000000000,0.132000000000,0.257200000000,0.266700000000,0.215200000000,0.217700000000,967.0215957969995
