row_type,measurement_index,target_x_mm,target_y_mm,target_force_N,actual_x_mm,actual_y_mm,position_time_s,actual_force_N,force_time_s,eit_0,eit_1,eit_2,eit_3,eit_4,eit_5,eit_6,eit_7,eit_8,eit_9,eit_10,eit_11,eit_12,eit_13,eit_14,eit_15,eit_16,eit_17,eit_18,eit_19,eit_20,eit_21,eit_22,eit_23,eit_24,eit_25,eit_26,eit_27,eit_28,eit_29,eit_30,eit_31,eit_32,eit_33,eit_34,eit_35,eit_36,eit_37,eit_38,eit_39,eit_40,eit_41,eit_42,eit_43,eit_44,eit_45,eit_46,eit_47,eit_48,eit_49,eit_50,eit_51,eit_52,eit_53,eit_54,eit_55,eit_56,eit_57,eit_58,eit_59,eit_60,eit_61,eit_62,eit_63,eit_time_s
baseline,,,,,,,0.1101484580003671,,,0.138200000000,0.155600000000,0.152600000000,0.269600000000,0.474700000000,0.238700000000,0.178900000000,0.182500000000,0.142100000000,0.159200000000,0.156700000000,0.273800000000,0.478500000000,0.242300000000,0.182200000000,0.185900000000,0.142500000000,0.158400000000,0.156000000000,0.276200000000,0.481700000000,0.242700000000,0.177200000000,0.184000000000,0.132200000000,0.146900000000,0.144100000000,0.264100000000,0.471600000000,0.231700000000,0.165300000000,0.173000000000,0.129300000000,0.143900000000,0.140700000000,0.261200000000,0.467300000000,0.230300000000,0.162900000000,0.172100000000,0.137600000000,0.150100000000,0.148400000000,0.269400000000,0.474000000000,0.237400000000,0.167200000000,0.178500000000,0.154700000000,0.161900000000,0.164100000000,0.285800000000,0.490100000000,0.253300000000,0.178600000000,0.191000000000,0.150600000000,0.157500000000,0.159800000000,0.282000000000,0.486900000000,0.249500000000,0.174900000000,0.187000000000,0.1101484580003671
baseline,1,88.025641,14.282051,2.0,88.03,14.28,72.44454350100023,0,,0.147200000000,0.163100000000,0.163000000000,0.187100000000,0.312400000000,0.237600000000,0.191700000000,0.169900000000,0.151000000000,0.166700000000,0.167200000000,0.191100000000,0.316300000000,0.241200000000,0.195000000000,0.173300000000,0.153000000000,0.166900000000,0.167200000000,0.193600000000,0.318900000000,0.241500000000,0.188900000000,0.170400000000,0.143000000000,0.155900000000,0.156000000000,0.182100000000,0.307000000000,0.231100000000,0.177400000000,0.160100000000,0.140200000000,0.153100000000,0.152800000000,0.179000000000,0.303800000000,0.229400000000,0.175100000000,0.159000000000,0.147600000000,0.158400000000,0.159900000000,0.186400000000,0.311600000000,0.236100000000,0.178700000000,0.164800000000,0.176800000000,0.182300000000,0.187600000000,0.214500000000,0.339000000000,0.263700000000,0.202400000000,0.189700000000,0.162300000000,0.167200000000,0.172900000000,0.199900000000,0.324700000000,0.249700000000,0.188200000000,0.175200000000,72.47888648800017
contact,1,88.025641,14.282051,2.0,88.03,14.28,72.44454350100023,2.3966,92.79679881900029,0.144800000000,0.161100000000,0.161600000000,0.187400000000,0.311900000000,0.236200000000,0.191900000000,0.169600000000,0.148900000000,0.164600000000,0.165700000000,0.191600000000,0.316200000000,0.239800000000,0.195200000000,0.173000000000,0.150500000000,0.164700000000,0.165400000000,0.194500000000,0.320000000000,0.240200000000,0.189400000000,0.170600000000,0.140700000000,0.154100000000,0.154600000000,0.183500000000,0.309100000000,0.229900000000,0.178300000000,0.160700000000,0.137800000000,0.151100000000,0.151100000000,0.180400000000,0.306600000000,0.228100000000,0.176000000000,0.159700000000,0.145200000000,0.156500000000,0.158100000000,0.187600000000,0.312900000000,0.234300000000,0.179800000000,0.165300000000,0.173600000000,0.179700000000,0.185400000000,0.214100000000,0.339600000000,0.259200000000,0.203000000000,0.189300000000,0.158200000000,0.163700000000,0.169700000000,0.198800000000,0.324000000000,0.243700000000,0.187800000000,0.173900000000,93.85063568800024
baseline,2,68.333333,15.518519,2.0,68.33,15.52,96.86637833300028,0,,0.144400000000,0.160700000000,0.161000000000,0.186900000000,0.309500000000,0.238500000000,0.191300000000,0.167900000000,0.148100000000,0.164200000000,0.165000000000,0.190800000000,0.312700000000,0.241800000000,0.194600000000,0.171000000000,0.149900000000,0.164700000000,0.165100000000,0.194000000000,0.316000000000,0.243100000000,0.188900000000,0.168900000000,0.140200000000,0.153900000000,0.154000000000,0.182800000000,0.306200000000,0.232900000000,0.177600000000,0.158800000000,0.137600000000,0.151100000000,0.150900000000,0.180100000000,0.304200000000,0.231800000000,0.175600000000,0.158000000000,0.144900000000,0.156500000000,0.158000000000,0.187700000000,0.310100000000,0.238300000000,0.179300000000,0.163700000000,0.174700000000,0.180800000000,0.186600000000,0.216400000000,0.338900000000,0.266100000000,0.203700000000,0.188900000000,0.158500000000,0.164100000000,0.170100000000,0.200300000000,0.322600000000,0.250200000000,0.187600000000,0.173100000000,96.9147950810002
contact,2,68.333333,15.518519,2.0,68.33,15.52,96.86637833300028,2.5263,107.35113662499998,0.145300000000,0.160600000000,0.147700000000,0.189800000000,0.310600000000,0.236500000000,0.190600000000,0.165600000000,0.149000000000,0.164000000000,0.151600000000,0.193700000000,0.314600000000,0.240000000000,0.193800000000,0.169000000000,0.150800000000,0.164800000000,0.149200000000,0.196800000000,0.317900000000,0.240900000000,0.188500000000,0.166700000000,0.141000000000,0.154000000000,0.137300000000,0.185600000000,0.307200000000,0.230700000000,0.177200000000,0.156600000000,0.138500000000,0.151500000000,0.133300000000,0.182700000000,0.305000000000,0.229500000000,0.175200000000,0.155700000000,0.145500000000,0.156800000000,0.136800000000,0.189200000000,0.311700000000,0.235700000000,0.178700000000,0.161400000000,0.171700000000,0.179000000000,0.153700000000,0.213600000000,0.334800000000,0.260700000000,0.200800000000,0.184300000000,0.157600000000,0.164100000000,0.140200000000,0.199800000000,0.321000000000,0.246700000000,0.186600000000,0.170000000000,108.36486228900003
baseline,3,88.025641,17.712251,2.0,88.03,17.71,111.38606933300025,0,,0.144200000000,0.160500000000,0.164500000000,0.189300000000,0.307300000000,0.237500000000,0.191400000000,0.166800000000,0.148000000000,0.164200000000,0.168500000000,0.193500000000,0.311000000000,0.241000000000,0.194700000000,0.170200000000,0.149200000000,0.163800000000,0.169000000000,0.196100000000,0.313900000000,0.241100000000,0.188400000000,0.167000000000,0.139400000000,0.153100000000,0.158100000000,0.184800000000,0.303300000000,0.230900000000,0.177100000000,0.156800000000,0.136700000000,0.150300000000,0.155400000000,0.182200000000,0.301100000000,0.229600000000,0.175000000000,0.156100000000,0.145100000000,0.156400000000,0.163500000000,0.190600000000,0.309300000000,0.237000000000,0.179300000000,0.162600000000,0.173800000000,0.179600000000,0.191400000000,0.218600000000,0.335900000000,0.263900000000,0.202800000000,0.187000000000,0.159500000000,0.164600000000,0.177200000000,0.204400000000,0.321900000000,0.249600000000,0.188100000000,0.172200000000,111.42861703400013
contact,3,88.025641,17.712251,2.0,88.03,17.71,111.38606933300025,2.6315,122.87819201800039,0.142500000000,0.159800000000,0.161000000000,0.214200000000,0.309500000000,0.241200000000,0.191600000000,0.168900000000,0.146300000000,0.163300000000,0.165100000000,0.218300000000,0.313000000000,0.244800000000,0.194700000000,0.172100000000,0.146900000000,0.162800000000,0.164700000000,0.221300000000,0.316500000000,0.246500000000,0.188900000000,0.170100000000,0.137300000000,0.152200000000,0.153800000000,0.210300000000,0.305500000000,0.236400000000,0.178000000000,0.160300000000,0.134700000000,0.149500000000,0.150700000000,0.207600000000,0.303600000000,0.235000000000,0.175800000000,0.159200000000,0.142700000000,0.155400000000,0.158200000000,0.214900000000,0.311400000000,0.241700000000,0.179900000000,0.165400000000,0.170900000000,0.178000000000,0.185500000000,0.240700000000,0.335800000000,0.265900000000,0.202800000000,0.188500000000,0.155700000000,0.162200000000,0.170300000000,0.225800000000,0.320900000000,0.251200000000,0.187900000000,0.173300000000,123.87926638200042
baseline,4,48.641026,21.005698,4.0,48.64,21.01,128.4105551980001,0,,0.142200000000,0.159600000000,0.160700000000,0.221800000000,0.310900000000,0.236200000000,0.191400000000,0.170200000000,0.146200000000,0.163100000000,0.164800000000,0.225800000000,0.315100000000,0.239600000000,0.194600000000,0.173800000000,0.146400000000,0.162400000000,0.164100000000,0.228200000000,0.317900000000,0.240200000000,0.188100000000,0.171200000000,0.136700000000,0.151700000000,0.153000000000,0.217100000000,0.306800000000,0.230000000000,0.176900000000,0.161500000000,0.133600000000,0.148500000000,0.149700000000,0.214200000000,0.303900000000,0.228400000000,0.174300000000,0.160400000000,0.139900000000,0.153100000000,0.155800000000,0.220400000000,0.309500000000,0.234000000000,0.177400000000,0.165700000000,0.170600000000,0.178000000000,0.185600000000,0.250100000000,0.339700000000,0.262700000000,0.202400000000,0.192000000000,0.155600000000,0.162500000000,0.170700000000,0.235500000000,0.325100000000,0.248000000000,0.187600000000,0.177100000000,128.47211389400036
contact,4,48.641026,21.005698,4.0,48.64,21.01,128.4105551980001,4.1908,140.493697117,0.155300000000,0.147300000000,0.168300000000,0.340700000000,0.309700000000,0.235700000000,0.191200000000,0.170800000000,0.159000000000,0.150600000000,0.172200000000,0.345000000000,0.313400000000,0.239100000000,0.194200000000,0.173900000000,0.157100000000,0.143100000000,0.171900000000,0.348400000000,0.316700000000,0.240000000000,0.188100000000,0.171200000000,0.146400000000,0.129700000000,0.160500000000,0.337800000000,0.305500000000,0.229500000000,0.176600000000,0.160900000000,0.143200000000,0.124600000000,0.157300000000,0.336500000000,0.302900000000,0.227900000000,0.174300000000,0.159800000000,0.151000000000,0.131700000000,0.164400000000,0.344300000000,0.309700000000,0.234300000000,0.178000000000,0.165500000000,0.181800000000,0.160100000000,0.194100000000,0.373600000000,0.338400000000,0.262500000000,0.202700000000,0.191200000000,0.166500000000,0.144400000000,0.178300000000,0.361100000000,0.323300000000,0.247200000000,0.187300000000,0.175600000000,141.52295759400022
baseline,5,47.0,29.0,4.0,47.0,29.0,143.712025282,0,,0.145700000000,0.161800000000,0.163500000000,0.350900000000,0.309200000000,0.239200000000,0.191200000000,0.201800000000,0.149300000000,0.165300000000,0.167300000000,0.357900000000,0.312800000000,0.242600000000,0.194400000000,0.224700000000,0.150200000000,0.165500000000,0.167400000000,0.364600000000,0.316200000000,0.243400000000,0.188400000000,0.182500000000,0.140000000000,0.154500000000,0.156200000000,0.357600000000,0.305300000000,0.233200000000,0.176900000000,0.174500000000,0.137300000000,0.151500000000,0.153200000000,0.356400000000,0.302400000000,0.232100000000,0.174800000000,0.174200000000,0.144300000000,0.156800000000,0.160100000000,0.364100000000,0.309200000000,0.238500000000,0.178700000000,0.176300000000,0.175000000000,0.181500000000,0.190000000000,0.398700000000,0.338500000000,0.267500000000,0.203900000000,0.237200000000,0.158700000000,0.164600000000,0.173400000000,0.389500000000,0.322700000000,0.251400000000,0.187500000000,0.198300000000,143.7203818300004
contact,5,47.0,29.0,4.0,47.0,29.0,143.712025282,4.1787,155.52372887500042,0.206200000000,0.109500000000,0.208000000000,0.412000000000,0.310900000000,0.418100000000,0.192100000000,0.169700000000,0.208000000000,0.107500000000,0.211100000000,0.403200000000,0.315100000000,0.421300000000,0.194100000000,0.172100000000,0.220800000000,0.132700000000,0.218200000000,0.412500000000,0.321300000000,0.423700000000,0.189600000000,0.170500000000,0.209400000000,0.123000000000,0.206000000000,0.420700000000,0.309500000000,0.413400000000,0.178100000000,0.160100000000,0.206200000000,0.121500000000,0.202500000000,0.417000000000,0.307100000000,0.412300000000,0.176200000000,0.159300000000,0.211400000000,0.128300000000,0.207800000000,0.428200000000,0.313800000000,0.418500000000,0.180200000000,0.165100000000,0.236700000000,0.153100000000,0.231700000000,0.451200000000,0.338900000000,0.441600000000,0.203100000000,0.189000000000,0.221100000000,0.137500000000,0.215800000000,0.433800000000,0.324100000000,0.426900000000,0.187900000000,0.173500000000,156.5697924870001
baseline,6,79.820513,22.88604,4.0,79.82,22.89,160.6535600950001,0,,0.149100000000,0.163000000000,0.168600000000,0.473700000000,0.300800000000,0.436400000000,0.191900000000,0.167900000000,0.152700000000,0.166300000000,0.172500000000,0.476200000000,0.304900000000,0.439500000000,0.194900000000,0.171200000000,0.154600000000,0.166000000000,0.173500000000,0.478300000000,0.308700000000,0.439800000000,0.189100000000,0.168600000000,0.143900000000,0.153900000000,0.162200000000,0.467300000000,0.297800000000,0.429400000000,0.177600000000,0.158300000000,0.141000000000,0.150400000000,0.159300000000,0.474600000000,0.296300000000,0.428500000000,0.175900000000,0.157600000000,0.149200000000,0.156500000000,0.167000000000,0.474400000000,0.304600000000,0.435800000000,0.180000000000,0.164300000000,0.177200000000,0.179400000000,0.193800000000,0.500400000000,0.331300000000,0.460400000000,0.203500000000,0.188700000000,0.161600000000,0.163100000000,0.177800000000,0.491700000000,0.315200000000,0.447200000000,0.188000000000,0.172900000000,160.69781392700042
contact,6,79.820513,22.88604,4.0,79.82,22.89,160.6535600950001,4.0432,173.10738356400043,0.143300000000,0.157800000000,0.165900000000,0.475800000000,0.307700000000,0.422700000000,0.191100000000,0.167300000000,0.146800000000,0.160900000000,0.169700000000,0.470900000000,0.310200000000,0.425500000000,0.194100000000,0.170300000000,0.147800000000,0.160200000000,0.170200000000,0.473800000000,0.312100000000,0.426500000000,0.188300000000,0.168500000000,0.138300000000,0.149300000000,0.159400000000,0.474400000000,0.300900000000,0.417200000000,0.177500000000,0.158900000000,0.135600000000,0.146500000000,0.156700000000,0.467500000000,0.298600000000,0.416000000000,0.175700000000,0.158300000000,0.143800000000,0.152400000000,0.163900000000,0.476300000000,0.306000000000,0.422500000000,0.179500000000,0.164200000000,0.170800000000,0.174800000000,0.189800000000,0.497100000000,0.330900000000,0.445700000000,0.201700000000,0.187100000000,0.155900000000,0.159500000000,0.174800000000,0.486100000000,0.316900000000,0.432800000000,0.187200000000,0.172300000000,174.14834030500015
baseline,7,48.641026,30.948718,3.0,48.64,30.95,178.1595422940004,0,,0.142900000000,0.157600000000,0.162900000000,0.482300000000,0.299600000000,0.421100000000,0.190800000000,0.167700000000,0.146400000000,0.160900000000,0.166700000000,0.482300000000,0.303700000000,0.424700000000,0.193700000000,0.170500000000,0.147800000000,0.160500000000,0.167600000000,0.491000000000,0.307300000000,0.425100000000,0.188400000000,0.168500000000,0.137600000000,0.149200000000,0.156300000000,0.485700000000,0.295500000000,0.415800000000,0.177100000000,0.158400000000,0.135200000000,0.146500000000,0.153800000000,0.473100000000,0.293700000000,0.414900000000,0.175400000000,0.157700000000,0.143300000000,0.152400000000,0.161200000000,0.478800000000,0.300900000000,0.421300000000,0.179300000000,0.163600000000,0.170100000000,0.174300000000,0.186700000000,0.505200000000,0.326900000000,0.444500000000,0.201200000000,0.186200000000,0.155100000000,0.159000000000,0.171500000000,0.492500000000,0.311500000000,0.430900000000,0.186700000000,0.171300000000,178.20861223400016
contact,7,48.641026,30.948718,3.0,48.64,30.95,178.1595422940004,3.1831,190.16689621700016,0.191800000000,0.110200000000,0.200300000000,0.249600000000,0.293700000000,0.378100000000,0.189100000000,0.167900000000,0.196300000000,0.115300000000,0.204700000000,0.252600000000,0.298000000000,0.381400000000,0.192400000000,0.171300000000,0.207500000000,0.132600000000,0.211200000000,0.261100000000,0.305300000000,0.384200000000,0.188000000000,0.170000000000,0.197000000000,0.123800000000,0.200200000000,0.246700000000,0.293800000000,0.374600000000,0.177300000000,0.160300000000,0.194500000000,0.122800000000,0.197400000000,0.246300000000,0.292200000000,0.373700000000,0.175700000000,0.160000000000,0.199500000000,0.129400000000,0.202800000000,0.253300000000,0.299100000000,0.380300000000,0.179400000000,0.166000000000,0.223400000000,0.152900000000,0.225600000000,0.278600000000,0.323100000000,0.404300000000,0.201500000000,0.188700000000,0.208100000000,0.137500000000,0.210000000000,0.264800000000,0.308200000000,0.390400000000,0.186600000000,0.173700000000,191.19143219800026
baseline,8,91.307692,16.076923,2.0,91.31,16.08,196.16815755300013,0,,0.148300000000,0.157900000000,0.167100000000,0.200000000000,0.289900000000,0.371000000000,0.194100000000,0.167400000000,0.152300000000,0.161800000000,0.171500000000,0.204300000000,0.294200000000,0.374200000000,0.197500000000,0.170900000000,0.155000000000,0.163300000000,0.173700000000,0.208600000000,0.299000000000,0.376100000000,0.193000000000,0.169600000000,0.143900000000,0.151300000000,0.161700000000,0.196600000000,0.288000000000,0.365400000000,0.181300000000,0.158700000000,0.140400000000,0.147500000000,0.158200000000,0.193700000000,0.284100000000,0.363800000000,0.179300000000,0.158100000000,0.153200000000,0.157400000000,0.168800000000,0.204900000000,0.295100000000,0.373700000000,0.186800000000,0.167400000000,0.167100000000,0.167700000000,0.183000000000,0.219800000000,0.310300000000,0.388600000000,0.199100000000,0.180200000000,0.161900000000,0.161900000000,0.177700000000,0.214300000000,0.304600000000,0.383000000000,0.193800000000,0.174400000000,196.18585168400023
contact,8,91.307692,16.076923,2.0,91.31,16.08,196.16815755300013,2.0277,206.23323147400015,0.143900000000,0.155200000000,0.162100000000,0.201100000000,0.289000000000,0.364900000000,0.198900000000,0.169300000000,0.147800000000,0.158800000000,0.166200000000,0.205400000000,0.292400000000,0.368500000000,0.202200000000,0.172600000000,0.149100000000,0.159400000000,0.166200000000,0.208400000000,0.296200000000,0.368100000000,0.197100000000,0.170800000000,0.138800000000,0.148200000000,0.155000000000,0.197300000000,0.286000000000,0.357500000000,0.186200000000,0.160800000000,0.135700000000,0.145200000000,0.152000000000,0.194700000000,0.282900000000,0.355700000000,0.184500000000,0.160100000000,0.144600000000,0.152200000000,0.160200000000,0.203300000000,0.291400000000,0.361600000000,0.189600000000,0.167100000000,0.158700000000,0.161700000000,0.172800000000,0.214900000000,0.301900000000,0.367100000000,0.199200000000,0.175900000000,0.156200000000,0.158500000000,0.170000000000,0.212300000000,0.300500000000,0.365000000000,0.196700000000,0.173300000000,207.23713336500032
baseline,9,106.076923,14.846154,4.0,106.08,14.85,209.8692507120004,0,,0.143700000000,0.155500000000,0.162200000000,0.201200000000,0.287500000000,0.379000000000,0.199000000000,0.168600000000,0.147700000000,0.159200000000,0.166400000000,0.205300000000,0.291800000000,0.382700000000,0.202300000000,0.172000000000,0.149300000000,0.159800000000,0.166700000000,0.208600000000,0.295400000000,0.384500000000,0.197300000000,0.170300000000,0.138700000000,0.148400000000,0.155300000000,0.197100000000,0.284200000000,0.374800000000,0.186000000000,0.160200000000,0.135400000000,0.145100000000,0.151900000000,0.194500000000,0.282700000000,0.373800000000,0.184000000000,0.159500000000,0.145200000000,0.152700000000,0.161000000000,0.204200000000,0.291200000000,0.382400000000,0.189900000000,0.167600000000,0.159300000000,0.162100000000,0.174000000000,0.217600000000,0.305400000000,0.394600000000,0.199700000000,0.178500000000,0.156500000000,0.158600000000,0.170800000000,0.214700000000,0.301900000000,0.391900000000,0.197100000000,0.175600000000,209.89994519600032
contact,9,106.076923,14.846154,4.0,106.08,14.85,209.8692507120004,4.1598,221.774450678,0.142500000000,0.154300000000,0.160400000000,0.202100000000,0.278100000000,0.448400000000,0.209200000000,0.175000000000,0.146500000000,0.157900000000,0.164400000000,0.207000000000,0.282200000000,0.454400000000,0.212500000000,0.178600000000,0.147700000000,0.158100000000,0.164000000000,0.208300000000,0.283800000000,0.457200000000,0.209800000000,0.178900000000,0.137200000000,0.146900000000,0.152500000000,0.196800000000,0.273200000000,0.444700000000,0.198900000000,0.168800000000,0.133900000000,0.143700000000,0.149200000000,0.194600000000,0.270200000000,0.444800000000,0.196700000000,0.167300000000,0.143200000000,0.150900000000,0.157800000000,0.203100000000,0.279700000000,0.453600000000,0.202100000000,0.174400000000,0.158000000000,0.160900000000,0.171200000000,0.217000000000,0.293100000000,0.466400000000,0.212600000000,0.183600000000,0.155000000000,0.157400000000,0.167800000000,0.213900000000,0.291400000000,0.464300000000,0.209600000000,0.180200000000,222.81889728600027
baseline,10,74.897436,28.321937,4.0,74.9,28.32,226.94225569200034,0,,0.142600000000,0.154900000000,0.160500000000,0.203000000000,0.276000000000,0.442300000000,0.204800000000,0.174700000000,0.146500000000,0.158400000000,0.164500000000,0.207200000000,0.281500000000,0.445000000000,0.208300000000,0.178500000000,0.147200000000,0.158000000000,0.163600000000,0.208900000000,0.282700000000,0.445600000000,0.203900000000,0.177200000000,0.137000000000,0.146900000000,0.152400000000,0.197600000000,0.271500000000,0.436600000000,0.193100000000,0.167500000000,0.134100000000,0.144300000000,0.149400000000,0.195000000000,0.269600000000,0.435800000000,0.191700000000,0.167500000000,0.144700000000,0.152500000000,0.159200000000,0.205600000000,0.279400000000,0.443400000000,0.197900000000,0.176500000000,0.172100000000,0.175100000000,0.185200000000,0.231900000000,0.306400000000,0.468000000000,0.221300000000,0.200600000000,0.154700000000,0.157400000000,0.167400000000,0.214300000000,0.289100000000,0.453100000000,0.203900000000,0.183000000000,226.94684258000007
contact,10,74.897436,28.321937,4.0,74.9,28.32,226.94225569200034,4.3368,238.8563931880003,0.140400000000,0.152500000000,0.163200000000,0.408900000000,0.252600000000,0.398400000000,0.201400000000,0.177400000000,0.143400000000,0.155200000000,0.165800000000,0.413000000000,0.253700000000,0.400600000000,0.203700000000,0.179800000000,0.145200000000,0.156200000000,0.168500000000,0.432400000000,0.271100000000,0.405000000000,0.200800000000,0.180300000000,0.134600000000,0.145000000000,0.156700000000,0.421100000000,0.261200000000,0.395200000000,0.189800000000,0.170100000000,0.131600000000,0.142000000000,0.153300000000,0.416500000000,0.260500000000,0.394100000000,0.187900000000,0.169400000000,0.140300000000,0.148800000000,0.161200000000,0.423500000000,0.269000000000,0.402100000000,0.192800000000,0.176400000000,0.159400000000,0.162700000000,0.178600000000,0.440900000000,0.287200000000,0.418400000000,0.207200000000,0.191800000000,0.152300000000,0.155100000000,0.171100000000,0.435000000000,0.281400000000,0.412100000000,0.200400000000,0.184600000000,239.8634497490002
baseline,11,83.102564,17.626781,3.0,83.1,17.63,242.44736978000037,0,,0.141800000000,0.154300000000,0.162300000000,0.394500000000,0.279900000000,0.420000000000,0.203300000000,0.176400000000,0.145500000000,0.157600000000,0.166200000000,0.397800000000,0.283700000000,0.421800000000,0.206400000000,0.179700000000,0.146900000000,0.158000000000,0.166000000000,0.399700000000,0.286400000000,0.422500000000,0.202700000000,0.178900000000,0.136800000000,0.147100000000,0.154800000000,0.388900000000,0.275200000000,0.413500000000,0.192300000000,0.169200000000,0.133800000000,0.144200000000,0.150800000000,0.385700000000,0.272600000000,0.411900000000,0.190400000000,0.168000000000,0.143100000000,0.152600000000,0.159400000000,0.394600000000,0.283100000000,0.419700000000,0.197500000000,0.177700000000,0.162700000000,0.166700000000,0.178200000000,0.412200000000,0.300600000000,0.437100000000,0.211800000000,0.192800000000,0.156300000000,0.159200000000,0.170700000000,0.406400000000,0.293400000000,0.432000000000,0.205100000000,0.185800000000,242.45749825200028
contact,11,83.102564,17.626781,3.0,83.1,17.63,242.44736978000037,3.3913,254.41596811800036,0.140300000000,0.153200000000,0.160000000000,0.395000000000,0.268100000000,0.438600000000,0.204000000000,0.174400000000,0.144100000000,0.156500000000,0.164100000000,0.398300000000,0.272300000000,0.442100000000,0.207100000000,0.177600000000,0.144800000000,0.156400000000,0.163100000000,0.397700000000,0.271400000000,0.443000000000,0.202700000000,0.176100000000,0.135100000000,0.145900000000,0.152000000000,0.386400000000,0.259400000000,0.434100000000,0.192200000000,0.166600000000,0.132100000000,0.143100000000,0.148400000000,0.383500000000,0.255300000000,0.432600000000,0.190500000000,0.165900000000,0.143900000000,0.152700000000,0.159300000000,0.391700000000,0.263400000000,0.441500000000,0.198200000000,0.175600000000,0.159100000000,0.163100000000,0.172800000000,0.402400000000,0.274300000000,0.453400000000,0.208800000000,0.186800000000,0.153100000000,0.156600000000,0.166700000000,0.397200000000,0.269300000000,0.448800000000,0.203000000000,0.180800000000,255.44225812900004
baseline,12,47.0,21.0,3.0,47.0,21.0,259.7385170120001,0,,0.140400000000,0.153500000000,0.158900000000,0.399400000000,0.275500000000,0.350100000000,0.202900000000,0.174400000000,0.144200000000,0.157300000000,0.163100000000,0.403800000000,0.279900000000,0.353500000000,0.206200000000,0.177700000000,0.145000000000,0.156900000000,0.162200000000,0.405500000000,0.282700000000,0.354400000000,0.201600000000,0.176500000000,0.135100000000,0.146200000000,0.151200000000,0.395100000000,0.271300000000,0.344700000000,0.191100000000,0.166800000000,0.132200000000,0.143400000000,0.148100000000,0.391900000000,0.268800000000,0.344000000000,0.189300000000,0.166300000000,0.142400000000,0.151600000000,0.158400000000,0.401900000000,0.279500000000,0.353800000000,0.196000000000,0.175400000000,0.159900000000,0.163900000000,0.173700000000,0.416100000000,0.294800000000,0.368500000000,0.207900000000,0.188300000000,0.152700000000,0.156200000000,0.166100000000,0.409800000000,0.287900000000,0.361800000000,0.201100000000,0.181200000000,259.7704946360004
contact,12,47.0,21.0,3.0,47.0,21.0,259.7385170120001,3.6028,270.9744008390003,0.161900000000,0.127100000000,0.173800000000,0.405400000000,0.276700000000,0.353700000000,0.202800000000,0.174000000000,0.165600000000,0.130500000000,0.177700000000,0.409600000000,0.280500000000,0.356700000000,0.206000000000,0.177100000000,0.166600000000,0.116300000000,0.179800000000,0.412300000000,0.284600000000,0.358400000000,0.201700000000,0.176000000000,0.156000000000,0.099940000000,0.168500000000,0.401200000000,0.273100000000,0.348600000000,0.190800000000,0.166100000000,0.152000000000,0.090110000000,0.164800000000,0.398300000000,0.269900000000,0.347200000000,0.188400000000,0.164900000000,0.165200000000,0.107500000000,0.176600000000,0.409200000000,0.281400000000,0.357500000000,0.194700000000,0.174400000000,0.184700000000,0.128900000000,0.193800000000,0.424700000000,0.298100000000,0.373500000000,0.208400000000,0.189000000000,0.176400000000,0.120900000000,0.185200000000,0.417300000000,0.289900000000,0.365700000000,0.200200000000,0.180500000000,272.0205563720001
baseline,13,74.897436,26.51567,2.0,74.9,26.52,275.7038231630004,0,,0.145500000000,0.159000000000,0.162800000000,0.410200000000,0.274900000000,0.330100000000,0.202500000000,0.173800000000,0.149400000000,0.162600000000,0.166800000000,0.413700000000,0.278900000000,0.333500000000,0.205900000000,0.177200000000,0.151200000000,0.164400000000,0.167000000000,0.415600000000,0.281600000000,0.334400000000,0.201300000000,0.175600000000,0.141400000000,0.153700000000,0.156000000000,0.405300000000,0.270400000000,0.324700000000,0.190700000000,0.165900000000,0.138600000000,0.150900000000,0.153000000000,0.402700000000,0.269000000000,0.323900000000,0.189100000000,0.165500000000,0.149800000000,0.159300000000,0.163400000000,0.412800000000,0.278500000000,0.333400000000,0.194800000000,0.174100000000,0.167200000000,0.172000000000,0.179600000000,0.427400000000,0.295000000000,0.349300000000,0.208000000000,0.188200000000,0.158400000000,0.162700000000,0.171000000000,0.420300000000,0.287600000000,0.341300000000,0.199600000000,0.179600000000,275.74823697500005
contact,13,74.897436,26.51567,2.0,74.9,26.52,275.7038231630004,2.4116,286.05424026000037,0.142500000000,0.155500000000,0.164500000000,0.398700000000,0.262900000000,0.327900000000,0.201800000000,0.172600000000,0.146100000000,0.159000000000,0.168400000000,0.401100000000,0.266800000000,0.331200000000,0.205000000000,0.175900000000,0.144600000000,0.156900000000,0.162500000000,0.383500000000,0.251700000000,0.326700000000,0.197800000000,0.171200000000,0.137500000000,0.149000000000,0.155100000000,0.382600000000,0.249400000000,0.320500000000,0.189500000000,0.164200000000,0.135100000000,0.146700000000,0.152800000000,0.382700000000,0.250400000000,0.320600000000,0.188400000000,0.164300000000,0.145400000000,0.154700000000,0.162500000000,0.397100000000,0.263200000000,0.329900000000,0.193800000000,0.172500000000,0.163400000000,0.167800000000,0.179200000000,0.414300000000,0.282100000000,0.346500000000,0.207100000000,0.186800000000,0.154600000000,0.158500000000,0.170300000000,0.406300000000,0.273800000000,0.338500000000,0.198900000000,0.178200000000,287.0674228480002
baseline,14,81.461538,19.358974,1.0,81.46,19.36,289.3250091580003,0,,0.142000000000,0.155200000000,0.159700000000,0.452300000000,0.274600000000,0.328000000000,0.202000000000,0.172400000000,0.145900000000,0.158900000000,0.164000000000,0.456200000000,0.278700000000,0.331400000000,0.205300000000,0.175700000000,0.147700000000,0.160300000000,0.164500000000,0.456700000000,0.282200000000,0.333100000000,0.201300000000,0.174700000000,0.137700000000,0.149600000000,0.153200000000,0.447800000000,0.270900000000,0.322900000000,0.190300000000,0.164800000000,0.134700000000,0.146500000000,0.149600000000,0.444500000000,0.268400000000,0.321800000000,0.188800000000,0.164700000000,0.146300000000,0.156600000000,0.161000000000,0.456300000000,0.279700000000,0.332400000000,0.195800000000,0.174100000000,0.162700000000,0.167600000000,0.175400000000,0.468500000000,0.294300000000,0.346900000000,0.207600000000,0.186700000000,0.156700000000,0.161300000000,0.168400000000,0.463700000000,0.288400000000,0.340700000000,0.201800000000,0.180800000000,289.3318711920001
contact,14,81.461538,19.358974,1.0,81.46,19.36,289.3250091580003,1.1176,298.5611841350001,0.141100000000,0.154100000000,0.158100000000,0.468400000000,0.273300000000,0.329700000000,0.201500000000,0.171600000000,0.144500000000,0.157300000000,0.161900000000,0.474200000000,0.277100000000,0.332800000000,0.204600000000,0.174800000000,0.146100000000,0.158400000000,0.162100000000,0.475200000000,0.280100000000,0.334700000000,0.200800000000,0.174100000000,0.137000000000,0.148500000000,0.151600000000,0.465600000000,0.269300000000,0.325700000000,0.190700000000,0.164900000000,0.133700000000,0.145400000000,0.148100000000,0.462400000000,0.266200000000,0.324600000000,0.188800000000,0.164500000000,0.142200000000,0.151800000000,0.155600000000,0.469400000000,0.272500000000,0.331400000000,0.192600000000,0.170700000000,0.161600000000,0.166100000000,0.173600000000,0.485400000000,0.291000000000,0.348500000000,0.207100000000,0.185900000000,0.153300000000,0.157400000000,0.165100000000,0.478800000000,0.283100000000,0.340600000000,0.199300000000,0.177800000000,299.585300191
baseline,15,102.794872,14.74359,4.0,102.79,14.74,302.729875556,0,,0.141000000000,0.154200000000,0.157700000000,0.440100000000,0.275400000000,0.329400000000,0.201800000000,0.171200000000,0.144800000000,0.157600000000,0.161700000000,0.442700000000,0.278600000000,0.332600000000,0.205000000000,0.174500000000,0.146900000000,0.159400000000,0.162700000000,0.447000000000,0.283400000000,0.334900000000,0.201800000000,0.174100000000,0.136500000000,0.148000000000,0.150900000000,0.436000000000,0.271700000000,0.324500000000,0.190200000000,0.163600000000,0.133300000000,0.145000000000,0.147300000000,0.432800000000,0.269100000000,0.323500000000,0.188500000000,0.163200000000,0.147000000000,0.156500000000,0.160200000000,0.444900000000,0.281900000000,0.335500000000,0.197900000000,0.174800000000,0.159100000000,0.163600000000,0.170800000000,0.454700000000,0.292700000000,0.346000000000,0.205200000000,0.183200000000,0.155000000000,0.159100000000,0.166500000000,0.451700000000,0.288700000000,0.342100000000,0.201400000000,0.179100000000,302.7813087950003
contact,15,102.794872,14.74359,4.0,102.79,14.74,302.729875556,4.2097,314.13652934200036,0.140100000000,0.152700000000,0.156100000000,0.446500000000,0.272600000000,0.314900000000,0.203900000000,0.127900000000,0.143800000000,0.156300000000,0.160100000000,0.450400000000,0.276800000000,0.318400000000,0.207000000000,0.131300000000,0.145100000000,0.157400000000,0.160300000000,0.452400000000,0.280600000000,0.319300000000,0.202900000000,0.124200000000,0.135300000000,0.146600000000,0.149000000000,0.442100000000,0.269100000000,0.308800000000,0.192000000000,0.111200000000,0.132400000000,0.144000000000,0.145800000000,0.439700000000,0.266700000000,0.307300000000,0.189800000000,0.107000000000,0.146000000000,0.155500000000,0.158700000000,0.451900000000,0.279100000000,0.318200000000,0.197900000000,0.111200000000,0.162300000000,0.167300000000,0.173900000000,0.465500000000,0.293800000000,0.329600000000,0.208300000000,0.107600000000,0.150800000000,0.155200000000,0.162100000000,0.455200000000,0.282500000000,0.318400000000,0.196900000000,0.093410000000,315.164928057
baseline,16,74.897436,24.709402,4.0,74.9,24.71,318.95155018100013,0,,0.140900000000,0.154100000000,0.157100000000,0.452900000000,0.274300000000,0.312600000000,0.202200000000,0.174400000000,0.144800000000,0.157700000000,0.161200000000,0.456600000000,0.277500000000,0.316100000000,0.205600000000,0.177900000000,0.145000000000,0.157600000000,0.160300000000,0.458300000000,0.280900000000,0.317000000000,0.200800000000,0.176700000000,0.135000000000,0.146900000000,0.148900000000,0.447700000000,0.268700000000,0.306800000000,0.189700000000,0.166600000000,0.132400000000,0.144200000000,0.145800000000,0.445500000000,0.266200000000,0.305900000000,0.188100000000,0.166300000000,0.141800000000,0.151700000000,0.154500000000,0.453800000000,0.275100000000,0.314400000000,0.193900000000,0.174200000000,0.160700000000,0.165600000000,0.172000000000,0.469500000000,0.292800000000,0.331100000000,0.208400000000,0.188900000000,0.152800000000,0.157000000000,0.163500000000,0.461900000000,0.284700000000,0.323300000000,0.200700000000,0.180700000000,318.95970816800036
contact,16,74.897436,24.709402,4.0,74.9,24.71,318.95155018100013,4.3265,330.71275884900024,0.140900000000,0.153900000000,0.167000000000,0.431200000000,0.263900000000,0.312600000000,0.200900000000,0.172000000000,0.144600000000,0.157200000000,0.170900000000,0.434600000000,0.267900000000,0.315900000000,0.203900000000,0.175200000000,0.144600000000,0.156500000000,0.168900000000,0.421400000000,0.257600000000,0.314400000000,0.198700000000,0.172900000000,0.134000000000,0.145000000000,0.156100000000,0.409100000000,0.243800000000,0.303500000000,0.187200000000,0.162300000000,0.132600000000,0.143400000000,0.155100000000,0.412400000000,0.247400000000,0.304500000000,0.186600000000,0.163000000000,0.142500000000,0.151500000000,0.164900000000,0.425900000000,0.260700000000,0.314100000000,0.192700000000,0.171500000000,0.161000000000,0.165000000000,0.181800000000,0.444900000000,0.281000000000,0.331000000000,0.206800000000,0.186100000000,0.152400000000,0.155900000000,0.172900000000,0.438300000000,0.272900000000,0.322700000000,0.198500000000,0.177400000000,331.7431012090001
baseline,17,65.051282,22.937322,2.0,65.05,22.94,334.0701941790003,0,,0.140400000000,0.153600000000,0.160900000000,0.466300000000,0.276300000000,0.312300000000,0.201300000000,0.171300000000,0.144300000000,0.157100000000,0.164900000000,0.469600000000,0.280100000000,0.315900000000,0.204400000000,0.174500000000,0.145100000000,0.157000000000,0.165000000000,0.471900000000,0.284300000000,0.316900000000,0.199500000000,0.172700000000,0.135500000000,0.146400000000,0.153800000000,0.462000000000,0.273200000000,0.307200000000,0.188700000000,0.163000000000,0.132600000000,0.143600000000,0.150800000000,0.460600000000,0.271300000000,0.306100000000,0.187200000000,0.162600000000,0.142500000000,0.151700000000,0.159700000000,0.468700000000,0.280400000000,0.314600000000,0.193100000000,0.170600000000,0.160400000000,0.164700000000,0.176200000000,0.483500000000,0.296900000000,0.330500000000,0.206600000000,0.184600000000,0.152500000000,0.156300000000,0.167900000000,0.477500000000,0.288800000000,0.323100000000,0.199100000000,0.176600000000,334.07518255800005
contact,17,65.051282,22.937322,2.0,65.05,22.94,334.0701941790003,2.0238,344.77650547600024,0.141500000000,0.155100000000,0.145200000000,0.467400000000,0.275000000000,0.312900000000,0.201000000000,0.170800000000,0.145000000000,0.158300000000,0.148700000000,0.470300000000,0.278600000000,0.316100000000,0.204000000000,0.173900000000,0.144900000000,0.159000000000,0.142300000000,0.473300000000,0.282500000000,0.317200000000,0.199400000000,0.172400000000,0.134600000000,0.147900000000,0.128800000000,0.464200000000,0.270800000000,0.306800000000,0.188300000000,0.162300000000,0.132200000000,0.145600000000,0.126800000000,0.460300000000,0.268700000000,0.306000000000,0.186800000000,0.162000000000,0.142800000000,0.153700000000,0.138700000000,0.468900000000,0.278600000000,0.315200000000,0.193400000000,0.170700000000,0.160600000000,0.166400000000,0.157700000000,0.483400000000,0.295100000000,0.330700000000,0.206500000000,0.184500000000,0.152800000000,0.158100000000,0.150000000000,0.477200000000,0.287500000000,0.323400000000,0.199200000000,0.176700000000,345.7926740570001
baseline,18,89.666667,27.962963,3.0,89.67,27.96,349.2119646880001,0,,0.140000000000,0.153900000000,0.161700000000,0.467800000000,0.272800000000,0.313100000000,0.200900000000,0.173200000000,0.143600000000,0.157200000000,0.165600000000,0.469600000000,0.276500000000,0.316200000000,0.204000000000,0.176700000000,0.144900000000,0.157700000000,0.167300000000,0.472800000000,0.280600000000,0.317400000000,0.199300000000,0.175300000000,0.134300000000,0.146300000000,0.155400000000,0.463800000000,0.269100000000,0.306800000000,0.187800000000,0.164800000000,0.131200000000,0.143300000000,0.152200000000,0.459100000000,0.267100000000,0.305300000000,0.185600000000,0.163900000000,0.140100000000,0.150500000000,0.160200000000,0.468700000000,0.275000000000,0.312600000000,0.190800000000,0.171000000000,0.159600000000,0.165000000000,0.177800000000,0.484000000000,0.292500000000,0.330700000000,0.206100000000,0.187100000000,0.151400000000,0.156200000000,0.169200000000,0.476300000000,0.284400000000,0.322600000000,0.198100000000,0.178900000000,349.2558454320001
contact,18,89.666667,27.962963,3.0,89.67,27.96,349.2119646880001,3.345,361.3135826900002,0.139500000000,0.154000000000,0.158000000000,0.299100000000,0.274200000000,0.318000000000,0.201700000000,0.175400000000,0.142900000000,0.157000000000,0.161500000000,0.302500000000,0.277800000000,0.320500000000,0.204500000000,0.178100000000,0.143500000000,0.156800000000,0.161800000000,0.305300000000,0.281200000000,0.321500000000,0.199100000000,0.174800000000,0.132900000000,0.145600000000,0.149800000000,0.293500000000,0.269600000000,0.310500000000,0.187500000000,0.164000000000,0.130000000000,0.142800000000,0.146700000000,0.290700000000,0.266400000000,0.308900000000,0.185400000000,0.163200000000,0.137600000000,0.148700000000,0.153700000000,0.297700000000,0.273800000000,0.315800000000,0.190000000000,0.169500000000,0.158400000000,0.164400000000,0.173000000000,0.316600000000,0.292700000000,0.334300000000,0.205900000000,0.186200000000,0.150300000000,0.155600000000,0.164400000000,0.308600000000,0.284700000000,0.326300000000,0.198000000000,0.177900000000,362.3713761390004
baseline,19,51.923077,17.08547,3.0,51.92,17.09,366.8971113040002,0,,0.139500000000,0.154100000000,0.157500000000,0.320900000000,0.273300000000,0.319800000000,0.201600000000,0.172100000000,0.143200000000,0.157400000000,0.161500000000,0.324800000000,0.277200000000,0.323100000000,0.204700000000,0.175300000000,0.143800000000,0.157300000000,0.161700000000,0.327300000000,0.280500000000,0.323700000000,0.199500000000,0.172900000000,0.134200000000,0.147300000000,0.151000000000,0.316700000000,0.269400000000,0.314000000000,0.189100000000,0.163300000000,0.131300000000,0.144300000000,0.147700000000,0.314100000000,0.266700000000,0.312600000000,0.187200000000,0.162900000000,0.141500000000,0.151900000000,0.156500000000,0.322600000000,0.275300000000,0.320400000000,0.192500000000,0.170100000000,0.157700000000,0.163400000000,0.171500000000,0.337300000000,0.290800000000,0.335000000000,0.204900000000,0.183100000000,0.152600000000,0.157700000000,0.165800000000,0.332300000000,0.285300000000,0.329900000000,0.200100000000,0.178100000000,366.8979542300003
contact,19,51.923077,17.08547,3.0,51.92,17.09,366.8971113040002,3.7329,379.3659569150004,0.141200000000,0.155100000000,0.160700000000,0.316100000000,0.273600000000,0.320500000000,0.201000000000,0.171300000000,0.145100000000,0.158400000000,0.164600000000,0.320100000000,0.277400000000,0.323900000000,0.204200000000,0.174700000000,0.145700000000,0.157000000000,0.165200000000,0.322600000000,0.281400000000,0.324300000000,0.199000000000,0.172400000000,0.135600000000,0.146300000000,0.154000000000,0.311600000000,0.269300000000,0.314500000000,0.188200000000,0.162500000000,0.132700000000,0.143800000000,0.150800000000,0.309100000000,0.267100000000,0.313300000000,0.186400000000,0.161900000000,0.143000000000,0.152400000000,0.161000000000,0.319000000000,0.276900000000,0.322700000000,0.193400000000,0.171100000000,0.155900000000,0.161100000000,0.172200000000,0.330100000000,0.288800000000,0.333600000000,0.201400000000,0.180100000000,0.152800000000,0.157400000000,0.168700000000,0.327200000000,0.285400000000,0.330600000000,0.198800000000,0.176800000000,380.41333755100004
baseline,20,83.102564,24.623932,4.0,83.1,24.62,384.41297343800034,0,,0.139200000000,0.154400000000,0.157500000000,0.312700000000,0.272000000000,0.320400000000,0.200600000000,0.170500000000,0.142700000000,0.157600000000,0.161200000000,0.316300000000,0.275400000000,0.323400000000,0.203500000000,0.173500000000,0.144200000000,0.157900000000,0.161700000000,0.319500000000,0.279400000000,0.324600000000,0.199000000000,0.171900000000,0.134100000000,0.147000000000,0.150400000000,0.308500000000,0.268200000000,0.314600000000,0.187900000000,0.161900000000,0.131600000000,0.144700000000,0.147700000000,0.306100000000,0.266000000000,0.313500000000,0.186400000000,0.161400000000,0.140700000000,0.151600000000,0.156000000000,0.314300000000,0.274900000000,0.321300000000,0.191400000000,0.168600000000,0.159700000000,0.165400000000,0.173200000000,0.331100000000,0.291500000000,0.337900000000,0.205700000000,0.183700000000,0.151600000000,0.156900000000,0.164800000000,0.323400000000,0.283700000000,0.330200000000,0.198000000000,0.175600000000,384.4749727780004
contact,20,83.102564,24.623932,4.0,83.1,24.62,384.41297343800034,4.2944,396.9367994700001,0.138400000000,0.154000000000,0.157500000000,0.297500000000,0.262700000000,0.329600000000,0.200700000000,0.172100000000,0.141700000000,0.157100000000,0.161100000000,0.300800000000,0.266000000000,0.332500000000,0.203600000000,0.175000000000,0.141800000000,0.156100000000,0.159300000000,0.294500000000,0.258400000000,0.332700000000,0.198500000000,0.173600000000,0.132200000000,0.145700000000,0.148200000000,0.283800000000,0.246500000000,0.322800000000,0.187800000000,0.164000000000,0.130200000000,0.143700000000,0.146400000000,0.284100000000,0.249400000000,0.322600000000,0.186600000000,0.164000000000,0.139200000000,0.150700000000,0.154900000000,0.294100000000,0.259400000000,0.330600000000,0.191600000000,0.170900000000,0.158600000000,0.164800000000,0.172600000000,0.312500000000,0.278500000000,0.347100000000,0.205700000000,0.185700000000,0.150600000000,0.156200000000,0.164400000000,0.305600000000,0.271200000000,0.339300000000,0.198100000000,0.177600000000,397.99364494600013
baseline,21,84.74359,29.820513,2.0,84.74,29.82,400.0054056170002,0,,0.138700000000,0.154000000000,0.157300000000,0.300500000000,0.275600000000,0.324900000000,0.200600000000,0.171800000000,0.142300000000,0.157100000000,0.161100000000,0.303600000000,0.279200000000,0.327900000000,0.203600000000,0.175000000000,0.143600000000,0.157000000000,0.161700000000,0.307800000000,0.284300000000,0.330300000000,0.199200000000,0.174100000000,0.133600000000,0.146200000000,0.150500000000,0.296600000000,0.272800000000,0.320200000000,0.188200000000,0.164000000000,0.131100000000,0.143800000000,0.147900000000,0.295300000000,0.271500000000,0.319000000000,0.186600000000,0.163300000000,0.140000000000,0.150600000000,0.155700000000,0.302800000000,0.278100000000,0.326100000000,0.191500000000,0.170200000000,0.159300000000,0.164800000000,0.173200000000,0.319300000000,0.296100000000,0.342300000000,0.206000000000,0.185300000000,0.151300000000,0.156300000000,0.164800000000,0.310900000000,0.287400000000,0.334900000000,0.198200000000,0.177200000000,400.0575520800003
contact,21,84.74359,29.820513,2.0,84.74,29.82,400.0054056170002,2.3278,410.498352094,0.136400000000,0.151700000000,0.152200000000,0.278600000000,0.222000000000,0.337200000000,0.198600000000,0.167100000000,0.139900000000,0.154800000000,0.155900000000,0.282700000000,0.226100000000,0.340600000000,0.201700000000,0.170400000000,0.141900000000,0.155600000000,0.159300000000,0.302000000000,0.252000000000,0.344600000000,0.198600000000,0.170100000000,0.132000000000,0.144900000000,0.148500000000,0.292800000000,0.243100000000,0.334400000000,0.187600000000,0.160000000000,0.129600000000,0.142300000000,0.145800000000,0.291100000000,0.242300000000,0.333500000000,0.186000000000,0.159500000000,0.138400000000,0.149200000000,0.153900000000,0.300300000000,0.251800000000,0.341000000000,0.190800000000,0.166400000000,0.158000000000,0.163600000000,0.171800000000,0.318800000000,0.270900000000,0.358000000000,0.205300000000,0.181500000000,0.149600000000,0.154700000000,0.163100000000,0.310400000000,0.263600000000,0.350200000000,0.197300000000,0.173200000000,411.5073932060004
baseline,22,91.307692,21.153846,1.0,91.31,21.15,413.85273990500036,0,,0.138800000000,0.154100000000,0.157000000000,0.321800000000,0.279000000000,0.337700000000,0.201200000000,0.168700000000,0.142500000000,0.157500000000,0.161000000000,0.325500000000,0.283900000000,0.341000000000,0.204300000000,0.172100000000,0.143000000000,0.156700000000,0.159900000000,0.327000000000,0.284300000000,0.341600000000,0.199200000000,0.169700000000,0.133300000000,0.146100000000,0.148800000000,0.315700000000,0.273000000000,0.331400000000,0.188400000000,0.159700000000,0.130500000000,0.143400000000,0.145500000000,0.315500000000,0.270500000000,0.330300000000,0.186700000000,0.159100000000,0.141800000000,0.152400000000,0.155700000000,0.324600000000,0.281500000000,0.339400000000,0.193600000000,0.168200000000,0.158600000000,0.164200000000,0.171200000000,0.338400000000,0.295500000000,0.353800000000,0.205800000000,0.180900000000,0.152100000000,0.157100000000,0.164300000000,0.334100000000,0.290200000000,0.348000000000,0.199700000000,0.174600000000,413.9063001710001
contact,22,91.307692,21.153846,1.0,91.31,21.15,413.85273990500036,1.0114,423.5421568630004,0.138000000000,0.153200000000,0.155200000000,0.333700000000,0.281500000000,0.421500000000,0.201000000000,0.174800000000,0.141200000000,0.156200000000,0.158600000000,0.336800000000,0.284800000000,0.424200000000,0.203800000000,0.177700000000,0.141900000000,0.155800000000,0.158000000000,0.339300000000,0.287900000000,0.424100000000,0.199900000000,0.178300000000,0.132300000000,0.145100000000,0.146900000000,0.328500000000,0.276500000000,0.414400000000,0.189000000000,0.168500000000,0.128800000000,0.141700000000,0.143200000000,0.323300000000,0.273000000000,0.411100000000,0.186200000000,0.166800000000,0.138800000000,0.149900000000,0.152300000000,0.334000000000,0.281800000000,0.419500000000,0.192800000000,0.175300000000,0.157600000000,0.163400000000,0.169400000000,0.350200000000,0.298100000000,0.435200000000,0.206300000000,0.189300000000,0.149500000000,0.154700000000,0.160900000000,0.342200000000,0.290400000000,0.427700000000,0.198400000000,0.181000000000,424.55708436500026
baseline,23,56.846154,22.965812,2.0,56.85,22.97,428.65570704300035,0,,0.138300000000,0.153300000000,0.155100000000,0.329400000000,0.273000000000,0.435700000000,0.200700000000,0.170200000000,0.141700000000,0.156400000000,0.158800000000,0.331000000000,0.277300000000,0.439500000000,0.203600000000,0.173300000000,0.142400000000,0.156000000000,0.158300000000,0.333900000000,0.281300000000,0.442000000000,0.199600000000,0.173300000000,0.132300000000,0.145000000000,0.146800000000,0.322700000000,0.269700000000,0.432400000000,0.188200000000,0.162900000000,0.129300000000,0.142000000000,0.143400000000,0.321800000000,0.266000000000,0.430600000000,0.185900000000,0.161800000000,0.137500000000,0.148200000000,0.150900000000,0.329100000000,0.273500000000,0.437800000000,0.190600000000,0.168400000000,0.157400000000,0.163000000000,0.169200000000,0.344200000000,0.291100000000,0.453800000000,0.205500000000,0.183600000000,0.150200000000,0.155300000000,0.161600000000,0.337100000000,0.284300000000,0.447000000000,0.198500000000,0.176300000000,428.6860937720003
contact,23,56.846154,22.965812,2.0,56.85,22.97,428.65570704300035,2.0067,438.6233617380003,0.114100000000,0.156200000000,0.158900000000,0.328500000000,0.270800000000,0.428000000000,0.200000000000,0.167700000000,0.117200000000,0.159300000000,0.162500000000,0.331300000000,0.275200000000,0.431700000000,0.202900000000,0.170700000000,0.103900000000,0.157300000000,0.161200000000,0.333900000000,0.277100000000,0.432900000000,0.198500000000,0.169600000000,0.089980000000,0.145700000000,0.149500000000,0.322500000000,0.265400000000,0.422900000000,0.187100000000,0.159300000000,0.085990000000,0.142500000000,0.146300000000,0.319500000000,0.262700000000,0.421300000000,0.184900000000,0.158200000000,0.097030000000,0.149000000000,0.153800000000,0.326500000000,0.270800000000,0.428300000000,0.189500000000,0.164600000000,0.123300000000,0.165000000000,0.173000000000,0.345000000000,0.289700000000,0.444700000000,0.205200000000,0.180800000000,0.116700000000,0.157100000000,0.165300000000,0.338000000000,0.282100000000,0.438400000000,0.198100000000,0.173400000000,439.6735545010001
baseline,24,56.846154,24.897436,3.0,56.85,24.9,441.33969154700026,0,,0.144500000000,0.154400000000,0.156500000000,0.325800000000,0.269900000000,0.428200000000,0.200500000000,0.168300000000,0.148000000000,0.157500000000,0.160200000000,0.331500000000,0.273400000000,0.431400000000,0.203600000000,0.171400000000,0.150900000000,0.158000000000,0.160800000000,0.334100000000,0.276700000000,0.433600000000,0.199200000000,0.170500000000,0.140500000000,0.146900000000,0.149300000000,0.320600000000,0.265000000000,0.423500000000,0.188000000000,0.160300000000,0.138000000000,0.144000000000,0.146300000000,0.319800000000,0.262100000000,0.422200000000,0.185900000000,0.159400000000,0.145300000000,0.149800000000,0.153200000000,0.326600000000,0.270100000000,0.428400000000,0.190400000000,0.165800000000,0.164600000000,0.164200000000,0.171100000000,0.344200000000,0.287400000000,0.443800000000,0.205200000000,0.181000000000,0.156400000000,0.155900000000,0.162600000000,0.337400000000,0.279600000000,0.436900000000,0.197500000000,0.173200000000,441.4024875570003
contact,24,56.846154,24.897436,3.0,56.85,24.9,441.33969154700026,3.4963,452.65038917100037,0.110700000000,0.155300000000,0.159700000000,0.323000000000,0.268700000000,0.424100000000,0.199700000000,0.167300000000,0.113500000000,0.158300000000,0.163300000000,0.326300000000,0.272300000000,0.426400000000,0.202500000000,0.170200000000,0.096260000000,0.155300000000,0.161600000000,0.329700000000,0.274900000000,0.427200000000,0.197800000000,0.168900000000,0.083710000000,0.143400000000,0.149700000000,0.318500000000,0.262700000000,0.417700000000,0.186200000000,0.158200000000,0.087620000000,0.142400000000,0.148200000000,0.314400000000,0.261800000000,0.416600000000,0.184900000000,0.158100000000,0.099590000000,0.148500000000,0.155100000000,0.321200000000,0.267900000000,0.422700000000,0.189000000000,0.164000000000,0.124600000000,0.164500000000,0.174300000000,0.340100000000,0.287000000000,0.440000000000,0.205000000000,0.180600000000,0.117200000000,0.156200000000,0.166000000000,0.332200000000,0.280100000000,0.433200000000,0.197300000000,0.172600000000,453.65364958200007
baseline,25,109.358974,27.48433,4.0,109.36,27.48,459.17752558200027,0,,0.144000000000,0.153700000000,0.156500000000,0.320400000000,0.269600000000,0.414400000000,0.200100000000,0.167400000000,0.147300000000,0.157000000000,0.160200000000,0.324100000000,0.273000000000,0.417600000000,0.203000000000,0.170500000000,0.149100000000,0.156700000000,0.160300000000,0.326200000000,0.275900000000,0.418800000000,0.198500000000,0.169400000000,0.139000000000,0.146000000000,0.149000000000,0.315100000000,0.264200000000,0.409100000000,0.187400000000,0.159400000000,0.136700000000,0.143700000000,0.146600000000,0.312700000000,0.262500000000,0.408200000000,0.186100000000,0.159000000000,0.144900000000,0.150100000000,0.154200000000,0.320700000000,0.271100000000,0.415700000000,0.190900000000,0.166100000000,0.162900000000,0.163200000000,0.170600000000,0.337200000000,0.287000000000,0.430800000000,0.204600000000,0.180300000000,0.154800000000,0.154900000000,0.162400000000,0.330900000000,0.279300000000,0.423100000000,0.197200000000,0.172300000000,459.1792384960004
contact,25,109.358974,27.48433,4.0,109.36,27.48,459.17752558200027,4.0838,471.7401459300004,0.141000000000,0.152900000000,0.155500000000,0.320000000000,0.268700000000,0.414100000000,0.191100000000,0.187400000000,0.144300000000,0.156000000000,0.159000000000,0.324600000000,0.272100000000,0.417200000000,0.193000000000,0.189900000000,0.146100000000,0.156300000000,0.159500000000,0.326600000000,0.276100000000,0.420300000000,0.202200000000,0.193400000000,0.135900000000,0.145400000000,0.148300000000,0.317400000000,0.264500000000,0.410300000000,0.191200000000,0.183300000000,0.133700000000,0.143100000000,0.145700000000,0.313300000000,0.262200000000,0.408900000000,0.189300000000,0.182300000000,0.142800000000,0.150100000000,0.154200000000,0.321600000000,0.270800000000,0.416200000000,0.194700000000,0.189000000000,0.160400000000,0.163000000000,0.170200000000,0.337200000000,0.287100000000,0.430300000000,0.207300000000,0.201000000000,0.152300000000,0.154500000000,0.162000000000,0.329500000000,0.279100000000,0.423300000000,0.199500000000,0.192800000000,472.7620909860002
baseline,26,106.076923,19.615385,2.0,106.08,19.62,475.009599988,0,,0.141700000000,0.154200000000,0.156600000000,0.324000000000,0.269500000000,0.410900000000,0.213500000000,0.178800000000,0.145300000000,0.157700000000,0.160700000000,0.329300000000,0.274100000000,0.414100000000,0.216600000000,0.182200000000,0.147500000000,0.158000000000,0.161200000000,0.332000000000,0.276600000000,0.416300000000,0.213500000000,0.181600000000,0.136600000000,0.146100000000,0.149500000000,0.319300000000,0.265600000000,0.406100000000,0.201400000000,0.170800000000,0.134300000000,0.143900000000,0.146300000000,0.317000000000,0.262200000000,0.404600000000,0.198900000000,0.169600000000,0.144500000000,0.150900000000,0.155000000000,0.326100000000,0.272300000000,0.413000000000,0.203500000000,0.177400000000,0.160800000000,0.163400000000,0.170800000000,0.340700000000,0.287800000000,0.426500000000,0.215200000000,0.188900000000,0.154700000000,0.156700000000,0.164100000000,0.335200000000,0.281000000000,0.420600000000,0.209100000000,0.182300000000,475.02539278300037
contact,26,106.076923,19.615385,2.0,106.08,19.62,475.009599988,2.1966,485.2840113520001,0.140500000000,0.153400000000,0.155900000000,0.326400000000,0.269000000000,0.415900000000,0.207800000000,0.172500000000,0.144100000000,0.156800000000,0.159700000000,0.331200000000,0.271900000000,0.419200000000,0.210800000000,0.175700000000,0.145700000000,0.156900000000,0.160000000000,0.333800000000,0.276000000000,0.421000000000,0.207100000000,0.174500000000,0.134700000000,0.145200000000,0.148100000000,0.322100000000,0.262900000000,0.410600000000,0.195000000000,0.163400000000,0.132100000000,0.142500000000,0.145100000000,0.319500000000,0.260300000000,0.409400000000,0.192800000000,0.162500000000,0.141400000000,0.149500000000,0.153400000000,0.328100000000,0.269000000000,0.417100000000,0.197600000000,0.169400000000,0.159200000000,0.162400000000,0.169700000000,0.342800000000,0.285400000000,0.432100000000,0.211200000000,0.183900000000,0.152100000000,0.154800000000,0.162200000000,0.336400000000,0.278200000000,0.425700000000,0.204500000000,0.176900000000,486.3471817560003
baseline,27,84.74359,28.082621,1.0,84.74,28.08,489.6038455730004,0,,0.139800000000,0.153000000000,0.155400000000,0.325600000000,0.267600000000,0.422400000000,0.205700000000,0.172700000000,0.143200000000,0.156200000000,0.159000000000,0.329400000000,0.271100000000,0.425000000000,0.208700000000,0.175600000000,0.144400000000,0.155900000000,0.159000000000,0.332800000000,0.274300000000,0.426500000000,0.204600000000,0.174400000000,0.134200000000,0.144800000000,0.147700000000,0.321500000000,0.262500000000,0.416900000000,0.193200000000,0.164000000000,0.131900000000,0.142400000000,0.145000000000,0.318700000000,0.260400000000,0.416500000000,0.191400000000,0.163500000000,0.140600000000,0.149100000000,0.152800000000,0.326200000000,0.268400000000,0.422100000000,0.196400000000,0.170500000000,0.159100000000,0.162700000000,0.169500000000,0.342600000000,0.286000000000,0.437700000000,0.209600000000,0.184400000000,0.150600000000,0.153500000000,0.160700000000,0.335800000000,0.277800000000,0.429500000000,0.201500000000,0.175900000000,489.60848140300004
contact,27,84.74359,28.082621,1.0,84.74,28.08,489.6038455730004,1.3929,498.8302768640001,0.138600000000,0.152100000000,0.152800000000,0.312000000000,0.239700000000,0.444700000000,0.203100000000,0.169900000000,0.141600000000,0.154700000000,0.156000000000,0.313900000000,0.241700000000,0.446500000000,0.205600000000,0.172600000000,0.143600000000,0.155300000000,0.158400000000,0.326400000000,0.258400000000,0.451100000000,0.202200000000,0.172200000000,0.133200000000,0.143900000000,0.146900000000,0.316300000000,0.247800000000,0.440100000000,0.190500000000,0.161500000000,0.130300000000,0.141000000000,0.143600000000,0.313800000000,0.246500000000,0.438600000000,0.188300000000,0.160600000000,0.137100000000,0.146100000000,0.149800000000,0.320200000000,0.252500000000,0.445000000000,0.191900000000,0.165900000000,0.158400000000,0.162100000000,0.169600000000,0.340100000000,0.272800000000,0.462000000000,0.207700000000,0.182300000000,0.149600000000,0.152900000000,0.160400000000,0.332700000000,0.264900000000,0.453600000000,0.199300000000,0.173500000000,499.8598408580001
baseline,28,71.615385,24.74359,3.0,71.62,24.74,502.382657396,0,,0.139400000000,0.153200000000,0.155100000000,0.330800000000,0.266600000000,0.457000000000,0.204200000000,0.170900000000,0.142900000000,0.156400000000,0.158800000000,0.334900000000,0.271000000000,0.459800000000,0.207300000000,0.173900000000,0.143800000000,0.155800000000,0.158500000000,0.336200000000,0.273900000000,0.459000000000,0.202200000000,0.171900000000,0.133400000000,0.144700000000,0.147100000000,0.326200000000,0.261700000000,0.450100000000,0.191000000000,0.161500000000,0.130900000000,0.141900000000,0.143900000000,0.322400000000,0.258500000000,0.449700000000,0.188800000000,0.160500000000,0.139500000000,0.148800000000,0.151800000000,0.330400000000,0.267000000000,0.457500000000,0.194100000000,0.167500000000,0.158500000000,0.162700000000,0.169300000000,0.346600000000,0.284200000000,0.473500000000,0.208000000000,0.182100000000,0.150900000000,0.154500000000,0.161400000000,0.338900000000,0.277100000000,0.466600000000,0.201100000000,0.174900000000,502.391817878
contact,28,71.615385,24.74359,3.0,71.62,24.74,502.382657396,3.4422,514.4052712030002,0.142600000000,0.153900000000,0.169400000000,0.333200000000,0.259300000000,0.401300000000,0.204100000000,0.169400000000,0.145900000000,0.156800000000,0.173000000000,0.338000000000,0.262700000000,0.404300000000,0.206800000000,0.172400000000,0.146500000000,0.155900000000,0.172900000000,0.337200000000,0.264500000000,0.405200000000,0.201600000000,0.170100000000,0.136200000000,0.144700000000,0.161000000000,0.324800000000,0.253100000000,0.395200000000,0.190300000000,0.159700000000,0.134100000000,0.142400000000,0.158800000000,0.325400000000,0.251400000000,0.394800000000,0.188500000000,0.159200000000,0.142000000000,0.148500000000,0.166500000000,0.330900000000,0.259100000000,0.401400000000,0.193100000000,0.165700000000,0.161900000000,0.163200000000,0.184600000000,0.349000000000,0.277800000000,0.418100000000,0.208000000000,0.181200000000,0.153900000000,0.154800000000,0.176400000000,0.341600000000,0.270200000000,0.410800000000,0.200400000000,0.173300000000,515.4413552820001
baseline,29,56.846154,17.17094,2.0,56.85,17.17,518.2610133530002,0,,0.141100000000,0.153800000000,0.161000000000,0.337900000000,0.260300000000,0.400500000000,0.204600000000,0.169500000000,0.144800000000,0.157400000000,0.165000000000,0.343000000000,0.264200000000,0.403700000000,0.207900000000,0.172800000000,0.146500000000,0.157400000000,0.166300000000,0.347400000000,0.269300000000,0.405500000000,0.203700000000,0.171600000000,0.136000000000,0.146000000000,0.154400000000,0.335500000000,0.257100000000,0.395300000000,0.191900000000,0.160700000000,0.133100000000,0.143100000000,0.151300000000,0.331700000000,0.255300000000,0.394000000000,0.189900000000,0.160000000000,0.144200000000,0.152200000000,0.161200000000,0.342500000000,0.264900000000,0.402500000000,0.197000000000,0.168900000000,0.160400000000,0.163300000000,0.176000000000,0.356000000000,0.279400000000,0.416600000000,0.208600000000,0.181100000000,0.154300000000,0.156700000000,0.169600000000,0.351200000000,0.274500000000,0.411400000000,0.203100000000,0.175300000000,518.3055100290003
contact,29,56.846154,17.17094,2.0,56.85,17.17,518.2610133530002,2.0456,528.960653439,0.134100000000,0.154600000000,0.159500000000,0.338900000000,0.258400000000,0.405000000000,0.205600000000,0.169100000000,0.137700000000,0.158000000000,0.163400000000,0.342900000000,0.262900000000,0.407500000000,0.208900000000,0.172300000000,0.136600000000,0.157500000000,0.163800000000,0.347300000000,0.265900000000,0.409300000000,0.203800000000,0.170200000000,0.125600000000,0.146400000000,0.152400000000,0.335000000000,0.254600000000,0.399600000000,0.192500000000,0.159600000000,0.122500000000,0.144000000000,0.149600000000,0.332100000000,0.252200000000,0.398200000000,0.190700000000,0.159100000000,0.131700000000,0.152100000000,0.159100000000,0.341600000000,0.261000000000,0.407300000000,0.196900000000,0.167400000000,0.147800000000,0.164500000000,0.175300000000,0.356400000000,0.276800000000,0.420700000000,0.209400000000,0.180300000000,0.141600000000,0.157600000000,0.168600000000,0.350400000000,0.270300000000,0.414700000000,0.203100000000,0.173700000000,530.0215187630001
baseline,30,102.794872,16.356125,1.0,102.79,16.36,535.0076526100002,0,,0.143100000000,0.153600000000,0.157200000000,0.339800000000,0.259000000000,0.407400000000,0.205700000000,0.169200000000,0.146800000000,0.157200000000,0.161100000000,0.343700000000,0.263800000000,0.412000000000,0.208900000000,0.172600000000,0.148500000000,0.156500000000,0.161100000000,0.347200000000,0.266500000000,0.412700000000,0.203700000000,0.170100000000,0.138500000000,0.145400000000,0.149800000000,0.335200000000,0.254700000000,0.402500000000,0.192400000000,0.159800000000,0.136500000000,0.142900000000,0.146800000000,0.334600000000,0.252100000000,0.401500000000,0.190400000000,0.159200000000,0.148200000000,0.152100000000,0.157300000000,0.343900000000,0.262700000000,0.410900000000,0.197900000000,0.168500000000,0.165300000000,0.163700000000,0.172300000000,0.358500000000,0.277700000000,0.424000000000,0.209300000000,0.180400000000,0.158300000000,0.156300000000,0.165100000000,0.350600000000,0.270800000000,0.418000000000,0.202600000000,0.173400000000,535.016793966
contact,30,102.794872,16.356125,1.0,102.79,16.36,535.0076526100002,1.2609,543.5380080550003,0.141400000000,0.153000000000,0.155600000000,0.340600000000,0.257900000000,0.410000000000,0.208700000000,0.136000000000,0.145000000000,0.156400000000,0.159600000000,0.344300000000,0.262500000000,0.413800000000,0.211900000000,0.139400000000,0.146700000000,0.156100000000,0.159700000000,0.347700000000,0.265300000000,0.414000000000,0.207300000000,0.132600000000,0.136600000000,0.145100000000,0.148200000000,0.335500000000,0.253400000000,0.403800000000,0.196000000000,0.119700000000,0.134200000000,0.142500000000,0.145200000000,0.332600000000,0.251300000000,0.402400000000,0.193800000000,0.116100000000,0.145000000000,0.151000000000,0.154900000000,0.342400000000,0.260900000000,0.410500000000,0.199900000000,0.119400000000,0.161000000000,0.161800000000,0.169200000000,0.355900000000,0.274900000000,0.420100000000,0.209000000000,0.118000000000,0.154600000000,0.154500000000,0.162100000000,0.349500000000,0.267400000000,0.413300000000,0.202700000000,0.112300000000,544.603584078
baseline,31,69.974359,28.441595,4.0,69.97,28.44,548.7092120070001,0,,0.141400000000,0.153400000000,0.155700000000,0.340700000000,0.257200000000,0.408600000000,0.206000000000,0.173400000000,0.144800000000,0.156600000000,0.159500000000,0.345900000000,0.261200000000,0.411600000000,0.209000000000,0.176500000000,0.145800000000,0.155400000000,0.158800000000,0.348000000000,0.263800000000,0.412800000000,0.203800000000,0.174900000000,0.135800000000,0.144500000000,0.147500000000,0.336700000000,0.252500000000,0.402500000000,0.193000000000,0.165000000000,0.133600000000,0.141800000000,0.144400000000,0.333900000000,0.249700000000,0.401400000000,0.191100000000,0.164600000000,0.141100000000,0.147400000000,0.151000000000,0.339700000000,0.256800000000,0.407800000000,0.195000000000,0.170300000000,0.171100000000,0.171700000000,0.179000000000,0.368600000000,0.284400000000,0.434000000000,0.219700000000,0.195900000000,0.154400000000,0.154400000000,0.162000000000,0.351200000000,0.267800000000,0.419100000000,0.203400000000,0.179300000000,548.7318157500004
contact,31,69.974359,28.441595,4.0,69.97,28.44,548.7092120070001,4.1645,561.0902625780004,0.141900000000,0.153900000000,0.160900000000,0.353500000000,0.261300000000,0.409200000000,0.204300000000,0.172400000000,0.145000000000,0.156700000000,0.163700000000,0.356500000000,0.264400000000,0.412100000000,0.207000000000,0.175200000000,0.144800000000,0.154800000000,0.163500000000,0.358100000000,0.266900000000,0.412200000000,0.201200000000,0.172700000000,0.135300000000,0.144300000000,0.152700000000,0.347000000000,0.254900000000,0.403000000000,0.190500000000,0.163000000000,0.132800000000,0.141500000000,0.149700000000,0.344300000000,0.252200000000,0.401800000000,0.188300000000,0.162100000000,0.139900000000,0.146600000000,0.155800000000,0.350500000000,0.258500000000,0.407700000000,0.192200000000,0.167700000000,0.174700000000,0.175500000000,0.188100000000,0.381600000000,0.290800000000,0.437000000000,0.221000000000,0.197500000000,0.154300000000,0.154500000000,0.167300000000,0.362400000000,0.270800000000,0.418600000000,0.201100000000,0.177300000000,562.114020424
baseline,32,68.333333,30.333333,3.0,68.33,30.33,563.8869823520004,0,,0.141500000000,0.153900000000,0.165700000000,0.355000000000,0.259900000000,0.408800000000,0.204400000000,0.174900000000,0.145000000000,0.156900000000,0.169300000000,0.358500000000,0.263500000000,0.411600000000,0.207200000000,0.177800000000,0.144900000000,0.155500000000,0.166500000000,0.356200000000,0.265700000000,0.411800000000,0.201700000000,0.175500000000,0.134900000000,0.144300000000,0.154300000000,0.348400000000,0.253800000000,0.401900000000,0.190500000000,0.165500000000,0.132200000000,0.141300000000,0.150600000000,0.345300000000,0.250700000000,0.400200000000,0.188200000000,0.164600000000,0.140700000000,0.148000000000,0.158100000000,0.349100000000,0.258600000000,0.408100000000,0.193600000000,0.171900000000,0.173800000000,0.175100000000,0.188600000000,0.378600000000,0.288300000000,0.435400000000,0.219700000000,0.199100000000,0.153500000000,0.154600000000,0.168300000000,0.360100000000,0.269500000000,0.417200000000,0.201100000000,0.179900000000,563.9117811600004
contact,32,68.333333,30.333333,3.0,68.33,30.33,563.8869823520004,3.3767,575.6678674240002,0.139800000000,0.153200000000,0.127000000000,0.343600000000,0.260200000000,0.414400000000,0.203000000000,0.174300000000,0.143200000000,0.156200000000,0.131200000000,0.347200000000,0.263300000000,0.417900000000,0.206000000000,0.177300000000,0.144900000000,0.155000000000,0.146900000000,0.350900000000,0.267300000000,0.417900000000,0.200700000000,0.175000000000,0.135500000000,0.144400000000,0.137700000000,0.340400000000,0.256300000000,0.408800000000,0.190000000000,0.165200000000,0.133100000000,0.141500000000,0.135800000000,0.337900000000,0.254400000000,0.407500000000,0.187700000000,0.164500000000,0.140700000000,0.147100000000,0.143000000000,0.345000000000,0.260600000000,0.412900000000,0.192000000000,0.170300000000,0.172600000000,0.173100000000,0.172800000000,0.373700000000,0.290200000000,0.440400000000,0.218200000000,0.197300000000,0.154600000000,0.154600000000,0.154600000000,0.356900000000,0.273300000000,0.423400000000,0.200500000000,0.179300000000,576.6939905720001
baseline,33,81.461538,22.880342,3.0,81.46,22.88,579.4104587030001,0,,0.142200000000,0.154400000000,0.162900000000,0.435300000000,0.260700000000,0.416300000000,0.204300000000,0.174600000000,0.145500000000,0.157500000000,0.166700000000,0.438600000000,0.264400000000,0.419700000000,0.207200000000,0.177500000000,0.145200000000,0.155700000000,0.165300000000,0.434700000000,0.266400000000,0.419600000000,0.201600000000,0.175200000000,0.135500000000,0.144800000000,0.153600000000,0.421200000000,0.254700000000,0.410200000000,0.190500000000,0.165000000000,0.132900000000,0.142200000000,0.150300000000,0.418700000000,0.252500000000,0.409200000000,0.188800000000,0.164900000000,0.143300000000,0.150500000000,0.159400000000,0.427700000000,0.261600000000,0.417500000000,0.195600000000,0.173400000000,0.174500000000,0.175700000000,0.188500000000,0.454900000000,0.290800000000,0.443800000000,0.221100000000,0.199500000000,0.156000000000,0.156700000000,0.169800000000,0.439900000000,0.272900000000,0.427100000000,0.203100000000,0.181200000000,579.4242757030001
contact,33,81.461538,22.880342,3.0,81.46,22.88,579.4104587030001,3.192,591.1844406120003,0.140300000000,0.154100000000,0.159800000000,0.437500000000,0.263500000000,0.423700000000,0.203800000000,0.174200000000,0.143600000000,0.157200000000,0.163100000000,0.441000000000,0.266200000000,0.426800000000,0.206600000000,0.177000000000,0.143700000000,0.155900000000,0.162600000000,0.441400000000,0.267400000000,0.428900000000,0.201300000000,0.175800000000,0.134300000000,0.145300000000,0.151400000000,0.430900000000,0.255600000000,0.420400000000,0.190900000000,0.166300000000,0.131700000000,0.142400000000,0.148100000000,0.428400000000,0.252400000000,0.418300000000,0.188800000000,0.165300000000,0.140300000000,0.148800000000,0.155700000000,0.434600000000,0.260300000000,0.425400000000,0.193600000000,0.172000000000,0.172900000000,0.175600000000,0.186200000000,0.462300000000,0.290200000000,0.451900000000,0.220500000000,0.199200000000,0.152900000000,0.155000000000,0.165800000000,0.444700000000,0.270400000000,0.434000000000,0.200700000000,0.179200000000,592.2084705270004
baseline,34,107.717949,22.789174,3.0,107.72,22.79,595.7566914160002,0,,0.140400000000,0.153700000000,0.158500000000,0.431400000000,0.260900000000,0.423200000000,0.203500000000,0.173100000000,0.143600000000,0.156700000000,0.161900000000,0.435300000000,0.264500000000,0.426600000000,0.206300000000,0.176000000000,0.143600000000,0.155500000000,0.161600000000,0.439100000000,0.268800000000,0.428000000000,0.200800000000,0.174200000000,0.134100000000,0.144800000000,0.150500000000,0.429600000000,0.257600000000,0.418800000000,0.190200000000,0.164500000000,0.131500000000,0.141900000000,0.147200000000,0.427500000000,0.255600000000,0.417800000000,0.188100000000,0.163700000000,0.140100000000,0.148400000000,0.154800000000,0.434600000000,0.262500000000,0.423800000000,0.193100000000,0.170500000000,0.172600000000,0.175200000000,0.185000000000,0.462500000000,0.292000000000,0.451200000000,0.220100000000,0.198100000000,0.152000000000,0.154000000000,0.164100000000,0.444000000000,0.271700000000,0.431900000000,0.199800000000,0.177700000000,595.8043207320002
contact,34,107.717949,22.789174,3.0,107.72,22.79,595.7566914160002,3.1544,607.256248961,0.139700000000,0.153400000000,0.157100000000,0.442900000000,0.258000000000,0.425900000000,0.205100000000,0.173100000000,0.143100000000,0.156400000000,0.160500000000,0.445200000000,0.261500000000,0.428800000000,0.208100000000,0.176200000000,0.143000000000,0.154900000000,0.159300000000,0.448000000000,0.264600000000,0.429300000000,0.202100000000,0.174300000000,0.133100000000,0.144100000000,0.148100000000,0.436900000000,0.253300000000,0.420000000000,0.191100000000,0.164500000000,0.130400000000,0.141200000000,0.144800000000,0.433500000000,0.250600000000,0.418400000000,0.189800000000,0.163600000000,0.138700000000,0.147400000000,0.152000000000,0.440200000000,0.257900000000,0.425200000000,0.195100000000,0.170100000000,0.171800000000,0.174700000000,0.183000000000,0.468000000000,0.288500000000,0.452600000000,0.222300000000,0.198000000000,0.151300000000,0.153700000000,0.162100000000,0.450100000000,0.268200000000,0.435000000000,0.202000000000,0.177500000000,608.323192541
baseline,35,69.974359,15.558405,4.0,69.97,15.56,612.7710002190001,0,,0.140100000000,0.153800000000,0.156700000000,0.450400000000,0.258600000000,0.427700000000,0.212500000000,0.175200000000,0.143600000000,0.157100000000,0.160400000000,0.453800000000,0.262200000000,0.430900000000,0.215500000000,0.178300000000,0.144100000000,0.156300000000,0.160200000000,0.456800000000,0.266000000000,0.431600000000,0.211500000000,0.177400000000,0.133600000000,0.144800000000,0.148000000000,0.445900000000,0.254200000000,0.421300000000,0.200300000000,0.166800000000,0.131300000000,0.142200000000,0.145200000000,0.443600000000,0.251700000000,0.421600000000,0.198800000000,0.166100000000,0.141400000000,0.150100000000,0.154100000000,0.452500000000,0.262000000000,0.428400000000,0.205100000000,0.174100000000,0.157700000000,0.160700000000,0.168500000000,0.467000000000,0.275200000000,0.442100000000,0.215800000000,0.185400000000,0.154400000000,0.156000000000,0.163500000000,0.464200000000,0.271600000000,0.438300000000,0.212800000000,0.181100000000,612.7822588150002
contact,35,69.974359,15.558405,4.0,69.97,15.56,612.7710002190001,4.3801,624.8437371780001,0.141100000000,0.154500000000,0.159000000000,0.467700000000,0.258800000000,0.422000000000,0.220400000000,0.172600000000,0.144700000000,0.157600000000,0.162700000000,0.471900000000,0.262600000000,0.424700000000,0.223400000000,0.175700000000,0.145300000000,0.156700000000,0.163000000000,0.477700000000,0.266600000000,0.425900000000,0.218600000000,0.174100000000,0.134900000000,0.145100000000,0.151000000000,0.467800000000,0.254600000000,0.416100000000,0.207000000000,0.163400000000,0.132900000000,0.142900000000,0.148500000000,0.465000000000,0.252600000000,0.415100000000,0.205400000000,0.162900000000,0.143200000000,0.150900000000,0.156500000000,0.467400000000,0.262100000000,0.423300000000,0.211600000000,0.171000000000,0.161100000000,0.163600000000,0.169500000000,0.482600000000,0.276800000000,0.437700000000,0.224000000000,0.184000000000,0.154200000000,0.155900000000,0.162700000000,0.474600000000,0.270000000000,0.430600000000,0.217100000000,0.176800000000,625.9008753020003
baseline,36,83.102564,28.122507,3.0,83.1,28.12,628.8421039880004,0,,0.140200000000,0.154000000000,0.160500000000,0.430700000000,0.258500000000,0.423100000000,0.215200000000,0.171000000000,0.143500000000,0.157200000000,0.164100000000,0.435200000000,0.262200000000,0.425900000000,0.218400000000,0.174200000000,0.143200000000,0.155100000000,0.163600000000,0.436100000000,0.265300000000,0.425800000000,0.212600000000,0.171700000000,0.133700000000,0.144700000000,0.152900000000,0.426100000000,0.254600000000,0.416800000000,0.201700000000,0.162100000000,0.131800000000,0.142700000000,0.150600000000,0.424600000000,0.252500000000,0.416200000000,0.200200000000,0.161700000000,0.141100000000,0.149300000000,0.158800000000,0.432500000000,0.261000000000,0.423600000000,0.205200000000,0.168800000000,0.173800000000,0.176300000000,0.189400000000,0.459800000000,0.291000000000,0.451300000000,0.231700000000,0.196200000000,0.153400000000,0.155200000000,0.169400000000,0.441300000000,0.271000000000,0.432700000000,0.211100000000,0.175500000000,628.8950712660003
contact,36,83.102564,28.122507,3.0,83.1,28.12,628.8421039880004,3.0487,640.3973488440001,0.139000000000,0.153500000000,0.157400000000,0.449700000000,0.239300000000,0.430400000000,0.213000000000,0.172000000000,0.141900000000,0.156200000000,0.160400000000,0.456100000000,0.242400000000,0.432000000000,0.215600000000,0.174700000000,0.142300000000,0.155200000000,0.160900000000,0.465700000000,0.255700000000,0.434400000000,0.211000000000,0.173300000000,0.132400000000,0.144200000000,0.149700000000,0.453900000000,0.244700000000,0.424200000000,0.200300000000,0.163200000000,0.130400000000,0.142000000000,0.147200000000,0.450600000000,0.243700000000,0.422600000000,0.198700000000,0.162600000000,0.139100000000,0.148100000000,0.154800000000,0.457400000000,0.252000000000,0.429700000000,0.203200000000,0.169100000000,0.169700000000,0.173000000000,0.183600000000,0.484600000000,0.279900000000,0.455600000000,0.228200000000,0.194600000000,0.151500000000,0.154200000000,0.165500000000,0.471600000000,0.261900000000,0.439500000000,0.210000000000,0.176200000000,641.4129551660003
baseline,37,101.153846,27.683761,1.0,101.15,27.68,644.3315507870002,0,,0.139300000000,0.153900000000,0.158500000000,0.420600000000,0.260400000000,0.430400000000,0.213600000000,0.172100000000,0.142500000000,0.157000000000,0.161700000000,0.423500000000,0.263700000000,0.433800000000,0.216300000000,0.175000000000,0.142100000000,0.155000000000,0.160500000000,0.425200000000,0.267200000000,0.434000000000,0.210600000000,0.172400000000,0.132300000000,0.144200000000,0.149300000000,0.414800000000,0.255700000000,0.423300000000,0.199900000000,0.162400000000,0.130200000000,0.142000000000,0.146800000000,0.412200000000,0.254100000000,0.421700000000,0.198300000000,0.161800000000,0.138900000000,0.148300000000,0.154200000000,0.419600000000,0.261000000000,0.428900000000,0.203000000000,0.168500000000,0.169800000000,0.174400000000,0.184900000000,0.447200000000,0.290600000000,0.456000000000,0.229700000000,0.196100000000,0.151200000000,0.154100000000,0.164600000000,0.428700000000,0.271600000000,0.438000000000,0.209600000000,0.175600000000,644.343279101
contact,37,101.153846,27.683761,1.0,101.15,27.68,644.3315507870002,1.0461,654.4321166760001,0.138800000000,0.153700000000,0.157200000000,0.416900000000,0.258900000000,0.422100000000,0.213500000000,0.160200000000,0.142000000000,0.156600000000,0.160500000000,0.420000000000,0.262300000000,0.425000000000,0.215900000000,0.162300000000,0.141900000000,0.155400000000,0.159900000000,0.422000000000,0.266200000000,0.425600000000,0.211900000000,0.168300000000,0.131900000000,0.144300000000,0.148400000000,0.411300000000,0.254500000000,0.415100000000,0.200800000000,0.157800000000,0.129900000000,0.142100000000,0.145900000000,0.408700000000,0.251900000000,0.414200000000,0.199000000000,0.157200000000,0.138400000000,0.148400000000,0.153400000000,0.415800000000,0.259700000000,0.421500000000,0.203500000000,0.163900000000,0.171300000000,0.175400000000,0.184300000000,0.444300000000,0.289700000000,0.449400000000,0.230200000000,0.191600000000,0.151000000000,0.154300000000,0.164100000000,0.426100000000,0.269900000000,0.430300000000,0.210200000000,0.171100000000,655.462517678
baseline,38,92.948718,17.797721,2.0,92.95,17.8,657.9419900390003,0,,0.139300000000,0.154300000000,0.157700000000,0.420900000000,0.260100000000,0.422500000000,0.215000000000,0.178200000000,0.142800000000,0.157600000000,0.161300000000,0.423700000000,0.262900000000,0.426500000000,0.218000000000,0.181100000000,0.142900000000,0.156300000000,0.160900000000,0.426600000000,0.266900000000,0.427100000000,0.213500000000,0.180900000000,0.132500000000,0.144900000000,0.149100000000,0.415900000000,0.255400000000,0.416700000000,0.201700000000,0.169200000000,0.129400000000,0.141600000000,0.145200000000,0.413100000000,0.251100000000,0.415100000000,0.198700000000,0.167400000000,0.140900000000,0.150900000000,0.155700000000,0.422800000000,0.261900000000,0.424800000000,0.207100000000,0.176700000000,0.163300000000,0.167200000000,0.175500000000,0.441000000000,0.281700000000,0.441900000000,0.222400000000,0.192500000000,0.153200000000,0.156800000000,0.166100000000,0.433000000000,0.271800000000,0.432800000000,0.213400000000,0.183100000000,657.9933379990002
contact,38,92.948718,17.797721,2.0,92.95,17.8,657.9419900390003,2.4081,668.4894510460003,0.138800000000,0.154100000000,0.156400000000,0.427400000000,0.261900000000,0.406300000000,0.217200000000,0.183100000000,0.142100000000,0.157200000000,0.159900000000,0.430700000000,0.265400000000,0.409600000000,0.220000000000,0.185900000000,0.141800000000,0.155400000000,0.159000000000,0.433400000000,0.269900000000,0.407800000000,0.215400000000,0.186700000000,0.132100000000,0.144900000000,0.147900000000,0.423100000000,0.258400000000,0.396500000000,0.204800000000,0.176900000000,0.129300000000,0.141900000000,0.144500000000,0.420500000000,0.255700000000,0.393800000000,0.202400000000,0.175700000000,0.140200000000,0.150700000000,0.154500000000,0.429900000000,0.265400000000,0.400500000000,0.209500000000,0.184300000000,0.159500000000,0.164100000000,0.171800000000,0.445000000000,0.281300000000,0.411300000000,0.222800000000,0.197000000000,0.151400000000,0.155300000000,0.163800000000,0.437900000000,0.274100000000,0.404200000000,0.214800000000,0.188600000000,669.510620515
baseline,39,50.282051,17.05698,3.0,50.28,17.06,674.2701576530003,0,,0.138800000000,0.154400000000,0.156400000000,0.433200000000,0.258200000000,0.435200000000,0.216400000000,0.175600000000,0.142000000000,0.157500000000,0.159900000000,0.436400000000,0.261900000000,0.437600000000,0.219100000000,0.178600000000,0.141500000000,0.155700000000,0.158900000000,0.438200000000,0.265400000000,0.440300000000,0.214200000000,0.178300000000,0.131900000000,0.144800000000,0.147800000000,0.427900000000,0.254200000000,0.430400000000,0.203500000000,0.168200000000,0.129700000000,0.142600000000,0.145100000000,0.425800000000,0.252200000000,0.429500000000,0.201600000000,0.167600000000,0.142200000000,0.152700000000,0.156600000000,0.436800000000,0.263900000000,0.439800000000,0.209900000000,0.177800000000,0.152700000000,0.157200000000,0.165000000000,0.444300000000,0.272100000000,0.446800000000,0.214700000000,0.183000000000,0.152000000000,0.155800000000,0.164400000000,0.443500000000,0.271700000000,0.447300000000,0.214200000000,0.182100000000,674.3034585110004
contact,39,50.282051,17.05698,3.0,50.28,17.06,674.2701576530003,3.1631,686.0641022990003,0.148200000000,0.159200000000,0.163800000000,0.439700000000,0.259800000000,0.443900000000,0.217600000000,0.174300000000,0.151700000000,0.162200000000,0.167400000000,0.443100000000,0.263800000000,0.447200000000,0.220500000000,0.177300000000,0.153200000000,0.159400000000,0.167000000000,0.445100000000,0.266700000000,0.449000000000,0.215000000000,0.176200000000,0.143000000000,0.148300000000,0.155700000000,0.434600000000,0.256000000000,0.439500000000,0.204100000000,0.165900000000,0.140600000000,0.146000000000,0.153100000000,0.432300000000,0.253100000000,0.438000000000,0.202400000000,0.165100000000,0.150500000000,0.153700000000,0.162400000000,0.440500000000,0.262100000000,0.445200000000,0.208200000000,0.173100000000,0.161700000000,0.160100000000,0.172800000000,0.449800000000,0.271500000000,0.454900000000,0.214500000000,0.179700000000,0.161600000000,0.159700000000,0.172700000000,0.449900000000,0.271600000000,0.454100000000,0.214500000000,0.179700000000,687.0883878100003
baseline,40,97.871795,16.236467,2.0,97.87,16.24,692.2396894360004,0,,0.140000000000,0.157100000000,0.158700000000,0.443800000000,0.257500000000,0.442400000000,0.217400000000,0.173200000000,0.143400000000,0.160300000000,0.162300000000,0.447200000000,0.261300000000,0.446000000000,0.220400000000,0.176300000000,0.144400000000,0.159500000000,0.162300000000,0.449700000000,0.265300000000,0.447600000000,0.215400000000,0.175700000000,0.134000000000,0.148400000000,0.150700000000,0.438800000000,0.253500000000,0.438700000000,0.204300000000,0.165100000000,0.131700000000,0.146000000000,0.147700000000,0.436200000000,0.251300000000,0.436500000000,0.202300000000,0.164300000000,0.142000000000,0.153900000000,0.157100000000,0.445300000000,0.261500000000,0.444500000000,0.208800000000,0.172600000000,0.160200000000,0.166500000000,0.173600000000,0.459900000000,0.276600000000,0.457700000000,0.221000000000,0.185200000000,0.153800000000,0.159400000000,0.166800000000,0.454200000000,0.270500000000,0.452100000000,0.214700000000,0.178800000000,692.2812655810003
contact,40,97.871795,16.236467,2.0,97.87,16.24,692.2396894360004,2.5613,702.6264171080002,0.138900000000,0.156000000000,0.157000000000,0.457300000000,0.257800000000,0.463400000000,0.218300000000,0.176300000000,0.142300000000,0.159300000000,0.160500000000,0.460500000000,0.260500000000,0.465000000000,0.221200000000,0.179400000000,0.142500000000,0.158000000000,0.159700000000,0.462300000000,0.264000000000,0.466600000000,0.216200000000,0.179200000000,0.132300000000,0.147100000000,0.148300000000,0.451900000000,0.252400000000,0.456700000000,0.205300000000,0.168500000000,0.130100000000,0.144700000000,0.145400000000,0.449800000000,0.249900000000,0.456100000000,0.203600000000,0.167600000000,0.141300000000,0.153500000000,0.155700000000,0.459100000000,0.260800000000,0.465000000000,0.210600000000,0.176400000000,0.157600000000,0.164400000000,0.170700000000,0.472300000000,0.274500000000,0.475500000000,0.221500000000,0.186200000000,0.152000000000,0.158000000000,0.164700000000,0.467100000000,0.269000000000,0.470300000000,0.215900000000,0.180700000000,703.6682176200002
baseline,41,94.589744,24.504274,3.0,94.59,24.5,705.8694698970003,0,,0.138500000000,0.155700000000,0.156700000000,0.441900000000,0.256800000000,0.459400000000,0.216600000000,0.175200000000,0.141800000000,0.159000000000,0.160300000000,0.441300000000,0.260300000000,0.461800000000,0.219500000000,0.178300000000,0.142200000000,0.157800000000,0.159500000000,0.442300000000,0.263600000000,0.462700000000,0.214400000000,0.178100000000,0.132700000000,0.147400000000,0.148700000000,0.432000000000,0.252600000000,0.454700000000,0.203900000000,0.168200000000,0.130000000000,0.144500000000,0.145300000000,0.429000000000,0.249800000000,0.452900000000,0.201800000000,0.167400000000,0.137800000000,0.150500000000,0.152600000000,0.435800000000,0.257300000000,0.460200000000,0.206700000000,0.173900000000,0.162200000000,0.169000000000,0.175300000000,0.456200000000,0.279000000000,0.478500000000,0.224900000000,0.192700000000,0.151500000000,0.157500000000,0.164200000000,0.446400000000,0.269100000000,0.470100000000,0.214100000000,0.182000000000,705.9312912540004
contact,41,94.589744,24.504274,3.0,94.59,24.5,705.8694698970003,3.2266,717.6897244360002,0.137800000000,0.155100000000,0.155600000000,0.427500000000,0.260700000000,0.427600000000,0.217200000000,0.184800000000,0.141200000000,0.158300000000,0.159100000000,0.431100000000,0.264300000000,0.431100000000,0.220000000000,0.187700000000,0.140900000000,0.156700000000,0.157800000000,0.433000000000,0.267500000000,0.422700000000,0.216400000000,0.188100000000,0.130800000000,0.145700000000,0.146500000000,0.422400000000,0.256100000000,0.412700000000,0.205300000000,0.177700000000,0.128500000000,0.143300000000,0.143600000000,0.420500000000,0.254200000000,0.415000000000,0.203000000000,0.176900000000,0.136100000000,0.148900000000,0.150500000000,0.426900000000,0.261800000000,0.421400000000,0.207100000000,0.182800000000,0.159400000000,0.166300000000,0.172400000000,0.446900000000,0.282400000000,0.440700000000,0.224300000000,0.200500000000,0.150100000000,0.156200000000,0.162700000000,0.438100000000,0.273000000000,0.433800000000,0.214900000000,0.190900000000,718.7136412320001
baseline,42,76.538462,17.512821,4.0,76.54,17.51,721.7522050090001,0,,0.138600000000,0.155900000000,0.156200000000,0.427300000000,0.258900000000,0.453700000000,0.217400000000,0.179200000000,0.142200000000,0.159100000000,0.160000000000,0.431000000000,0.262300000000,0.456100000000,0.220500000000,0.182300000000,0.142400000000,0.158100000000,0.159300000000,0.434100000000,0.267700000000,0.459300000000,0.216700000000,0.182700000000,0.132700000000,0.147600000000,0.148300000000,0.423500000000,0.256400000000,0.451200000000,0.206000000000,0.172400000000,0.129700000000,0.144500000000,0.144800000000,0.420100000000,0.252600000000,0.450300000000,0.203400000000,0.171100000000,0.139200000000,0.151500000000,0.153300000000,0.427900000000,0.261400000000,0.456700000000,0.208400000000,0.178000000000,0.156400000000,0.163100000000,0.169100000000,0.441900000000,0.276100000000,0.468200000000,0.219700000000,0.189500000000,0.152900000000,0.159100000000,0.165400000000,0.439500000000,0.273900000000,0.467100000000,0.217100000000,0.186800000000,721.7764286020001
contact,42,76.538462,17.512821,4.0,76.54,17.51,721.7522050090001,4.6334,734.746180521,0.138000000000,0.155200000000,0.160500000000,0.427900000000,0.257200000000,0.450500000000,0.216300000000,0.174600000000,0.141300000000,0.158300000000,0.164000000000,0.431300000000,0.261300000000,0.453700000000,0.219200000000,0.177600000000,0.141500000000,0.157200000000,0.164500000000,0.434200000000,0.264900000000,0.454400000000,0.214800000000,0.176900000000,0.131900000000,0.146600000000,0.153700000000,0.423300000000,0.253600000000,0.444000000000,0.204000000000,0.166700000000,0.129500000000,0.144200000000,0.150800000000,0.420700000000,0.250700000000,0.443000000000,0.202200000000,0.165700000000,0.138900000000,0.151000000000,0.159100000000,0.427000000000,0.257500000000,0.449500000000,0.207100000000,0.172700000000,0.153800000000,0.160500000000,0.172100000000,0.435800000000,0.267500000000,0.459000000000,0.216500000000,0.182100000000,0.152000000000,0.158000000000,0.170300000000,0.434400000000,0.266200000000,0.458100000000,0.214700000000,0.180200000000,735.7581660220003
baseline,43,48.641026,26.97151,3.0,48.64,26.97,739.5728612820003,0,,0.137500000000,0.155000000000,0.157900000000,0.429200000000,0.256400000000,0.443800000000,0.215700000000,0.175000000000,0.140900000000,0.158100000000,0.161500000000,0.432600000000,0.260200000000,0.447100000000,0.218700000000,0.178100000000,0.140600000000,0.156500000000,0.160900000000,0.435700000000,0.264300000000,0.448100000000,0.213400000000,0.176600000000,0.131400000000,0.146400000000,0.150500000000,0.425700000000,0.253800000000,0.439500000000,0.203100000000,0.167200000000,0.128900000000,0.143700000000,0.147700000000,0.423100000000,0.251200000000,0.439200000000,0.201100000000,0.166100000000,0.138100000000,0.150400000000,0.156300000000,0.431100000000,0.259800000000,0.445500000000,0.205900000000,0.172900000000,0.163800000000,0.169600000000,0.180100000000,0.452900000000,0.283800000000,0.466500000000,0.225500000000,0.192800000000,0.150300000000,0.156100000000,0.167000000000,0.440900000000,0.270200000000,0.453700000000,0.212300000000,0.179700000000,739.6213412280003
contact,43,48.641026,26.97151,3.0,48.64,26.97,739.5728612820003,3.656,751.8350105320001,0.165900000000,0.139200000000,0.179800000000,0.433400000000,0.260000000000,0.446300000000,0.216400000000,0.175400000000,0.169600000000,0.142300000000,0.183600000000,0.436800000000,0.263900000000,0.448400000000,0.219500000000,0.178400000000,0.160300000000,0.114600000000,0.180400000000,0.436600000000,0.264900000000,0.447600000000,0.210300000000,0.173400000000,0.155400000000,0.115400000000,0.172000000000,0.428100000000,0.256200000000,0.440200000000,0.201500000000,0.165300000000,0.154500000000,0.116900000000,0.169500000000,0.425800000000,0.253400000000,0.439300000000,0.199400000000,0.164300000000,0.162600000000,0.126000000000,0.176300000000,0.432300000000,0.260800000000,0.445400000000,0.203700000000,0.170400000000,0.183800000000,0.145600000000,0.195800000000,0.450200000000,0.279900000000,0.461700000000,0.219000000000,0.186300000000,0.175800000000,0.137500000000,0.187500000000,0.443000000000,0.272200000000,0.454000000000,0.211200000000,0.178300000000,752.8685695090003
baseline,44,69.974359,30.282051,4.0,69.97,30.28,756.0656164070001,0,,0.143600000000,0.164000000000,0.163600000000,0.430400000000,0.257400000000,0.443500000000,0.215400000000,0.177200000000,0.147000000000,0.167300000000,0.167300000000,0.433700000000,0.260500000000,0.446500000000,0.218300000000,0.180500000000,0.146300000000,0.162600000000,0.167000000000,0.436100000000,0.264300000000,0.448100000000,0.212000000000,0.177900000000,0.136700000000,0.153100000000,0.156100000000,0.426000000000,0.253400000000,0.438000000000,0.201400000000,0.168400000000,0.134500000000,0.151000000000,0.152800000000,0.424300000000,0.251000000000,0.437100000000,0.198900000000,0.166700000000,0.142300000000,0.156800000000,0.160800000000,0.431400000000,0.258700000000,0.444000000000,0.204100000000,0.173900000000,0.161500000000,0.169700000000,0.178200000000,0.447400000000,0.276400000000,0.459200000000,0.217500000000,0.187900000000,0.155000000000,0.162500000000,0.171100000000,0.441300000000,0.269700000000,0.453400000000,0.211200000000,0.181700000000,756.0666193520001
contact,44,69.974359,30.282051,4.0,69.97,30.28,756.0656164070001,4.4686,768.8830214180002,0.138100000000,0.157900000000,0.153100000000,0.525500000000,0.257700000000,0.442500000000,0.214300000000,0.188800000000,0.141400000000,0.161000000000,0.157100000000,0.529000000000,0.260600000000,0.446600000000,0.217200000000,0.192000000000,0.139700000000,0.156600000000,0.161300000000,0.530400000000,0.263600000000,0.446800000000,0.210500000000,0.189000000000,0.130800000000,0.147200000000,0.151800000000,0.521700000000,0.253300000000,0.437800000000,0.200200000000,0.179400000000,0.128500000000,0.144400000000,0.149200000000,0.519400000000,0.250900000000,0.435600000000,0.197800000000,0.178200000000,0.135300000000,0.149400000000,0.155400000000,0.524800000000,0.257000000000,0.441300000000,0.201500000000,0.183400000000,0.156200000000,0.164200000000,0.174300000000,0.541700000000,0.276500000000,0.457200000000,0.216400000000,0.199100000000,0.149900000000,0.157200000000,0.167800000000,0.536100000000,0.269900000000,0.451800000000,0.210200000000,0.192800000000,769.915269563
baseline,45,96.230769,19.512821,2.0,96.23,19.51,773.6493192410003,0,,0.139500000000,0.158800000000,0.161600000000,0.495400000000,0.258600000000,0.446300000000,0.215900000000,0.182000000000,0.143400000000,0.162200000000,0.165400000000,0.498500000000,0.262600000000,0.450500000000,0.218900000000,0.185000000000,0.143200000000,0.159700000000,0.164500000000,0.500000000000,0.265300000000,0.451200000000,0.213500000000,0.183400000000,0.133800000000,0.149800000000,0.153800000000,0.488800000000,0.255200000000,0.440500000000,0.202800000000,0.173300000000,0.130300000000,0.146400000000,0.149800000000,0.485000000000,0.251100000000,0.438800000000,0.200400000000,0.172000000000,0.143200000000,0.157000000000,0.161800000000,0.496100000000,0.262000000000,0.449100000000,0.209200000000,0.182700000000,0.157000000000,0.165200000000,0.173800000000,0.506400000000,0.274700000000,0.461300000000,0.217500000000,0.191400000000,0.152900000000,0.160600000000,0.169500000000,0.502300000000,0.271300000000,0.457700000000,0.214000000000,0.187000000000,773.7112347440002
contact,45,96.230769,19.512821,2.0,96.23,19.51,773.6493192410003,2.2436,783.949551403,0.138500000000,0.157700000000,0.157500000000,0.504900000000,0.259800000000,0.450000000000,0.215800000000,0.180300000000,0.141800000000,0.160900000000,0.161200000000,0.507500000000,0.262900000000,0.450800000000,0.218700000000,0.183300000000,0.141400000000,0.158600000000,0.159900000000,0.509600000000,0.266500000000,0.454500000000,0.213700000000,0.183400000000,0.131600000000,0.148200000000,0.148700000000,0.499900000000,0.255300000000,0.444700000000,0.202900000000,0.173300000000,0.128200000000,0.144700000000,0.144700000000,0.496900000000,0.251800000000,0.442200000000,0.200100000000,0.171200000000,0.135400000000,0.150200000000,0.151200000000,0.503100000000,0.258200000000,0.445000000000,0.204000000000,0.176600000000,0.155200000000,0.164100000000,0.169200000000,0.518300000000,0.275400000000,0.460900000000,0.217900000000,0.191300000000,0.150300000000,0.158800000000,0.164100000000,0.513800000000,0.270700000000,0.457500000000,0.213200000000,0.186400000000,784.96060992
baseline,46,76.538462,13.923077,3.0,76.54,13.92,788.0308330840003,0,,0.138600000000,0.157800000000,0.157700000000,0.446400000000,0.257300000000,0.456700000000,0.265300000000,0.177300000000,0.142100000000,0.161200000000,0.161500000000,0.453600000000,0.261000000000,0.461100000000,0.269500000000,0.180600000000,0.141900000000,0.159100000000,0.160600000000,0.455600000000,0.264500000000,0.462500000000,0.265600000000,0.179600000000,0.132400000000,0.149100000000,0.149800000000,0.445100000000,0.253800000000,0.453600000000,0.258700000000,0.170100000000,0.129200000000,0.145800000000,0.146000000000,0.442400000000,0.250200000000,0.454500000000,0.257000000000,0.168500000000,0.140000000000,0.154200000000,0.155800000000,0.451600000000,0.260700000000,0.463200000000,0.263500000000,0.177200000000,0.155000000000,0.163800000000,0.169300000000,0.463700000000,0.273000000000,0.472700000000,0.275600000000,0.187200000000,0.150900000000,0.159100000000,0.165100000000,0.457800000000,0.269800000000,0.469000000000,0.271300000000,0.182700000000,788.0904799940004
contact,46,76.538462,13.923077,3.0,76.54,13.92,788.0308330840003,3.1148,799.0317092200003,0.138300000000,0.157400000000,0.160100000000,0.441800000000,0.253900000000,0.461200000000,0.300900000000,0.176100000000,0.141600000000,0.160700000000,0.163800000000,0.444800000000,0.257900000000,0.465300000000,0.304400000000,0.179200000000,0.141200000000,0.158500000000,0.163000000000,0.445500000000,0.260700000000,0.467600000000,0.298500000000,0.177500000000,0.132100000000,0.148700000000,0.152600000000,0.435300000000,0.249300000000,0.456500000000,0.288800000000,0.168000000000,0.129100000000,0.145700000000,0.149200000000,0.432000000000,0.246000000000,0.455300000000,0.287600000000,0.166700000000,0.139000000000,0.153100000000,0.158100000000,0.439000000000,0.253600000000,0.463300000000,0.292600000000,0.174300000000,0.154500000000,0.163000000000,0.171900000000,0.448000000000,0.263500000000,0.473200000000,0.302800000000,0.184400000000,0.150000000000,0.157700000000,0.167100000000,0.443200000000,0.258500000000,0.470100000000,0.298800000000,0.179700000000,800.0771939400001
baseline,47,68.333333,30.333333,3.0,68.33,30.33,803.0005441050002,0,,0.138000000000,0.157200000000,0.158000000000,0.444900000000,0.254900000000,0.465000000000,0.246100000000,0.174900000000,0.141300000000,0.160300000000,0.161600000000,0.448300000000,0.258600000000,0.466400000000,0.248800000000,0.178100000000,0.140600000000,0.158000000000,0.160700000000,0.449800000000,0.261600000000,0.467800000000,0.243100000000,0.176700000000,0.130900000000,0.147400000000,0.149300000000,0.439300000000,0.250900000000,0.458000000000,0.231900000000,0.166700000000,0.127900000000,0.144500000000,0.146200000000,0.437000000000,0.247400000000,0.456800000000,0.230800000000,0.166800000000,0.139200000000,0.153000000000,0.156400000000,0.446500000000,0.258200000000,0.465300000000,0.237000000000,0.175700000000,0.155900000000,0.164500000000,0.171900000000,0.459900000000,0.272300000000,0.477800000000,0.247800000000,0.188200000000,0.150200000000,0.158200000000,0.166200000000,0.454500000000,0.267200000000,0.473600000000,0.242200000000,0.182100000000,803.0039947980003
contact,47,68.333333,30.333333,3.0,68.33,30.33,803.0005441050002,3.3109,815.0666814000001,0.135400000000,0.155700000000,0.125900000000,0.361500000000,0.254600000000,0.452300000000,0.241500000000,0.175800000000,0.138800000000,0.158600000000,0.130200000000,0.365800000000,0.258100000000,0.456800000000,0.244600000000,0.178900000000,0.139700000000,0.157100000000,0.145800000000,0.370100000000,0.262700000000,0.458100000000,0.239300000000,0.177000000000,0.130000000000,0.146300000000,0.136500000000,0.360100000000,0.251700000000,0.449500000000,0.228300000000,0.166800000000,0.127700000000,0.143600000000,0.134800000000,0.358100000000,0.249400000000,0.447100000000,0.226200000000,0.165800000000,0.134300000000,0.148400000000,0.141200000000,0.364700000000,0.255600000000,0.452900000000,0.229600000000,0.170800000000,0.155500000000,0.163400000000,0.160500000000,0.381200000000,0.273800000000,0.467200000000,0.244200000000,0.186300000000,0.149400000000,0.156500000000,0.153900000000,0.375100000000,0.267800000000,0.463600000000,0.238300000000,0.180000000000,816.1219278550002
baseline,48,60.128205,22.954416,2.0,60.13,22.95,818.5209493350003,0,,0.138100000000,0.156700000000,0.163500000000,0.395800000000,0.256200000000,0.454100000000,0.242400000000,0.177000000000,0.141300000000,0.159800000000,0.167400000000,0.399200000000,0.259800000000,0.457900000000,0.245200000000,0.180100000000,0.140700000000,0.157700000000,0.165300000000,0.400400000000,0.263100000000,0.458200000000,0.239700000000,0.178200000000,0.131400000000,0.147800000000,0.154800000000,0.390300000000,0.251800000000,0.449000000000,0.229500000000,0.168700000000,0.128600000000,0.144800000000,0.151300000000,0.387600000000,0.248600000000,0.448100000000,0.226900000000,0.167300000000,0.137800000000,0.152000000000,0.159700000000,0.396600000000,0.257900000000,0.454800000000,0.233500000000,0.175500000000,0.157100000000,0.165200000000,0.177100000000,0.412300000000,0.274300000000,0.470800000000,0.246100000000,0.188700000000,0.150500000000,0.158000000000,0.170300000000,0.406700000000,0.267500000000,0.465100000000,0.239600000000,0.182000000000,818.5864788060003
contact,48,60.128205,22.954416,2.0,60.13,22.95,818.5209493350003,2.2759,829.6355844140003,0.136500000000,0.158200000000,0.158900000000,0.421300000000,0.250400000000,0.383600000000,0.240900000000,0.176200000000,0.139800000000,0.161200000000,0.162300000000,0.424100000000,0.253800000000,0.386900000000,0.243700000000,0.179100000000,0.137200000000,0.160100000000,0.159100000000,0.425600000000,0.256400000000,0.387800000000,0.238100000000,0.177200000000,0.127500000000,0.149900000000,0.148100000000,0.415600000000,0.245400000000,0.378600000000,0.227600000000,0.167500000000,0.125200000000,0.147300000000,0.144900000000,0.412900000000,0.242600000000,0.377200000000,0.225600000000,0.166500000000,0.134500000000,0.154000000000,0.153300000000,0.420600000000,0.250800000000,0.384300000000,0.230900000000,0.173400000000,0.155300000000,0.168500000000,0.172200000000,0.437500000000,0.269000000000,0.401100000000,0.245600000000,0.188800000000,0.147400000000,0.160000000000,0.163900000000,0.430000000000,0.261100000000,0.393700000000,0.237800000000,0.180800000000,830.6368721980002
baseline,49,51.923077,30.846154,2.0,51.92,30.85,833.0496345260003,0,,0.138500000000,0.157000000000,0.157100000000,0.429000000000,0.250700000000,0.383000000000,0.240800000000,0.180700000000,0.141900000000,0.160300000000,0.160600000000,0.431900000000,0.254500000000,0.386000000000,0.243800000000,0.184400000000,0.142300000000,0.159700000000,0.159200000000,0.433900000000,0.257600000000,0.388000000000,0.238600000000,0.182700000000,0.132100000000,0.148900000000,0.147500000000,0.423100000000,0.246100000000,0.378400000000,0.227900000000,0.172600000000,0.130400000000,0.146900000000,0.145000000000,0.421400000000,0.243900000000,0.377300000000,0.226300000000,0.172300000000,0.139200000000,0.153600000000,0.153100000000,0.428700000000,0.252100000000,0.384500000000,0.231200000000,0.179400000000,0.158900000000,0.167800000000,0.171600000000,0.445900000000,0.270000000000,0.401200000000,0.245900000000,0.195200000000,0.150300000000,0.158500000000,0.162600000000,0.437600000000,0.261400000000,0.392800000000,0.237300000000,0.186800000000,833.0998180880001
contact,49,51.923077,30.846154,2.0,51.92,30.85,833.0496345260003,2.0123,844.1559699960003,0.173600000000,0.155000000000,0.190700000000,0.442000000000,0.257900000000,0.380800000000,0.241500000000,0.180800000000,0.177000000000,0.158000000000,0.194300000000,0.445900000000,0.261600000000,0.383400000000,0.244400000000,0.183800000000,0.182500000000,0.155700000000,0.196900000000,0.449200000000,0.266500000000,0.385400000000,0.237800000000,0.181800000000,0.172200000000,0.144800000000,0.185500000000,0.438500000000,0.255200000000,0.375100000000,0.226500000000,0.171000000000,0.169600000000,0.142300000000,0.182400000000,0.436300000000,0.252600000000,0.373800000000,0.224600000000,0.170100000000,0.174700000000,0.146900000000,0.187400000000,0.441300000000,0.258200000000,0.379100000000,0.227900000000,0.175000000000,0.195800000000,0.164400000000,0.207000000000,0.460000000000,0.278500000000,0.398400000000,0.246000000000,0.193600000000,0.186900000000,0.155300000000,0.197900000000,0.452400000000,0.269900000000,0.390100000000,0.237700000000,0.185200000000,845.2184621420001
baseline,50,97.871795,21.176638,4.0,97.87,21.18,850.2943424170003,0,,0.144700000000,0.161100000000,0.162000000000,0.247800000000,0.252500000000,0.376600000000,0.241800000000,0.176600000000,0.148300000000,0.164500000000,0.165700000000,0.251500000000,0.256100000000,0.380100000000,0.244700000000,0.179800000000,0.147500000000,0.161800000000,0.165200000000,0.254500000000,0.259800000000,0.382000000000,0.239200000000,0.177800000000,0.137200000000,0.150700000000,0.153600000000,0.243500000000,0.248500000000,0.372000000000,0.228100000000,0.167600000000,0.134400000000,0.148100000000,0.150800000000,0.240500000000,0.246000000000,0.370600000000,0.226400000000,0.166900000000,0.145100000000,0.156600000000,0.160700000000,0.250800000000,0.255700000000,0.380100000000,0.233600000000,0.175900000000,0.161300000000,0.166900000000,0.174900000000,0.265000000000,0.270300000000,0.392800000000,0.244100000000,0.187200000000,0.156200000000,0.161000000000,0.169100000000,0.259300000000,0.264800000000,0.387200000000,0.238900000000,0.181400000000,850.3453419860002
contact,50,97.871795,21.176638,4.0,97.87,21.18,850.2943424170003,4.5533,862.767856813,0.140800000000,0.158300000000,0.157800000000,0.249000000000,0.253600000000,0.375200000000,0.244200000000,0.175700000000,0.144100000000,0.161400000000,0.161200000000,0.252600000000,0.257000000000,0.378100000000,0.247100000000,0.178500000000,0.143900000000,0.159900000000,0.160700000000,0.256600000000,0.261900000000,0.383300000000,0.243300000000,0.180000000000,0.134000000000,0.149400000000,0.149900000000,0.245800000000,0.251400000000,0.373400000000,0.233100000000,0.169600000000,0.130900000000,0.146500000000,0.146300000000,0.242500000000,0.248300000000,0.370800000000,0.230400000000,0.166900000000,0.140800000000,0.153700000000,0.155200000000,0.251800000000,0.257300000000,0.378200000000,0.235500000000,0.174500000000,0.157300000000,0.164800000000,0.170100000000,0.266000000000,0.271400000000,0.391100000000,0.247000000000,0.187400000000,0.151300000000,0.158200000000,0.163800000000,0.259900000000,0.265400000000,0.385600000000,0.241100000000,0.181200000000,863.793611693
baseline,51,107.717949,27.524217,4.0,107.72,27.52,866.2602429760004,0,,0.141200000000,0.158800000000,0.157900000000,0.248100000000,0.251900000000,0.378400000000,0.242500000000,0.178300000000,0.144700000000,0.162100000000,0.161500000000,0.251800000000,0.255700000000,0.381700000000,0.245400000000,0.181400000000,0.144600000000,0.160700000000,0.160900000000,0.255400000000,0.260000000000,0.386100000000,0.241100000000,0.181600000000,0.134000000000,0.149700000000,0.149400000000,0.244100000000,0.248900000000,0.376100000000,0.230300000000,0.171400000000,0.131200000000,0.146800000000,0.146100000000,0.241100000000,0.246000000000,0.374200000000,0.227900000000,0.169700000000,0.139900000000,0.153200000000,0.154200000000,0.249500000000,0.254400000000,0.381100000000,0.233100000000,0.176700000000,0.158600000000,0.166600000000,0.171400000000,0.266300000000,0.271000000000,0.396000000000,0.246700000000,0.190400000000,0.150800000000,0.158000000000,0.163100000000,0.258300000000,0.263600000000,0.388100000000,0.238900000000,0.182400000000,866.325107354
contact,51,107.717949,27.524217,4.0,107.72,27.52,866.2602429760004,4.3902,879.3056340450003,0.139200000000,0.157000000000,0.156500000000,0.245300000000,0.251200000000,0.378800000000,0.244500000000,0.186600000000,0.142300000000,0.160200000000,0.159900000000,0.248700000000,0.254000000000,0.381700000000,0.246700000000,0.189200000000,0.142900000000,0.159300000000,0.160000000000,0.252500000000,0.258600000000,0.385500000000,0.248600000000,0.193000000000,0.132500000000,0.148400000000,0.148400000000,0.241000000000,0.247100000000,0.375200000000,0.237000000000,0.182400000000,0.130000000000,0.145900000000,0.145300000000,0.238400000000,0.244300000000,0.373900000000,0.234700000000,0.181000000000,0.140000000000,0.152900000000,0.154400000000,0.247700000000,0.254300000000,0.381600000000,0.238500000000,0.187600000000,0.157100000000,0.164700000000,0.169900000000,0.263100000000,0.268700000000,0.395100000000,0.250000000000,0.198900000000,0.150400000000,0.157300000000,0.162800000000,0.256200000000,0.262600000000,0.388800000000,0.243400000000,0.192000000000,880.307841367
baseline,52,106.076923,19.615385,1.0,106.08,19.62,882.518912426,0,,0.140100000000,0.157500000000,0.157100000000,0.247300000000,0.251000000000,0.377700000000,0.250000000000,0.184200000000,0.143400000000,0.160900000000,0.160800000000,0.251100000000,0.254500000000,0.380400000000,0.252800000000,0.187100000000,0.143600000000,0.159900000000,0.160500000000,0.254700000000,0.258800000000,0.383500000000,0.250800000000,0.187700000000,0.133400000000,0.149100000000,0.149000000000,0.243500000000,0.247500000000,0.373500000000,0.239500000000,0.177600000000,0.130700000000,0.146400000000,0.145800000000,0.240700000000,0.245400000000,0.372300000000,0.236800000000,0.176100000000,0.142400000000,0.155200000000,0.156500000000,0.251900000000,0.255700000000,0.381300000000,0.241800000000,0.184400000000,0.156200000000,0.163500000000,0.168600000000,0.263800000000,0.267700000000,0.391900000000,0.249900000000,0.192900000000,0.153100000000,0.160000000000,0.165200000000,0.260700000000,0.264400000000,0.389300000000,0.247000000000,0.189700000000,882.5702110340003
contact,52,106.076923,19.615385,1.0,106.08,19.62,882.518912426,1.0649,891.8481442550001,0.139100000000,0.156800000000,0.155700000000,0.250000000000,0.250400000000,0.374800000000,0.250600000000,0.178600000000,0.142300000000,0.160000000000,0.159500000000,0.253600000000,0.253300000000,0.378000000000,0.253400000000,0.181300000000,0.141600000000,0.158400000000,0.158200000000,0.255700000000,0.257000000000,0.379700000000,0.249100000000,0.180100000000,0.131800000000,0.147400000000,0.146800000000,0.244700000000,0.245500000000,0.369400000000,0.237900000000,0.169600000000,0.129200000000,0.144800000000,0.143900000000,0.242000000000,0.242900000000,0.367700000000,0.235500000000,0.168200000000,0.139900000000,0.153200000000,0.153800000000,0.252200000000,0.253600000000,0.376800000000,0.241900000000,0.176500000000,0.154500000000,0.162500000000,0.166700000000,0.265000000000,0.266200000000,0.388900000000,0.251100000000,0.187100000000,0.151000000000,0.158400000000,0.163100000000,0.261600000000,0.262600000000,0.385600000000,0.247800000000,0.183500000000,892.8887779820002
baseline,53,71.615385,28.401709,4.0,71.62,28.4,897.0663693450001,0,,0.138900000000,0.156700000000,0.155500000000,0.249900000000,0.249800000000,0.374900000000,0.246800000000,0.178200000000,0.142300000000,0.159900000000,0.159200000000,0.253500000000,0.253400000000,0.378100000000,0.249000000000,0.181000000000,0.142400000000,0.159200000000,0.158800000000,0.256700000000,0.257400000000,0.380900000000,0.245600000000,0.180600000000,0.131800000000,0.147200000000,0.146500000000,0.244600000000,0.245500000000,0.370600000000,0.234200000000,0.170000000000,0.129100000000,0.145000000000,0.143800000000,0.242000000000,0.242600000000,0.368700000000,0.231800000000,0.168700000000,0.139300000000,0.152600000000,0.153100000000,0.251700000000,0.252400000000,0.377200000000,0.237300000000,0.176600000000,0.158700000000,0.166700000000,0.170900000000,0.269200000000,0.269900000000,0.393000000000,0.250500000000,0.190800000000,0.149100000000,0.156500000000,0.161000000000,0.259700000000,0.260500000000,0.384200000000,0.241500000000,0.181500000000,897.0838221250001
contact,53,71.615385,28.401709,4.0,71.62,28.4,897.0663693450001,4.1045,909.4453943650001,0.138200000000,0.156100000000,0.157900000000,0.250300000000,0.251100000000,0.372900000000,0.244600000000,0.176200000000,0.141300000000,0.158900000000,0.160800000000,0.253300000000,0.254200000000,0.375800000000,0.247100000000,0.178800000000,0.140900000000,0.157600000000,0.160800000000,0.256600000000,0.257800000000,0.377400000000,0.242900000000,0.177900000000,0.130400000000,0.146000000000,0.149000000000,0.244900000000,0.246000000000,0.366900000000,0.231000000000,0.166900000000,0.127400000000,0.143000000000,0.145600000000,0.241700000000,0.243200000000,0.365100000000,0.228100000000,0.165300000000,0.135100000000,0.148600000000,0.152200000000,0.248800000000,0.250000000000,0.371200000000,0.232000000000,0.171000000000,0.156400000000,0.164300000000,0.171500000000,0.268300000000,0.269600000000,0.389400000000,0.247400000000,0.187600000000,0.148200000000,0.155300000000,0.162900000000,0.260100000000,0.261300000000,0.382000000000,0.239400000000,0.179300000000,910.4656254580004
baseline,54,60.128205,24.863248,1.0,60.13,24.86,912.9568199940004,0,,0.138500000000,0.156300000000,0.156700000000,0.252600000000,0.252200000000,0.373500000000,0.244600000000,0.176400000000,0.141800000000,0.159300000000,0.160000000000,0.256000000000,0.255500000000,0.376500000000,0.247300000000,0.179400000000,0.142400000000,0.158900000000,0.160100000000,0.259500000000,0.259800000000,0.379000000000,0.244200000000,0.179300000000,0.131100000000,0.146700000000,0.147200000000,0.246600000000,0.247400000000,0.367600000000,0.231400000000,0.167500000000,0.127800000000,0.143500000000,0.143300000000,0.243000000000,0.243500000000,0.365500000000,0.228600000000,0.165800000000,0.138300000000,0.152000000000,0.153000000000,0.252900000000,0.253200000000,0.373900000000,0.235000000000,0.174100000000,0.156800000000,0.164800000000,0.169600000000,0.269300000000,0.269800000000,0.389500000000,0.247700000000,0.188000000000,0.148700000000,0.156100000000,0.161100000000,0.261200000000,0.261800000000,0.382300000000,0.239800000000,0.179900000000,912.9964127390003
contact,54,60.128205,24.863248,1.0,60.13,24.86,912.9568199940004,1.2288,923.9995659670003,0.137500000000,0.156900000000,0.156100000000,0.255700000000,0.250400000000,0.371600000000,0.244500000000,0.175900000000,0.140400000000,0.159900000000,0.159500000000,0.259000000000,0.253600000000,0.374500000000,0.247200000000,0.178800000000,0.138700000000,0.158900000000,0.158600000000,0.261700000000,0.257100000000,0.376600000000,0.242700000000,0.177700000000,0.127900000000,0.147400000000,0.146700000000,0.249700000000,0.245000000000,0.366200000000,0.230900000000,0.166700000000,0.125800000000,0.144700000000,0.143300000000,0.246300000000,0.241800000000,0.364200000000,0.228300000000,0.165100000000,0.133600000000,0.150300000000,0.150100000000,0.253500000000,0.248800000000,0.370400000000,0.232400000000,0.171000000000,0.154400000000,0.164900000000,0.168800000000,0.272100000000,0.267500000000,0.387400000000,0.246700000000,0.186500000000,0.147200000000,0.157100000000,0.161300000000,0.264800000000,0.260400000000,0.380700000000,0.239700000000,0.179300000000,925.0474838950004
baseline,55,97.871795,26.116809,3.0,97.87,26.12,929.4321453820003,0,,0.138300000000,0.155300000000,0.154400000000,0.255900000000,0.249900000000,0.371300000000,0.244200000000,0.175800000000,0.141600000000,0.158400000000,0.157700000000,0.259200000000,0.253200000000,0.374300000000,0.246800000000,0.178700000000,0.142600000000,0.158000000000,0.157800000000,0.262400000000,0.257100000000,0.376700000000,0.242900000000,0.177900000000,0.131400000000,0.145900000000,0.145200000000,0.249800000000,0.244400000000,0.365500000000,0.230600000000,0.166400000000,0.128100000000,0.143000000000,0.141700000000,0.246400000000,0.241200000000,0.363200000000,0.227800000000,0.164800000000,0.135300000000,0.148300000000,0.148100000000,0.253200000000,0.247800000000,0.369500000000,0.231600000000,0.170400000000,0.156800000000,0.164100000000,0.167800000000,0.272700000000,0.268000000000,0.387700000000,0.246900000000,0.187000000000,0.148800000000,0.155600000000,0.159400000000,0.264600000000,0.259900000000,0.380100000000,0.239200000000,0.179000000000,929.4416274170003
